file_path,refactoring_type,lines_changed,cyclomatic_complexity,nesting_depth,commit_sha,commit_idx,refactoring_idx,description,has_left_locations,has_right_locations
src/main/java/org/apache/commons/lang3/time/FastDatePrinter.java,Replace Conditional With Ternary,5,1,1,a265d47580e5a431b1aebb8bca7b1e4dc1ea83f4,4,0,"Replace Conditional With Ternary if(tokenLen >= 4) to rule=new TimeZoneNameRule(timeZone,locale,tokenLen >= 4 ? TimeZone.LONG : TimeZone.SHORT); in method protected parsePattern() : List<Rule> from class org.apache.commons.lang3.time.FastDatePrinter",True,True
src/main/java/org/apache/commons/lang3/time/FastDatePrinter.java,Extract Variable,7,1,1,ddb1872e97bfa8ba8b1e43472dece97fe4be3225,6,0,"Extract Variable c2 : char in method protected parseToken(pattern String, indexRef int[]) : String from class org.apache.commons.lang3.time.FastDatePrinter",True,True
src/main/java/org/apache/commons/lang3/time/FastDatePrinter.java,Extract Variable,39,1,1,ddb1872e97bfa8ba8b1e43472dece97fe4be3225,6,1,"Extract Variable c1 : char in method protected parseToken(pattern String, indexRef int[]) : String from class org.apache.commons.lang3.time.FastDatePrinter",True,True
src/main/java/org/apache/commons/lang3/math/NumberUtils.java,Extract And Move Method,135,1,1,fcf433fe8f9d470b7a076cd4be065af6fabc23d2,7,0,Extract And Move Method public isHex(ch char) : boolean extracted from public isCreatable(str String) : boolean in class org.apache.commons.lang3.math.NumberUtils & moved to class org.apache.commons.lang3.CharUtils,True,True
src/main/java/org/apache/commons/lang3/text/translate/OctalUnescaper.java,Change Method Access Modifier,8,1,1,ec5319a7e354ef09b41a39ab73fa310efd56be30,9,0,Change Method Access Modifier private to public in method public isOctal(ch char) : boolean from class org.apache.commons.lang3.CharUtils,True,True
src/main/java/org/apache/commons/lang3/text/translate/OctalUnescaper.java,Add Method Modifier,8,1,1,ec5319a7e354ef09b41a39ab73fa310efd56be30,9,1,Add Method Modifier static in method public isOctal(ch char) : boolean from class org.apache.commons.lang3.CharUtils,True,True
src/main/java/org/apache/commons/lang3/text/translate/OctalUnescaper.java,Move And Rename Method,8,1,1,ec5319a7e354ef09b41a39ab73fa310efd56be30,9,2,Move And Rename Method private isOctalDigit(ch char) : boolean from class org.apache.commons.lang3.text.translate.OctalUnescaper to public isOctal(ch char) : boolean from class org.apache.commons.lang3.CharUtils,True,True
src/main/java/org/apache/commons/lang3/math/NumberUtils.java,Extract Method,202,1,1,7775bf5a2e0fdb051e826b2092b68f827d54a25f,10,0,Extract Method private isSign(ch char) : boolean extracted from public createNumber(str String) : Number in class org.apache.commons.lang3.math.NumberUtils,True,True
src/main/java/org/apache/commons/lang3/math/NumberUtils.java,Extract Method,19,1,1,7775bf5a2e0fdb051e826b2092b68f827d54a25f,10,1,"Extract Method private isSign(ch char) : boolean extracted from private getMantissa(str String, stopPos int) : String in class org.apache.commons.lang3.math.NumberUtils",True,True
src/main/java/org/apache/commons/lang3/math/NumberUtils.java,Extract Method,133,1,1,7775bf5a2e0fdb051e826b2092b68f827d54a25f,10,2,Extract Method private isSign(ch char) : boolean extracted from public isCreatable(str String) : boolean in class org.apache.commons.lang3.math.NumberUtils,True,True
src/main/java/org/apache/commons/lang3/math/NumberUtils.java,Parameterize Variable,1,1,1,7775bf5a2e0fdb051e826b2092b68f827d54a25f,10,3,Parameterize Variable firstChar : char to ch : char in method private isSign(ch char) : boolean from class org.apache.commons.lang3.math.NumberUtils,True,True
src/main/java/org/apache/commons/lang3/time/FastDatePrinter.java,Add Class Modifier,26,1,1,2660bbad3b319de5f421cbdd0a32285ad71e5df1,11,0,Add Class Modifier final in class org.apache.commons.lang3.time.FastDatePrinter.DayInWeekField,True,True
src/main/java/org/apache/commons/lang3/time/FastDatePrinter.java,Add Class Modifier,85,1,1,2660bbad3b319de5f421cbdd0a32285ad71e5df1,11,1,Add Class Modifier final in class org.apache.commons.lang3.time.FastDatePrinter.Iso8601_Rule,True,True
src/main/java/org/apache/commons/lang3/time/FastDatePrinter.java,Add Class Modifier,32,1,1,2660bbad3b319de5f421cbdd0a32285ad71e5df1,11,2,Add Class Modifier final in class org.apache.commons.lang3.time.FastDatePrinter.StringLiteral,True,True
src/main/java/org/apache/commons/lang3/time/FastDatePrinter.java,Add Class Modifier,42,1,1,2660bbad3b319de5f421cbdd0a32285ad71e5df1,11,3,Add Class Modifier final in class org.apache.commons.lang3.time.FastDatePrinter.TextField,True,True
src/main/java/org/apache/commons/lang3/time/FastDatePrinter.java,Add Class Modifier,53,1,1,2660bbad3b319de5f421cbdd0a32285ad71e5df1,11,4,Add Class Modifier final in class org.apache.commons.lang3.time.FastDatePrinter.TimeZoneDisplayKey,True,True
src/main/java/org/apache/commons/lang3/time/FastDatePrinter.java,Add Class Modifier,44,1,1,2660bbad3b319de5f421cbdd0a32285ad71e5df1,11,5,Add Class Modifier final in class org.apache.commons.lang3.time.FastDatePrinter.TimeZoneNameRule,True,True
src/main/java/org/apache/commons/lang3/time/FastDatePrinter.java,Add Class Modifier,53,1,1,2660bbad3b319de5f421cbdd0a32285ad71e5df1,11,6,Add Class Modifier final in class org.apache.commons.lang3.time.FastDatePrinter.TimeZoneNumberRule,True,True
src/main/java/org/apache/commons/lang3/time/FastDatePrinter.java,Add Class Modifier,44,1,1,2660bbad3b319de5f421cbdd0a32285ad71e5df1,11,7,Add Class Modifier final in class org.apache.commons.lang3.time.FastDatePrinter.TwelveHourField,True,True
src/main/java/org/apache/commons/lang3/time/FastDatePrinter.java,Add Class Modifier,44,1,1,2660bbad3b319de5f421cbdd0a32285ad71e5df1,11,8,Add Class Modifier final in class org.apache.commons.lang3.time.FastDatePrinter.TwentyFourHourField,True,True
src/main/java/org/apache/commons/lang3/time/FastDatePrinter.java,Add Class Modifier,36,1,1,2660bbad3b319de5f421cbdd0a32285ad71e5df1,11,9,Add Class Modifier final in class org.apache.commons.lang3.time.FastDatePrinter.TwoDigitMonthField,True,True
src/main/java/org/apache/commons/lang3/time/FastDatePrinter.java,Remove Method Modifier,7,1,1,2660bbad3b319de5f421cbdd0a32285ad71e5df1,11,10,"Remove Method Modifier final in method public appendTo(buffer Appendable, value int) : void from class org.apache.commons.lang3.time.FastDatePrinter.TwoDigitMonthField",True,True
src/main/java/org/apache/commons/lang3/time/FastDatePrinter.java,Add Class Modifier,43,1,1,2660bbad3b319de5f421cbdd0a32285ad71e5df1,11,11,Add Class Modifier final in class org.apache.commons.lang3.time.FastDatePrinter.TwoDigitNumberField,True,True
src/main/java/org/apache/commons/lang3/time/FastDatePrinter.java,Remove Method Modifier,11,1,1,2660bbad3b319de5f421cbdd0a32285ad71e5df1,11,12,"Remove Method Modifier final in method public appendTo(buffer Appendable, value int) : void from class org.apache.commons.lang3.time.FastDatePrinter.TwoDigitNumberField",True,True
src/main/java/org/apache/commons/lang3/time/FastDatePrinter.java,Add Class Modifier,36,1,1,2660bbad3b319de5f421cbdd0a32285ad71e5df1,11,13,Add Class Modifier final in class org.apache.commons.lang3.time.FastDatePrinter.TwoDigitYearField,True,True
src/main/java/org/apache/commons/lang3/time/FastDatePrinter.java,Remove Method Modifier,7,1,1,2660bbad3b319de5f421cbdd0a32285ad71e5df1,11,14,"Remove Method Modifier final in method public appendTo(buffer Appendable, value int) : void from class org.apache.commons.lang3.time.FastDatePrinter.TwoDigitYearField",True,True
src/main/java/org/apache/commons/lang3/time/FastDatePrinter.java,Add Class Modifier,40,1,1,2660bbad3b319de5f421cbdd0a32285ad71e5df1,11,15,Add Class Modifier final in class org.apache.commons.lang3.time.FastDatePrinter.UnpaddedMonthField,True,True
src/main/java/org/apache/commons/lang3/time/FastDatePrinter.java,Remove Method Modifier,11,1,1,2660bbad3b319de5f421cbdd0a32285ad71e5df1,11,16,"Remove Method Modifier final in method public appendTo(buffer Appendable, value int) : void from class org.apache.commons.lang3.time.FastDatePrinter.UnpaddedMonthField",True,True
src/main/java/org/apache/commons/lang3/time/FastDatePrinter.java,Add Class Modifier,45,1,1,2660bbad3b319de5f421cbdd0a32285ad71e5df1,11,17,Add Class Modifier final in class org.apache.commons.lang3.time.FastDatePrinter.UnpaddedNumberField,True,True
src/main/java/org/apache/commons/lang3/time/FastDatePrinter.java,Remove Method Modifier,13,1,1,2660bbad3b319de5f421cbdd0a32285ad71e5df1,11,18,"Remove Method Modifier final in method public appendTo(buffer Appendable, value int) : void from class org.apache.commons.lang3.time.FastDatePrinter.UnpaddedNumberField",True,True
src/main/java/org/apache/commons/lang3/time/FastDatePrinter.java,Add Class Modifier,25,1,1,2660bbad3b319de5f421cbdd0a32285ad71e5df1,11,19,Add Class Modifier final in class org.apache.commons.lang3.time.FastDatePrinter.WeekYear,True,True
src/main/java/org/apache/commons/lang3/time/FastDatePrinter.java,Add Class Modifier,32,1,1,2660bbad3b319de5f421cbdd0a32285ad71e5df1,11,20,Add Class Modifier final in class org.apache.commons.lang3.time.FastDatePrinter.CharacterLiteral,True,True
src/main/java/org/apache/commons/lang3/time/DateUtils.java,Add Class Modifier,54,1,1,72fdb5c4dca97c22b4d2694fe61302694dbd0a34,12,0,Add Class Modifier final in class org.apache.commons.lang3.time.DateUtils.DateIterator,True,True
src/main/java/org/apache/commons/lang3/time/DurationFormatUtils.java,Add Class Modifier,112,1,1,845ec21036a59268510d6b36a2f50923bc7a2f86,13,0,Add Class Modifier final in class org.apache.commons.lang3.time.DurationFormatUtils.Token,True,True
src/main/java/org/apache/commons/lang3/text/StrLookup.java,Change Class Access Modifier,37,1,1,531925f155c973fb4452ece09406d539de3e8f9b,15,0,Change Class Access Modifier package to private in class org.apache.commons.lang3.text.StrLookup.MapStrLookup,True,True
src/main/java/org/apache/commons/lang3/text/StrLookup.java,Add Class Modifier,37,1,1,531925f155c973fb4452ece09406d539de3e8f9b,15,1,Add Class Modifier final in class org.apache.commons.lang3.text.StrLookup.MapStrLookup,True,True
src/main/java/org/apache/commons/lang3/concurrent/EventCountCircuitBreaker.java,Rename Class,41,1,1,2355c541cbd2e753cfbc69d6ea2e4ffbb21cf7a8,16,0,Rename Class org.apache.commons.lang3.concurrent.EventCountCircuitBreaker.StateStrategy renamed to org.apache.commons.lang3.concurrent.EventCountCircuitBreaker.AbstractStateStrategy,True,True
src/main/java/org/apache/commons/lang3/concurrent/EventCountCircuitBreaker.java,Change Attribute Type,1,1,1,2355c541cbd2e753cfbc69d6ea2e4ffbb21cf7a8,16,1,"Change Attribute Type STRATEGY_MAP : Map<State,StateStrategy> to STRATEGY_MAP : Map<State,AbstractStateStrategy> in class org.apache.commons.lang3.concurrent.EventCountCircuitBreaker",True,True
src/main/java/org/apache/commons/lang3/concurrent/EventCountCircuitBreaker.java,Change Variable Type,1,1,1,2355c541cbd2e753cfbc69d6ea2e4ffbb21cf7a8,16,2,"Change Variable Type map : Map<State,StateStrategy> to map : Map<State,AbstractStateStrategy> in method private createStrategyMap() : Map<State,AbstractStateStrategy> from class org.apache.commons.lang3.concurrent.EventCountCircuitBreaker",True,True
src/main/java/org/apache/commons/lang3/concurrent/EventCountCircuitBreaker.java,Change Return Type,1,1,1,2355c541cbd2e753cfbc69d6ea2e4ffbb21cf7a8,16,3,"Change Return Type Map<State,StateStrategy> to Map<State,AbstractStateStrategy> in method private createStrategyMap() : Map<State,AbstractStateStrategy> from class org.apache.commons.lang3.concurrent.EventCountCircuitBreaker",True,True
src/main/java/org/apache/commons/lang3/concurrent/EventCountCircuitBreaker.java,Change Return Type,1,1,1,2355c541cbd2e753cfbc69d6ea2e4ffbb21cf7a8,16,4,Change Return Type StateStrategy to AbstractStateStrategy in method private stateStrategy(state State) : AbstractStateStrategy from class org.apache.commons.lang3.concurrent.EventCountCircuitBreaker,True,True
src/main/java/org/apache/commons/lang3/StringEscapeUtils.java,Change Class Access Modifier,31,1,1,bf0ea77dbfb6877d8a3385baf9eb470b51a31f47,17,0,Change Class Access Modifier package to private in class org.apache.commons.lang3.StringEscapeUtils.CsvUnescaper,True,True
src/main/java/org/apache/commons/lang3/StringEscapeUtils.java,Add Class Modifier,31,1,1,bf0ea77dbfb6877d8a3385baf9eb470b51a31f47,17,1,Add Class Modifier final in class org.apache.commons.lang3.StringEscapeUtils.CsvUnescaper,True,True
src/main/java/org/apache/commons/lang3/StringEscapeUtils.java,Change Class Access Modifier,24,1,1,bf0ea77dbfb6877d8a3385baf9eb470b51a31f47,17,2,Change Class Access Modifier package to private in class org.apache.commons.lang3.StringEscapeUtils.CsvEscaper,True,True
src/main/java/org/apache/commons/lang3/StringEscapeUtils.java,Add Class Modifier,24,1,1,bf0ea77dbfb6877d8a3385baf9eb470b51a31f47,17,3,Add Class Modifier final in class org.apache.commons.lang3.StringEscapeUtils.CsvEscaper,True,True
src/test/java/org/apache/commons/lang3/reflect/TypeUtilsTest.java,Rename Method,7,1,1,6af506d486c4e910418d84241e1c63a7fd2f3453,23,0,Rename Method package testParameterize() : void renamed to package testParameterizeVarArgs() : void in class org.apache.commons.lang3.reflect.TypeUtilsTest,True,True
src/test/java/org/apache/commons/lang3/reflect/TypeUtilsTest.java,Add Parameter Modifier,1,1,1,6af506d486c4e910418d84241e1c63a7fd2f3453,23,1,Add Parameter Modifier final in parameter type : Type in method package testTypeToString(type Type) : void from class org.apache.commons.lang3.reflect.TypeUtilsTest,True,True
src/test/java/org/apache/commons/lang3/reflect/TypeUtilsTest.java,Rename Method,6,1,1,161e5d7e1ff3cb3c83a6229a0156a4b180688a21,25,0,Rename Method package test_LANG_820() : void renamed to package testNormalizeUpperBounds_LANG_820() : void in class org.apache.commons.lang3.reflect.TypeUtilsTest,True,True
src/test/java/org/apache/commons/lang3/reflect/TypeUtilsTest.java,Rename Variable,1,1,1,b7a82af9d1d1b5323976b67e9dfcc235e2e058f3,28,0,Rename Variable dat2Type : ParameterizedType to dat2Type1 : ParameterizedType in method package testParameterizeWithOwner() : void from class org.apache.commons.lang3.reflect.TypeUtilsTest,True,True
src/test/java/org/apache/commons/lang3/reflect/TypeUtilsTest.java,Add Method Annotation,9,1,1,502fc65ecad2338aaf2bbb24aaeaee13240a5216,34,0,"Add Method Annotation @SuppressWarnings(""unlikely-arg-type"") in method package testGenericArrayType() : void from class org.apache.commons.lang3.reflect.TypeUtilsTest",True,True
src/test/java/org/apache/commons/lang3/reflect/TypeUtilsTest.java,Add Method Annotation,8,1,1,502fc65ecad2338aaf2bbb24aaeaee13240a5216,34,1,"Add Method Annotation @SuppressWarnings(""unlikely-arg-type"") in method package testParameterizeWithOwner() : void from class org.apache.commons.lang3.reflect.TypeUtilsTest",True,True
src/test/java/org/apache/commons/lang3/reflect/TypeUtilsTest.java,Add Method Annotation,8,1,1,502fc65ecad2338aaf2bbb24aaeaee13240a5216,34,2,"Add Method Annotation @SuppressWarnings(""unlikely-arg-type"") in method package testWildcardType() : void from class org.apache.commons.lang3.reflect.TypeUtilsTest",True,True
src/test/java/org/apache/commons/lang3/reflect/TypeUtilsTest.java,Rename Method,16,1,1,f7b5d819230c700ca6ff413003d5d02d0382ba2d,35,0,Rename Method package testDetermineTypeVariableAssignments() : void renamed to package testDetermineTypeArguments() : void in class org.apache.commons.lang3.reflect.TypeUtilsTest,True,True
src/test/java/org/apache/commons/lang3/ArrayUtilsTest.java,Extract Method,11,1,1,53647a31a57a917a3c1fcd19dbd822fb707e0ecf,40,0,Extract Method private seededRandom() : Random extracted from package testShuffleInt() : void in class org.apache.commons.lang3.ArrayUtilsTest,True,True
src/test/java/org/apache/commons/lang3/ArrayUtilsTest.java,Rename Method,12,1,1,0aef0dbb737cfbd7dfc9d26450b76f3b39dd836d,42,0,Rename Method package testCreatePrimitiveArray() : void renamed to package testToPrimitiveArray() : void in class org.apache.commons.lang3.ArrayUtilsTest,True,True
src/test/java/org/apache/commons/lang3/ArrayUtilsTest.java,Rename Method,12,1,1,0aef0dbb737cfbd7dfc9d26450b76f3b39dd836d,42,1,Rename Method package testCreatePrimitiveArrayViaObjectArray() : void renamed to package testToPrimitiveArrayViaObjectArray() : void in class org.apache.commons.lang3.ArrayUtilsTest,True,True
src/test/java/org/apache/commons/lang3/ArrayUtilsTest.java,Rename Method,7,1,1,0a423672fb79d5af4cefd4dde2215af1702c7ae4,46,0,Rename Method package testShiftNullBoolean() : void renamed to package testShiftBooleanArrayNull() : void in class org.apache.commons.lang3.ArrayUtilsTest,True,True
src/test/java/org/apache/commons/lang3/ArrayUtilsTest.java,Rename Method,7,1,1,0a423672fb79d5af4cefd4dde2215af1702c7ae4,46,1,Rename Method package testShiftNullDouble() : void renamed to package testShiftDoubleArrayNull() : void in class org.apache.commons.lang3.ArrayUtilsTest,True,True
src/test/java/org/apache/commons/lang3/ArrayUtilsTest.java,Rename Method,7,1,1,0a423672fb79d5af4cefd4dde2215af1702c7ae4,46,2,Rename Method package testShiftNullFloat() : void renamed to package testShiftFloatArrayNull() : void in class org.apache.commons.lang3.ArrayUtilsTest,True,True
src/test/java/org/apache/commons/lang3/ArrayUtilsTest.java,Rename Method,7,1,1,0a423672fb79d5af4cefd4dde2215af1702c7ae4,46,3,Rename Method package testShiftNullInt() : void renamed to package testShiftIntArrayNull() : void in class org.apache.commons.lang3.ArrayUtilsTest,True,True
src/test/java/org/apache/commons/lang3/ArrayUtilsTest.java,Rename Method,7,1,1,0a423672fb79d5af4cefd4dde2215af1702c7ae4,46,4,Rename Method package testShiftNullLong() : void renamed to package testShiftLongArrayNull() : void in class org.apache.commons.lang3.ArrayUtilsTest,True,True
src/test/java/org/apache/commons/lang3/ArrayUtilsTest.java,Rename Method,7,1,1,0a423672fb79d5af4cefd4dde2215af1702c7ae4,46,5,Rename Method package testShiftNullObject() : void renamed to package testShiftObjectArrayNull() : void in class org.apache.commons.lang3.ArrayUtilsTest,True,True
src/test/java/org/apache/commons/lang3/ArrayUtilsTest.java,Rename Method,7,1,1,0a423672fb79d5af4cefd4dde2215af1702c7ae4,46,6,Rename Method package testShiftNullShort() : void renamed to package testShiftShortArrayNull() : void in class org.apache.commons.lang3.ArrayUtilsTest,True,True
src/main/java/org/apache/commons/lang3/function/Predicates.java,Rename Attribute,1,1,1,4a52216872d7086c2dc5eaeeefd7eec7310124e1,48,0,Rename Attribute ALWAYS_TRUE : Predicate<?> to TRUE : Predicate<?> in class org.apache.commons.lang3.function.Predicates,True,True
src/main/java/org/apache/commons/lang3/function/Predicates.java,Rename Attribute,1,1,1,4a52216872d7086c2dc5eaeeefd7eec7310124e1,48,1,Rename Attribute ALWAYS_FALSE : Predicate<?> to FALSE : Predicate<?> in class org.apache.commons.lang3.function.Predicates,True,True
src/test/java/org/apache/commons/lang3/concurrent/locks/LockingVisitorsTest.java,Rename Variable,1,1,1,b6f72e73ee96feb63e17096933fd5b7f313fb77b,54,0,Rename Variable res : AtomicInteger to obj : AtomicInteger in method package testCreate() : void from class org.apache.commons.lang3.concurrent.locks.LockingVisitorsTest,True,True
src/test/java/org/apache/commons/lang3/concurrent/locks/LockingVisitorsTest.java,Rename Variable,1,1,1,b6f72e73ee96feb63e17096933fd5b7f313fb77b,54,1,Rename Variable rwLock : ReadWriteLock to lock : ReadWriteLock in method package testCreate() : void from class org.apache.commons.lang3.concurrent.locks.LockingVisitorsTest,True,True
src/test/java/org/apache/commons/lang3/ArrayUtilsTest.java,Extract And Move Method,7,1,1,6b93cbe15693055e50a7f8550bd2baa93fa7f870,55,0,Extract And Move Method public assertNullPointerException(executable Executable) : NullPointerException extracted from package testArraycopyFunction() : void in class org.apache.commons.lang3.ArrayUtilsTest & moved to class org.apache.commons.lang3.LangAssertions,True,True
src/test/java/org/apache/commons/lang3/ArrayUtilsTest.java,Extract And Move Method,7,1,1,6b93cbe15693055e50a7f8550bd2baa93fa7f870,55,1,Extract And Move Method public assertNullPointerException(executable Executable) : NullPointerException extracted from package testArraycopySupplier() : void in class org.apache.commons.lang3.ArrayUtilsTest & moved to class org.apache.commons.lang3.LangAssertions,True,True
src/test/java/org/apache/commons/lang3/ArrayUtilsTest.java,Extract And Move Method,4,1,1,6b93cbe15693055e50a7f8550bd2baa93fa7f870,55,2,Extract And Move Method public assertNullPointerException(executable Executable) : NullPointerException extracted from package testIsSortedNullComparator() : void in class org.apache.commons.lang3.ArrayUtilsTest & moved to class org.apache.commons.lang3.LangAssertions,True,True
src/test/java/org/apache/commons/lang3/BooleanUtilsTest.java,Extract And Move Method,4,1,1,6b93cbe15693055e50a7f8550bd2baa93fa7f870,55,3,Extract And Move Method public assertNullPointerException(executable Executable) : NullPointerException extracted from package testAnd_object_nullInput() : void in class org.apache.commons.lang3.BooleanUtilsTest & moved to class org.apache.commons.lang3.LangAssertions,True,True
src/test/java/org/apache/commons/lang3/BooleanUtilsTest.java,Extract And Move Method,4,1,1,6b93cbe15693055e50a7f8550bd2baa93fa7f870,55,4,Extract And Move Method public assertNullPointerException(executable Executable) : NullPointerException extracted from package testAnd_primitive_nullInput() : void in class org.apache.commons.lang3.BooleanUtilsTest & moved to class org.apache.commons.lang3.LangAssertions,True,True
src/test/java/org/apache/commons/lang3/BooleanUtilsTest.java,Extract And Move Method,4,1,1,6b93cbe15693055e50a7f8550bd2baa93fa7f870,55,5,Extract And Move Method public assertNullPointerException(executable Executable) : NullPointerException extracted from package testOneHot_object_nullInput() : void in class org.apache.commons.lang3.BooleanUtilsTest & moved to class org.apache.commons.lang3.LangAssertions,True,True
src/test/java/org/apache/commons/lang3/BooleanUtilsTest.java,Extract And Move Method,4,1,1,6b93cbe15693055e50a7f8550bd2baa93fa7f870,55,6,Extract And Move Method public assertNullPointerException(executable Executable) : NullPointerException extracted from package testOneHot_primitive_nullInput() : void in class org.apache.commons.lang3.BooleanUtilsTest & moved to class org.apache.commons.lang3.LangAssertions,True,True
src/test/java/org/apache/commons/lang3/BooleanUtilsTest.java,Extract And Move Method,4,1,1,6b93cbe15693055e50a7f8550bd2baa93fa7f870,55,7,Extract And Move Method public assertNullPointerException(executable Executable) : NullPointerException extracted from package testOr_object_nullInput() : void in class org.apache.commons.lang3.BooleanUtilsTest & moved to class org.apache.commons.lang3.LangAssertions,True,True
src/test/java/org/apache/commons/lang3/BooleanUtilsTest.java,Extract And Move Method,4,1,1,6b93cbe15693055e50a7f8550bd2baa93fa7f870,55,8,Extract And Move Method public assertNullPointerException(executable Executable) : NullPointerException extracted from package testOr_primitive_nullInput() : void in class org.apache.commons.lang3.BooleanUtilsTest & moved to class org.apache.commons.lang3.LangAssertions,True,True
src/test/java/org/apache/commons/lang3/BooleanUtilsTest.java,Extract And Move Method,4,1,1,6b93cbe15693055e50a7f8550bd2baa93fa7f870,55,9,Extract And Move Method public assertNullPointerException(executable Executable) : NullPointerException extracted from package testXor_object_nullInput() : void in class org.apache.commons.lang3.BooleanUtilsTest & moved to class org.apache.commons.lang3.LangAssertions,True,True
src/test/java/org/apache/commons/lang3/BooleanUtilsTest.java,Extract And Move Method,4,1,1,6b93cbe15693055e50a7f8550bd2baa93fa7f870,55,10,Extract And Move Method public assertNullPointerException(executable Executable) : NullPointerException extracted from package testXor_primitive_nullInput() : void in class org.apache.commons.lang3.BooleanUtilsTest & moved to class org.apache.commons.lang3.LangAssertions,True,True
src/test/java/org/apache/commons/lang3/CharRangeTest.java,Extract And Move Method,6,1,1,6b93cbe15693055e50a7f8550bd2baa93fa7f870,55,11,Extract And Move Method public assertNullPointerException(executable Executable) : NullPointerException extracted from package testContainsNullArg() : void in class org.apache.commons.lang3.CharRangeTest & moved to class org.apache.commons.lang3.LangAssertions,True,True
src/test/java/org/apache/commons/lang3/CharUtilsTest.java,Extract And Move Method,6,1,1,6b93cbe15693055e50a7f8550bd2baa93fa7f870,55,12,Extract And Move Method public assertNullPointerException(executable Executable) : NullPointerException extracted from package testToChar_Character() : void in class org.apache.commons.lang3.CharUtilsTest & moved to class org.apache.commons.lang3.LangAssertions,True,True
src/test/java/org/apache/commons/lang3/CharUtilsTest.java,Extract And Move Method,7,1,1,6b93cbe15693055e50a7f8550bd2baa93fa7f870,55,13,Extract And Move Method public assertNullPointerException(executable Executable) : NullPointerException extracted from package testToChar_String() : void in class org.apache.commons.lang3.CharUtilsTest & moved to class org.apache.commons.lang3.LangAssertions,True,True
src/test/java/org/apache/commons/lang3/CharUtilsTest.java,Extract And Move Method,7,1,1,6b93cbe15693055e50a7f8550bd2baa93fa7f870,55,14,Extract And Move Method public assertNullPointerException(executable Executable) : NullPointerException extracted from package testToIntValue_Character() : void in class org.apache.commons.lang3.CharUtilsTest & moved to class org.apache.commons.lang3.LangAssertions,True,True
src/test/java/org/apache/commons/lang3/ClassPathUtilsTest.java,Extract And Move Method,4,1,1,6b93cbe15693055e50a7f8550bd2baa93fa7f870,55,15,Extract And Move Method public assertNullPointerException(executable Executable) : NullPointerException extracted from package testToFullyQualifiedNameClassNull() : void in class org.apache.commons.lang3.ClassPathUtilsTest & moved to class org.apache.commons.lang3.LangAssertions,True,True
src/test/java/org/apache/commons/lang3/ClassPathUtilsTest.java,Extract And Move Method,4,1,1,6b93cbe15693055e50a7f8550bd2baa93fa7f870,55,16,Extract And Move Method public assertNullPointerException(executable Executable) : NullPointerException extracted from package testToFullyQualifiedPathClassNull() : void in class org.apache.commons.lang3.ClassPathUtilsTest & moved to class org.apache.commons.lang3.LangAssertions,True,True
src/test/java/org/apache/commons/lang3/DoubleRangeTest.java,Extract And Move Method,10,1,1,6b93cbe15693055e50a7f8550bd2baa93fa7f870,55,17,Extract And Move Method public assertNullPointerException(executable Executable) : NullPointerException extracted from package testElementCompareTo() : void in class org.apache.commons.lang3.DoubleRangeTest & moved to class org.apache.commons.lang3.LangAssertions,True,True
src/test/java/org/apache/commons/lang3/DoubleRangeTest.java,Extract And Move Method,6,1,1,6b93cbe15693055e50a7f8550bd2baa93fa7f870,55,18,Extract And Move Method public assertNullPointerException(executable Executable) : NullPointerException extracted from package testFitNull() : void in class org.apache.commons.lang3.DoubleRangeTest & moved to class org.apache.commons.lang3.LangAssertions,True,True
src/test/java/org/apache/commons/lang3/DoubleRangeTest.java,Extract And Move Method,12,1,1,6b93cbe15693055e50a7f8550bd2baa93fa7f870,55,19,Extract And Move Method public assertNullPointerException(executable Executable) : NullPointerException extracted from package testOfWithContains() : void in class org.apache.commons.lang3.DoubleRangeTest & moved to class org.apache.commons.lang3.LangAssertions,True,True
src/test/java/org/apache/commons/lang3/EnumUtilsTest.java,Extract And Move Method,4,1,1,6b93cbe15693055e50a7f8550bd2baa93fa7f870,55,20,Extract And Move Method public assertNullPointerException(executable Executable) : NullPointerException extracted from package testGenerateBitVector_nullArray() : void in class org.apache.commons.lang3.EnumUtilsTest & moved to class org.apache.commons.lang3.LangAssertions,True,True
src/test/java/org/apache/commons/lang3/EnumUtilsTest.java,Extract And Move Method,4,1,1,6b93cbe15693055e50a7f8550bd2baa93fa7f870,55,21,Extract And Move Method public assertNullPointerException(executable Executable) : NullPointerException extracted from package testGenerateBitVector_nullClass() : void in class org.apache.commons.lang3.EnumUtilsTest & moved to class org.apache.commons.lang3.LangAssertions,True,True
src/test/java/org/apache/commons/lang3/EnumUtilsTest.java,Extract And Move Method,4,1,1,6b93cbe15693055e50a7f8550bd2baa93fa7f870,55,22,Extract And Move Method public assertNullPointerException(executable Executable) : NullPointerException extracted from package testGenerateBitVector_nullClassWithArray() : void in class org.apache.commons.lang3.EnumUtilsTest & moved to class org.apache.commons.lang3.LangAssertions,True,True
src/test/java/org/apache/commons/lang3/EnumUtilsTest.java,Extract And Move Method,4,1,1,6b93cbe15693055e50a7f8550bd2baa93fa7f870,55,23,Extract And Move Method public assertNullPointerException(executable Executable) : NullPointerException extracted from package testGenerateBitVectors_nullArray() : void in class org.apache.commons.lang3.EnumUtilsTest & moved to class org.apache.commons.lang3.LangAssertions,True,True
src/test/java/org/apache/commons/lang3/EnumUtilsTest.java,Extract And Move Method,4,1,1,6b93cbe15693055e50a7f8550bd2baa93fa7f870,55,24,Extract And Move Method public assertNullPointerException(executable Executable) : NullPointerException extracted from package testGenerateBitVectors_nullClass() : void in class org.apache.commons.lang3.EnumUtilsTest & moved to class org.apache.commons.lang3.LangAssertions,True,True
src/test/java/org/apache/commons/lang3/EnumUtilsTest.java,Extract And Move Method,4,1,1,6b93cbe15693055e50a7f8550bd2baa93fa7f870,55,25,Extract And Move Method public assertNullPointerException(executable Executable) : NullPointerException extracted from package testGenerateBitVectors_nullClassWithArray() : void in class org.apache.commons.lang3.EnumUtilsTest & moved to class org.apache.commons.lang3.LangAssertions,True,True
src/test/java/org/apache/commons/lang3/EnumUtilsTest.java,Extract And Move Method,4,1,1,6b93cbe15693055e50a7f8550bd2baa93fa7f870,55,26,Extract And Move Method public assertNullPointerException(executable Executable) : NullPointerException extracted from package testGenerateBitVectors_nullIterable() : void in class org.apache.commons.lang3.EnumUtilsTest & moved to class org.apache.commons.lang3.LangAssertions,True,True
src/test/java/org/apache/commons/lang3/EnumUtilsTest.java,Extract And Move Method,4,1,1,6b93cbe15693055e50a7f8550bd2baa93fa7f870,55,27,Extract And Move Method public assertNullPointerException(executable Executable) : NullPointerException extracted from package testGetEnum_nullClass() : void in class org.apache.commons.lang3.EnumUtilsTest & moved to class org.apache.commons.lang3.LangAssertions,True,True
src/test/java/org/apache/commons/lang3/EnumUtilsTest.java,Extract And Move Method,4,1,1,6b93cbe15693055e50a7f8550bd2baa93fa7f870,55,28,Extract And Move Method public assertNullPointerException(executable Executable) : NullPointerException extracted from package testGetEnumIgnoreCase_nullClass() : void in class org.apache.commons.lang3.EnumUtilsTest & moved to class org.apache.commons.lang3.LangAssertions,True,True
src/test/java/org/apache/commons/lang3/EnumUtilsTest.java,Extract And Move Method,4,1,1,6b93cbe15693055e50a7f8550bd2baa93fa7f870,55,29,Extract And Move Method public assertNullPointerException(executable Executable) : NullPointerException extracted from package testIsValidEnum_nullClass() : void in class org.apache.commons.lang3.EnumUtilsTest & moved to class org.apache.commons.lang3.LangAssertions,True,True
src/test/java/org/apache/commons/lang3/EnumUtilsTest.java,Extract And Move Method,4,1,1,6b93cbe15693055e50a7f8550bd2baa93fa7f870,55,30,Extract And Move Method public assertNullPointerException(executable Executable) : NullPointerException extracted from package testIsValidEnumIgnoreCase_nullClass() : void in class org.apache.commons.lang3.EnumUtilsTest & moved to class org.apache.commons.lang3.LangAssertions,True,True
src/test/java/org/apache/commons/lang3/EnumUtilsTest.java,Extract And Move Method,5,1,1,6b93cbe15693055e50a7f8550bd2baa93fa7f870,55,31,Extract And Move Method public assertNullPointerException(executable Executable) : NullPointerException extracted from package testProcessBitVector_nullClass() : void in class org.apache.commons.lang3.EnumUtilsTest & moved to class org.apache.commons.lang3.LangAssertions,True,True
src/test/java/org/apache/commons/lang3/EnumUtilsTest.java,Extract And Move Method,5,1,1,6b93cbe15693055e50a7f8550bd2baa93fa7f870,55,32,Extract And Move Method public assertNullPointerException(executable Executable) : NullPointerException extracted from package testProcessBitVectors_nullClass() : void in class org.apache.commons.lang3.EnumUtilsTest & moved to class org.apache.commons.lang3.LangAssertions,True,True
src/test/java/org/apache/commons/lang3/IntegerRangeTest.java,Extract And Move Method,10,1,1,6b93cbe15693055e50a7f8550bd2baa93fa7f870,55,33,Extract And Move Method public assertNullPointerException(executable Executable) : NullPointerException extracted from package testElementCompareTo() : void in class org.apache.commons.lang3.IntegerRangeTest & moved to class org.apache.commons.lang3.LangAssertions,True,True
src/test/java/org/apache/commons/lang3/IntegerRangeTest.java,Extract And Move Method,6,1,1,6b93cbe15693055e50a7f8550bd2baa93fa7f870,55,34,Extract And Move Method public assertNullPointerException(executable Executable) : NullPointerException extracted from package testFitNull() : void in class org.apache.commons.lang3.IntegerRangeTest & moved to class org.apache.commons.lang3.LangAssertions,True,True
src/test/java/org/apache/commons/lang3/IntegerRangeTest.java,Extract And Move Method,12,1,1,6b93cbe15693055e50a7f8550bd2baa93fa7f870,55,35,Extract And Move Method public assertNullPointerException(executable Executable) : NullPointerException extracted from package testOfWithContains() : void in class org.apache.commons.lang3.IntegerRangeTest & moved to class org.apache.commons.lang3.LangAssertions,True,True
src/test/java/org/apache/commons/lang3/LongRangeTest.java,Extract And Move Method,10,1,1,6b93cbe15693055e50a7f8550bd2baa93fa7f870,55,36,Extract And Move Method public assertNullPointerException(executable Executable) : NullPointerException extracted from package testElementCompareTo() : void in class org.apache.commons.lang3.LongRangeTest & moved to class org.apache.commons.lang3.LangAssertions,True,True
src/test/java/org/apache/commons/lang3/LongRangeTest.java,Extract And Move Method,6,1,1,6b93cbe15693055e50a7f8550bd2baa93fa7f870,55,37,Extract And Move Method public assertNullPointerException(executable Executable) : NullPointerException extracted from package testFitNull() : void in class org.apache.commons.lang3.LongRangeTest & moved to class org.apache.commons.lang3.LangAssertions,True,True
src/test/java/org/apache/commons/lang3/LongRangeTest.java,Extract And Move Method,12,1,1,6b93cbe15693055e50a7f8550bd2baa93fa7f870,55,38,Extract And Move Method public assertNullPointerException(executable Executable) : NullPointerException extracted from package testOfWithContains() : void in class org.apache.commons.lang3.LongRangeTest & moved to class org.apache.commons.lang3.LangAssertions,True,True
src/test/java/org/apache/commons/lang3/ObjectUtilsTest.java,Extract And Move Method,15,1,1,6b93cbe15693055e50a7f8550bd2baa93fa7f870,55,39,Extract And Move Method public assertNullPointerException(executable Executable) : NullPointerException extracted from package testIdentityToStringAppendable() : void in class org.apache.commons.lang3.ObjectUtilsTest & moved to class org.apache.commons.lang3.LangAssertions,True,True
src/test/java/org/apache/commons/lang3/ObjectUtilsTest.java,Extract And Move Method,13,1,1,6b93cbe15693055e50a7f8550bd2baa93fa7f870,55,40,Extract And Move Method public assertNullPointerException(executable Executable) : NullPointerException extracted from package testIdentityToStringStrBuilder() : void in class org.apache.commons.lang3.ObjectUtilsTest & moved to class org.apache.commons.lang3.LangAssertions,True,True
src/test/java/org/apache/commons/lang3/ObjectUtilsTest.java,Extract And Move Method,12,1,1,6b93cbe15693055e50a7f8550bd2baa93fa7f870,55,41,Extract And Move Method public assertNullPointerException(executable Executable) : NullPointerException extracted from package testIdentityToStringStringBuffer() : void in class org.apache.commons.lang3.ObjectUtilsTest & moved to class org.apache.commons.lang3.LangAssertions,True,True
src/test/java/org/apache/commons/lang3/ObjectUtilsTest.java,Extract And Move Method,4,1,1,6b93cbe15693055e50a7f8550bd2baa93fa7f870,55,42,Extract And Move Method public assertNullPointerException(executable Executable) : NullPointerException extracted from public testIdentityToStringStringBuilderNullStringBuilder() : void in class org.apache.commons.lang3.ObjectUtilsTest & moved to class org.apache.commons.lang3.LangAssertions,True,True
src/test/java/org/apache/commons/lang3/ObjectUtilsTest.java,Extract And Move Method,4,1,1,6b93cbe15693055e50a7f8550bd2baa93fa7f870,55,43,Extract And Move Method public assertNullPointerException(executable Executable) : NullPointerException extracted from package testIdentityToStringStringBuilderNullValue() : void in class org.apache.commons.lang3.ObjectUtilsTest & moved to class org.apache.commons.lang3.LangAssertions,True,True
src/test/java/org/apache/commons/lang3/ObjectUtilsTest.java,Extract And Move Method,4,1,1,6b93cbe15693055e50a7f8550bd2baa93fa7f870,55,44,Extract And Move Method public assertNullPointerException(executable Executable) : NullPointerException extracted from package testMedian_nullItems() : void in class org.apache.commons.lang3.ObjectUtilsTest & moved to class org.apache.commons.lang3.LangAssertions,True,True
src/test/java/org/apache/commons/lang3/ObjectUtilsTest.java,Extract And Move Method,11,1,1,6b93cbe15693055e50a7f8550bd2baa93fa7f870,55,45,Extract And Move Method public assertNullPointerException(executable Executable) : NullPointerException extracted from package testRequireNonEmpty() : void in class org.apache.commons.lang3.ObjectUtilsTest & moved to class org.apache.commons.lang3.LangAssertions,True,True
src/test/java/org/apache/commons/lang3/RangeTest.java,Extract And Move Method,32,1,1,6b93cbe15693055e50a7f8550bd2baa93fa7f870,55,46,Extract And Move Method public assertNullPointerException(executable Executable) : NullPointerException extracted from package testBetweenWithCompare() : void in class org.apache.commons.lang3.RangeTest & moved to class org.apache.commons.lang3.LangAssertions,True,True
src/test/java/org/apache/commons/lang3/RangeTest.java,Extract And Move Method,10,1,1,6b93cbe15693055e50a7f8550bd2baa93fa7f870,55,47,Extract And Move Method public assertNullPointerException(executable Executable) : NullPointerException extracted from package testElementCompareTo() : void in class org.apache.commons.lang3.RangeTest & moved to class org.apache.commons.lang3.LangAssertions,True,True
src/test/java/org/apache/commons/lang3/RangeTest.java,Extract And Move Method,6,1,1,6b93cbe15693055e50a7f8550bd2baa93fa7f870,55,48,Extract And Move Method public assertNullPointerException(executable Executable) : NullPointerException extracted from package testFitNull() : void in class org.apache.commons.lang3.RangeTest & moved to class org.apache.commons.lang3.LangAssertions,True,True
src/test/java/org/apache/commons/lang3/RangeTest.java,Extract And Move Method,32,1,1,6b93cbe15693055e50a7f8550bd2baa93fa7f870,55,49,Extract And Move Method public assertNullPointerException(executable Executable) : NullPointerException extracted from package testOfWithCompare() : void in class org.apache.commons.lang3.RangeTest & moved to class org.apache.commons.lang3.LangAssertions,True,True
src/test/java/org/apache/commons/lang3/SerializationUtilsTest.java,Extract And Move Method,4,1,1,6b93cbe15693055e50a7f8550bd2baa93fa7f870,55,50,Extract And Move Method public assertNullPointerException(executable Executable) : NullPointerException extracted from package testDeserializeBytesNull() : void in class org.apache.commons.lang3.SerializationUtilsTest & moved to class org.apache.commons.lang3.LangAssertions,True,True
src/test/java/org/apache/commons/lang3/SerializationUtilsTest.java,Extract And Move Method,4,1,1,6b93cbe15693055e50a7f8550bd2baa93fa7f870,55,51,Extract And Move Method public assertNullPointerException(executable Executable) : NullPointerException extracted from package testDeserializeStreamNull() : void in class org.apache.commons.lang3.SerializationUtilsTest & moved to class org.apache.commons.lang3.LangAssertions,True,True
src/test/java/org/apache/commons/lang3/SerializationUtilsTest.java,Extract And Move Method,4,1,1,6b93cbe15693055e50a7f8550bd2baa93fa7f870,55,52,Extract And Move Method public assertNullPointerException(executable Executable) : NullPointerException extracted from package testSerializeStreamNullNull() : void in class org.apache.commons.lang3.SerializationUtilsTest & moved to class org.apache.commons.lang3.LangAssertions,True,True
src/test/java/org/apache/commons/lang3/SerializationUtilsTest.java,Extract And Move Method,4,1,1,6b93cbe15693055e50a7f8550bd2baa93fa7f870,55,53,Extract And Move Method public assertNullPointerException(executable Executable) : NullPointerException extracted from package testSerializeStreamObjNull() : void in class org.apache.commons.lang3.SerializationUtilsTest & moved to class org.apache.commons.lang3.LangAssertions,True,True
src/test/java/org/apache/commons/lang3/StringEscapeUtilsTest.java,Extract And Move Method,10,1,1,6b93cbe15693055e50a7f8550bd2baa93fa7f870,55,54,Extract And Move Method public assertNullPointerException(executable Executable) : NullPointerException extracted from package testEscapeEcmaScript() : void in class org.apache.commons.lang3.StringEscapeUtilsTest & moved to class org.apache.commons.lang3.LangAssertions,True,True
src/test/java/org/apache/commons/lang3/StringEscapeUtilsTest.java,Extract And Move Method,22,1,1,6b93cbe15693055e50a7f8550bd2baa93fa7f870,55,55,Extract And Move Method public assertNullPointerException(executable Executable) : NullPointerException extracted from package testEscapeJava() : void in class org.apache.commons.lang3.StringEscapeUtilsTest & moved to class org.apache.commons.lang3.LangAssertions,True,True
src/test/java/org/apache/commons/lang3/StringEscapeUtilsTest.java,Extract And Move Method,13,1,1,6b93cbe15693055e50a7f8550bd2baa93fa7f870,55,56,Extract And Move Method public assertNullPointerException(executable Executable) : NullPointerException extracted from package testEscapeJson() : void in class org.apache.commons.lang3.StringEscapeUtilsTest & moved to class org.apache.commons.lang3.LangAssertions,True,True
src/test/java/org/apache/commons/lang3/StringEscapeUtilsTest.java,Extract And Move Method,10,1,1,6b93cbe15693055e50a7f8550bd2baa93fa7f870,55,57,Extract And Move Method public assertNullPointerException(executable Executable) : NullPointerException extracted from package testUnescapeEcmaScript() : void in class org.apache.commons.lang3.StringEscapeUtilsTest & moved to class org.apache.commons.lang3.LangAssertions,True,True
src/test/java/org/apache/commons/lang3/StringEscapeUtilsTest.java,Extract And Move Method,18,1,1,6b93cbe15693055e50a7f8550bd2baa93fa7f870,55,58,Extract And Move Method public assertNullPointerException(executable Executable) : NullPointerException extracted from package testUnescapeJava() : void in class org.apache.commons.lang3.StringEscapeUtilsTest & moved to class org.apache.commons.lang3.LangAssertions,True,True
src/test/java/org/apache/commons/lang3/StringEscapeUtilsTest.java,Extract And Move Method,13,1,1,6b93cbe15693055e50a7f8550bd2baa93fa7f870,55,59,Extract And Move Method public assertNullPointerException(executable Executable) : NullPointerException extracted from package testUnescapeJson() : void in class org.apache.commons.lang3.StringEscapeUtilsTest & moved to class org.apache.commons.lang3.LangAssertions,True,True
src/test/java/org/apache/commons/lang3/ThreadUtilsTest.java,Extract And Move Method,4,1,1,6b93cbe15693055e50a7f8550bd2baa93fa7f870,55,60,Extract And Move Method public assertNullPointerException(executable Executable) : NullPointerException extracted from package testNullThreadGroupName() : void in class org.apache.commons.lang3.ThreadUtilsTest & moved to class org.apache.commons.lang3.LangAssertions,True,True
src/test/java/org/apache/commons/lang3/ThreadUtilsTest.java,Extract And Move Method,4,1,1,6b93cbe15693055e50a7f8550bd2baa93fa7f870,55,61,Extract And Move Method public assertNullPointerException(executable Executable) : NullPointerException extracted from package testNullThreadName() : void in class org.apache.commons.lang3.ThreadUtilsTest & moved to class org.apache.commons.lang3.LangAssertions,True,True
src/test/java/org/apache/commons/lang3/ThreadUtilsTest.java,Extract And Move Method,4,1,1,6b93cbe15693055e50a7f8550bd2baa93fa7f870,55,62,Extract And Move Method public assertNullPointerException(executable Executable) : NullPointerException extracted from package testNullThreadThreadGroup1() : void in class org.apache.commons.lang3.ThreadUtilsTest & moved to class org.apache.commons.lang3.LangAssertions,True,True
src/test/java/org/apache/commons/lang3/ThreadUtilsTest.java,Extract And Move Method,4,1,1,6b93cbe15693055e50a7f8550bd2baa93fa7f870,55,63,Extract And Move Method public assertNullPointerException(executable Executable) : NullPointerException extracted from package testNullThreadThreadGroup2() : void in class org.apache.commons.lang3.ThreadUtilsTest & moved to class org.apache.commons.lang3.LangAssertions,True,True
src/test/java/org/apache/commons/lang3/ThreadUtilsTest.java,Extract And Move Method,4,1,1,6b93cbe15693055e50a7f8550bd2baa93fa7f870,55,64,Extract And Move Method public assertNullPointerException(executable Executable) : NullPointerException extracted from package testNullThreadThreadGroup3() : void in class org.apache.commons.lang3.ThreadUtilsTest & moved to class org.apache.commons.lang3.LangAssertions,True,True
src/test/java/org/apache/commons/lang3/ThreadUtilsTest.java,Extract And Move Method,4,1,1,6b93cbe15693055e50a7f8550bd2baa93fa7f870,55,65,Extract And Move Method public assertNullPointerException(executable Executable) : NullPointerException extracted from package testNullThreadThreadGroupName1() : void in class org.apache.commons.lang3.ThreadUtilsTest & moved to class org.apache.commons.lang3.LangAssertions,True,True
src/test/java/org/apache/commons/lang3/ThreadUtilsTest.java,Extract And Move Method,4,1,1,6b93cbe15693055e50a7f8550bd2baa93fa7f870,55,66,Extract And Move Method public assertNullPointerException(executable Executable) : NullPointerException extracted from package testNullThreadThreadGroupName2() : void in class org.apache.commons.lang3.ThreadUtilsTest & moved to class org.apache.commons.lang3.LangAssertions,True,True
src/test/java/org/apache/commons/lang3/ThreadUtilsTest.java,Extract And Move Method,4,1,1,6b93cbe15693055e50a7f8550bd2baa93fa7f870,55,67,Extract And Move Method public assertNullPointerException(executable Executable) : NullPointerException extracted from package testNullThreadThreadGroupName3() : void in class org.apache.commons.lang3.ThreadUtilsTest & moved to class org.apache.commons.lang3.LangAssertions,True,True
src/test/java/org/apache/commons/lang3/ThreadUtilsTest.java,Extract And Move Method,4,1,1,6b93cbe15693055e50a7f8550bd2baa93fa7f870,55,68,Extract And Move Method public assertNullPointerException(executable Executable) : NullPointerException extracted from package testThreadGroupsByIdFail() : void in class org.apache.commons.lang3.ThreadUtilsTest & moved to class org.apache.commons.lang3.LangAssertions,True,True
src/test/java/org/apache/commons/lang3/ThreadUtilsTest.java,Extract And Move Method,5,1,1,6b93cbe15693055e50a7f8550bd2baa93fa7f870,55,69,Extract And Move Method public assertNullPointerException(executable Executable) : NullPointerException extracted from package testThreadGroupsNullParent() : void in class org.apache.commons.lang3.ThreadUtilsTest & moved to class org.apache.commons.lang3.LangAssertions,True,True
src/test/java/org/apache/commons/lang3/ThreadUtilsTest.java,Extract And Move Method,6,1,1,6b93cbe15693055e50a7f8550bd2baa93fa7f870,55,70,Extract And Move Method public assertNullPointerException(executable Executable) : NullPointerException extracted from package testThreadGroupsNullPredicate() : void in class org.apache.commons.lang3.ThreadUtilsTest & moved to class org.apache.commons.lang3.LangAssertions,True,True
src/test/java/org/apache/commons/lang3/ThreadUtilsTest.java,Extract And Move Method,6,1,1,6b93cbe15693055e50a7f8550bd2baa93fa7f870,55,71,Extract And Move Method public assertNullPointerException(executable Executable) : NullPointerException extracted from package testThreadsNullPredicate() : void in class org.apache.commons.lang3.ThreadUtilsTest & moved to class org.apache.commons.lang3.LangAssertions,True,True
src/test/java/org/apache/commons/lang3/ValidateTest.java,Extract And Move Method,5,1,1,6b93cbe15693055e50a7f8550bd2baa93fa7f870,55,72,Extract And Move Method public assertNullPointerException(executable Executable) : NullPointerException extracted from package shouldThrowNullPointerExceptionWithDefaultMessageForNullArray() : void in class org.apache.commons.lang3.ValidateTest.NoNullElements.WithArray.WithoutMessage & moved to class org.apache.commons.lang3.LangAssertions,True,True
src/test/java/org/apache/commons/lang3/ValidateTest.java,Extract And Move Method,5,1,1,6b93cbe15693055e50a7f8550bd2baa93fa7f870,55,73,Extract And Move Method public assertNullPointerException(executable Executable) : NullPointerException extracted from package shouldThrowNullPointerExceptionWithDefaultMessageForNullArray() : void in class org.apache.commons.lang3.ValidateTest.NoNullElements.WithArray.WithMessage & moved to class org.apache.commons.lang3.LangAssertions,True,True
src/test/java/org/apache/commons/lang3/ValidateTest.java,Extract And Move Method,5,1,1,6b93cbe15693055e50a7f8550bd2baa93fa7f870,55,74,Extract And Move Method public assertNullPointerException(executable Executable) : NullPointerException extracted from package shouldThrowNullPointerExceptionWithDefaultMessageForNullCollection() : void in class org.apache.commons.lang3.ValidateTest.NoNullElements.WithCollection.WithoutMessage & moved to class org.apache.commons.lang3.LangAssertions,True,True
src/test/java/org/apache/commons/lang3/ValidateTest.java,Extract And Move Method,5,1,1,6b93cbe15693055e50a7f8550bd2baa93fa7f870,55,75,Extract And Move Method public assertNullPointerException(executable Executable) : NullPointerException extracted from package shouldThrowNullPointerExceptionWithDefaultMessageForNullCollection() : void in class org.apache.commons.lang3.ValidateTest.NoNullElements.WithCollection.WithMessage & moved to class org.apache.commons.lang3.LangAssertions,True,True
src/test/java/org/apache/commons/lang3/ValidateTest.java,Extract And Move Method,5,1,1,6b93cbe15693055e50a7f8550bd2baa93fa7f870,55,76,Extract And Move Method public assertNullPointerException(executable Executable) : NullPointerException extracted from package shouldThrowNullPointerExceptionWithDefaultMessageForNullString() : void in class org.apache.commons.lang3.ValidateTest.NotBlank.WithoutMessage & moved to class org.apache.commons.lang3.LangAssertions,True,True
src/test/java/org/apache/commons/lang3/ValidateTest.java,Extract And Move Method,5,1,1,6b93cbe15693055e50a7f8550bd2baa93fa7f870,55,77,Extract And Move Method public assertNullPointerException(executable Executable) : NullPointerException extracted from package shouldThrowNullPointerExceptionWithGivenMessageForNullString() : void in class org.apache.commons.lang3.ValidateTest.NotBlank.WithMessage & moved to class org.apache.commons.lang3.LangAssertions,True,True
src/test/java/org/apache/commons/lang3/ValidateTest.java,Extract And Move Method,5,1,1,6b93cbe15693055e50a7f8550bd2baa93fa7f870,55,78,Extract And Move Method public assertNullPointerException(executable Executable) : NullPointerException extracted from package shouldThrowNullPointerExceptionWithDefaultMessageForNullArray() : void in class org.apache.commons.lang3.ValidateTest.NotEmpty.WithArray.WithoutMessage & moved to class org.apache.commons.lang3.LangAssertions,True,True
src/test/java/org/apache/commons/lang3/ValidateTest.java,Extract And Move Method,5,1,1,6b93cbe15693055e50a7f8550bd2baa93fa7f870,55,79,Extract And Move Method public assertNullPointerException(executable Executable) : NullPointerException extracted from package shouldThrowNullPointerExceptionWithGivenMessageForNullArray() : void in class org.apache.commons.lang3.ValidateTest.NotEmpty.WithArray.WithMessage & moved to class org.apache.commons.lang3.LangAssertions,True,True
src/test/java/org/apache/commons/lang3/ValidateTest.java,Extract And Move Method,5,1,1,6b93cbe15693055e50a7f8550bd2baa93fa7f870,55,80,Extract And Move Method public assertNullPointerException(executable Executable) : NullPointerException extracted from package shouldThrowNullPointerExceptionWithDefaultMessageForNullCharSequence() : void in class org.apache.commons.lang3.ValidateTest.NotEmpty.WithCharSequence.WithoutMessage & moved to class org.apache.commons.lang3.LangAssertions,True,True
src/test/java/org/apache/commons/lang3/ValidateTest.java,Extract And Move Method,5,1,1,6b93cbe15693055e50a7f8550bd2baa93fa7f870,55,81,Extract And Move Method public assertNullPointerException(executable Executable) : NullPointerException extracted from package shouldThrowNullPointerExceptionWithGivenMessageForNullCharSequence() : void in class org.apache.commons.lang3.ValidateTest.NotEmpty.WithCharSequence.WithMessage & moved to class org.apache.commons.lang3.LangAssertions,True,True
src/test/java/org/apache/commons/lang3/ValidateTest.java,Extract And Move Method,5,1,1,6b93cbe15693055e50a7f8550bd2baa93fa7f870,55,82,Extract And Move Method public assertNullPointerException(executable Executable) : NullPointerException extracted from package shouldThrowNullPointerExceptionWithDefaultMessageForNullCollection() : void in class org.apache.commons.lang3.ValidateTest.NotEmpty.WithCollection.WithoutMessage & moved to class org.apache.commons.lang3.LangAssertions,True,True
src/test/java/org/apache/commons/lang3/ValidateTest.java,Extract And Move Method,5,1,1,6b93cbe15693055e50a7f8550bd2baa93fa7f870,55,83,Extract And Move Method public assertNullPointerException(executable Executable) : NullPointerException extracted from package shouldThrowNullPointerExceptionWithGivenMessageForNullCollection() : void in class org.apache.commons.lang3.ValidateTest.NotEmpty.WithCollection.WithMessage & moved to class org.apache.commons.lang3.LangAssertions,True,True
src/test/java/org/apache/commons/lang3/ValidateTest.java,Extract And Move Method,5,1,1,6b93cbe15693055e50a7f8550bd2baa93fa7f870,55,84,Extract And Move Method public assertNullPointerException(executable Executable) : NullPointerException extracted from package shouldThrowNullPointerExceptionWithDefaultMessageForNullMap() : void in class org.apache.commons.lang3.ValidateTest.NotEmpty.WithMap.WithoutMessage & moved to class org.apache.commons.lang3.LangAssertions,True,True
src/test/java/org/apache/commons/lang3/ValidateTest.java,Extract And Move Method,5,1,1,6b93cbe15693055e50a7f8550bd2baa93fa7f870,55,85,Extract And Move Method public assertNullPointerException(executable Executable) : NullPointerException extracted from package shouldThrowNullPointerExceptionWithGivenMessageForNullMap() : void in class org.apache.commons.lang3.ValidateTest.NotEmpty.WithMap.WithMessage & moved to class org.apache.commons.lang3.LangAssertions,True,True
src/test/java/org/apache/commons/lang3/ValidateTest.java,Extract And Move Method,5,1,1,6b93cbe15693055e50a7f8550bd2baa93fa7f870,55,86,Extract And Move Method public assertNullPointerException(executable Executable) : NullPointerException extracted from package shouldThrowExceptionWithDefaultMessageForNullReference() : void in class org.apache.commons.lang3.ValidateTest.NotNull.WithoutMessage & moved to class org.apache.commons.lang3.LangAssertions,True,True
src/test/java/org/apache/commons/lang3/ValidateTest.java,Extract And Move Method,5,1,1,6b93cbe15693055e50a7f8550bd2baa93fa7f870,55,87,Extract And Move Method public assertNullPointerException(executable Executable) : NullPointerException extracted from package shouldThrowExceptionWithGivenMessageForNullReference() : void in class org.apache.commons.lang3.ValidateTest.NotNull.WithMessage & moved to class org.apache.commons.lang3.LangAssertions,True,True
src/test/java/org/apache/commons/lang3/ValidateTest.java,Extract And Move Method,5,1,1,6b93cbe15693055e50a7f8550bd2baa93fa7f870,55,88,Extract And Move Method public assertNullPointerException(executable Executable) : NullPointerException extracted from package shouldThrowNullPointerExceptionWithDefaultForNullArray() : void in class org.apache.commons.lang3.ValidateTest.ValidIndex.WithArray.WithoutMessage & moved to class org.apache.commons.lang3.LangAssertions,True,True
src/test/java/org/apache/commons/lang3/ValidateTest.java,Extract And Move Method,5,1,1,6b93cbe15693055e50a7f8550bd2baa93fa7f870,55,89,Extract And Move Method public assertNullPointerException(executable Executable) : NullPointerException extracted from package shouldThrowNullPointerExceptionWithDefaultMessageForNullArray() : void in class org.apache.commons.lang3.ValidateTest.ValidIndex.WithArray.WithMessage & moved to class org.apache.commons.lang3.LangAssertions,True,True
src/test/java/org/apache/commons/lang3/ValidateTest.java,Extract And Move Method,5,1,1,6b93cbe15693055e50a7f8550bd2baa93fa7f870,55,90,Extract And Move Method public assertNullPointerException(executable Executable) : NullPointerException extracted from package shouldThrowNullPointerExceptionWithDefaultForNullString() : void in class org.apache.commons.lang3.ValidateTest.ValidIndex.WithCharSequence.WithoutMessage & moved to class org.apache.commons.lang3.LangAssertions,True,True
src/test/java/org/apache/commons/lang3/ValidateTest.java,Extract And Move Method,5,1,1,6b93cbe15693055e50a7f8550bd2baa93fa7f870,55,91,Extract And Move Method public assertNullPointerException(executable Executable) : NullPointerException extracted from package shouldThrowNullPointerExceptionWithDefaultMessageForNullStr() : void in class org.apache.commons.lang3.ValidateTest.ValidIndex.WithCharSequence.WithMessage & moved to class org.apache.commons.lang3.LangAssertions,True,True
src/test/java/org/apache/commons/lang3/ValidateTest.java,Extract And Move Method,5,1,1,6b93cbe15693055e50a7f8550bd2baa93fa7f870,55,92,Extract And Move Method public assertNullPointerException(executable Executable) : NullPointerException extracted from package shouldThrowNullPointerExceptionWithDefaultForNullCollection() : void in class org.apache.commons.lang3.ValidateTest.ValidIndex.WithCollection.WithoutMessage & moved to class org.apache.commons.lang3.LangAssertions,True,True
src/test/java/org/apache/commons/lang3/ValidateTest.java,Extract And Move Method,5,1,1,6b93cbe15693055e50a7f8550bd2baa93fa7f870,55,93,Extract And Move Method public assertNullPointerException(executable Executable) : NullPointerException extracted from package shouldThrowNullPointerExceptionWithDefaultMessageForNullCollection() : void in class org.apache.commons.lang3.ValidateTest.ValidIndex.WithCollection.WithMessage & moved to class org.apache.commons.lang3.LangAssertions,True,True
src/test/java/org/apache/commons/lang3/builder/CompareToBuilderTest.java,Extract And Move Method,5,1,1,6b93cbe15693055e50a7f8550bd2baa93fa7f870,55,94,Extract And Move Method public assertNullPointerException(executable Executable) : NullPointerException extracted from package testReflectionCompareEx1() : void in class org.apache.commons.lang3.builder.CompareToBuilderTest & moved to class org.apache.commons.lang3.LangAssertions,True,True
src/test/java/org/apache/commons/lang3/builder/ConversionTest.java,Extract And Move Method,4,1,1,6b93cbe15693055e50a7f8550bd2baa93fa7f870,55,95,Extract And Move Method public assertNullPointerException(executable Executable) : NullPointerException extracted from package testHexToByte_nullString() : void in class org.apache.commons.lang3.builder.ConversionTest & moved to class org.apache.commons.lang3.LangAssertions,True,True
src/test/java/org/apache/commons/lang3/builder/DiffBuilderTest.java,Extract And Move Method,4,1,1,6b93cbe15693055e50a7f8550bd2baa93fa7f870,55,96,Extract And Move Method public assertNullPointerException(executable Executable) : NullPointerException extracted from package testNullLhs() : void in class org.apache.commons.lang3.builder.DiffBuilderTest & moved to class org.apache.commons.lang3.LangAssertions,True,True
src/test/java/org/apache/commons/lang3/builder/DiffBuilderTest.java,Extract And Move Method,4,1,1,6b93cbe15693055e50a7f8550bd2baa93fa7f870,55,97,Extract And Move Method public assertNullPointerException(executable Executable) : NullPointerException extracted from package testNullLhs_4args() : void in class org.apache.commons.lang3.builder.DiffBuilderTest & moved to class org.apache.commons.lang3.LangAssertions,True,True
src/test/java/org/apache/commons/lang3/builder/DiffBuilderTest.java,Extract And Move Method,4,1,1,6b93cbe15693055e50a7f8550bd2baa93fa7f870,55,98,Extract And Move Method public assertNullPointerException(executable Executable) : NullPointerException extracted from package testNullRhs() : void in class org.apache.commons.lang3.builder.DiffBuilderTest & moved to class org.apache.commons.lang3.LangAssertions,True,True
src/test/java/org/apache/commons/lang3/builder/DiffBuilderTest.java,Extract And Move Method,4,1,1,6b93cbe15693055e50a7f8550bd2baa93fa7f870,55,99,Extract And Move Method public assertNullPointerException(executable Executable) : NullPointerException extracted from package testNullRhs_4args() : void in class org.apache.commons.lang3.builder.DiffBuilderTest & moved to class org.apache.commons.lang3.LangAssertions,True,True
src/test/java/org/apache/commons/lang3/builder/DiffResultTest.java,Extract And Move Method,4,1,1,6b93cbe15693055e50a7f8550bd2baa93fa7f870,55,100,Extract And Move Method public assertNullPointerException(executable Executable) : NullPointerException extracted from package testNullList() : void in class org.apache.commons.lang3.builder.DiffResultTest & moved to class org.apache.commons.lang3.LangAssertions,True,True
src/test/java/org/apache/commons/lang3/builder/HashCodeBuilderTest.java,Extract And Move Method,4,1,1,6b93cbe15693055e50a7f8550bd2baa93fa7f870,55,101,Extract And Move Method public assertNullPointerException(executable Executable) : NullPointerException extracted from package testReflectionHashCodeEx3() : void in class org.apache.commons.lang3.builder.HashCodeBuilderTest & moved to class org.apache.commons.lang3.LangAssertions,True,True
src/test/java/org/apache/commons/lang3/builder/ToStringBuilderTest.java,Extract And Move Method,6,1,1,6b93cbe15693055e50a7f8550bd2baa93fa7f870,55,102,Extract And Move Method public assertNullPointerException(executable Executable) : NullPointerException extracted from package testAppendAsObjectToStringNullPointerException() : void in class org.apache.commons.lang3.builder.ToStringBuilderTest & moved to class org.apache.commons.lang3.LangAssertions,True,True
src/test/java/org/apache/commons/lang3/builder/ToStringBuilderTest.java,Extract And Move Method,4,1,1,6b93cbe15693055e50a7f8550bd2baa93fa7f870,55,103,Extract And Move Method public assertNullPointerException(executable Executable) : NullPointerException extracted from package testSetDefaultEx() : void in class org.apache.commons.lang3.builder.ToStringBuilderTest & moved to class org.apache.commons.lang3.LangAssertions,True,True
src/test/java/org/apache/commons/lang3/concurrent/AbstractConcurrentInitializerCloseAndExceptionsTest.java,Extract And Move Method,16,1,1,6b93cbe15693055e50a7f8550bd2baa93fa7f870,55,104,Extract And Move Method public assertNullPointerException(executable Executable) : NullPointerException extracted from package testCloserThrowsRuntimeException() : void in class org.apache.commons.lang3.concurrent.AbstractConcurrentInitializerCloseAndExceptionsTest & moved to class org.apache.commons.lang3.LangAssertions,True,True
src/test/java/org/apache/commons/lang3/concurrent/AbstractConcurrentInitializerCloseAndExceptionsTest.java,Extract And Move Method,12,1,1,6b93cbe15693055e50a7f8550bd2baa93fa7f870,55,105,Extract And Move Method public assertNullPointerException(executable Executable) : NullPointerException extracted from package testSupplierThrowsRuntimeException() : void in class org.apache.commons.lang3.concurrent.AbstractConcurrentInitializerCloseAndExceptionsTest & moved to class org.apache.commons.lang3.LangAssertions,True,True
src/test/java/org/apache/commons/lang3/concurrent/BasicThreadFactoryTest.java,Extract And Move Method,7,1,1,6b93cbe15693055e50a7f8550bd2baa93fa7f870,55,106,Extract And Move Method public assertNullPointerException(executable Executable) : NullPointerException extracted from package testBuildNamingPatternNull() : void in class org.apache.commons.lang3.concurrent.BasicThreadFactoryTest & moved to class org.apache.commons.lang3.LangAssertions,True,True
src/test/java/org/apache/commons/lang3/concurrent/BasicThreadFactoryTest.java,Extract And Move Method,7,1,1,6b93cbe15693055e50a7f8550bd2baa93fa7f870,55,107,Extract And Move Method public assertNullPointerException(executable Executable) : NullPointerException extracted from package testBuildUncaughtExceptionHandlerNull() : void in class org.apache.commons.lang3.concurrent.BasicThreadFactoryTest & moved to class org.apache.commons.lang3.LangAssertions,True,True
src/test/java/org/apache/commons/lang3/concurrent/BasicThreadFactoryTest.java,Extract And Move Method,7,1,1,6b93cbe15693055e50a7f8550bd2baa93fa7f870,55,108,Extract And Move Method public assertNullPointerException(executable Executable) : NullPointerException extracted from package testBuildWrappedFactoryNull() : void in class org.apache.commons.lang3.concurrent.BasicThreadFactoryTest & moved to class org.apache.commons.lang3.LangAssertions,True,True
src/test/java/org/apache/commons/lang3/concurrent/CallableBackgroundInitializerTest.java,Extract And Move Method,15,1,1,6b93cbe15693055e50a7f8550bd2baa93fa7f870,55,109,Extract And Move Method public assertNullPointerException(executable Executable) : NullPointerException extracted from package testInitExecutorNullCallable() : void in class org.apache.commons.lang3.concurrent.CallableBackgroundInitializerTest & moved to class org.apache.commons.lang3.LangAssertions,True,True
src/test/java/org/apache/commons/lang3/concurrent/CallableBackgroundInitializerTest.java,Extract And Move Method,8,1,1,6b93cbe15693055e50a7f8550bd2baa93fa7f870,55,110,Extract And Move Method public assertNullPointerException(executable Executable) : NullPointerException extracted from package testInitNullCallable() : void in class org.apache.commons.lang3.concurrent.CallableBackgroundInitializerTest & moved to class org.apache.commons.lang3.LangAssertions,True,True
src/test/java/org/apache/commons/lang3/concurrent/MultiBackgroundInitializerTest.java,Extract And Move Method,8,1,1,6b93cbe15693055e50a7f8550bd2baa93fa7f870,55,111,Extract And Move Method public assertNullPointerException(executable Executable) : NullPointerException extracted from package testAddInitializerNullInit() : void in class org.apache.commons.lang3.concurrent.MultiBackgroundInitializerTest & moved to class org.apache.commons.lang3.LangAssertions,True,True
src/test/java/org/apache/commons/lang3/concurrent/MultiBackgroundInitializerTest.java,Extract And Move Method,8,1,1,6b93cbe15693055e50a7f8550bd2baa93fa7f870,55,112,Extract And Move Method public assertNullPointerException(executable Executable) : NullPointerException extracted from package testAddInitializerNullName() : void in class org.apache.commons.lang3.concurrent.MultiBackgroundInitializerTest & moved to class org.apache.commons.lang3.LangAssertions,True,True
src/test/java/org/apache/commons/lang3/event/EventListenerSupportTest.java,Extract And Move Method,5,1,1,6b93cbe15693055e50a7f8550bd2baa93fa7f870,55,113,Extract And Move Method public assertNullPointerException(executable Executable) : NullPointerException extracted from package testAddNullListener() : void in class org.apache.commons.lang3.event.EventListenerSupportTest & moved to class org.apache.commons.lang3.LangAssertions,True,True
src/test/java/org/apache/commons/lang3/event/EventListenerSupportTest.java,Extract And Move Method,4,1,1,6b93cbe15693055e50a7f8550bd2baa93fa7f870,55,114,Extract And Move Method public assertNullPointerException(executable Executable) : NullPointerException extracted from package testCreateWithNullParameter() : void in class org.apache.commons.lang3.event.EventListenerSupportTest & moved to class org.apache.commons.lang3.LangAssertions,True,True
src/test/java/org/apache/commons/lang3/event/EventListenerSupportTest.java,Extract And Move Method,5,1,1,6b93cbe15693055e50a7f8550bd2baa93fa7f870,55,115,Extract And Move Method public assertNullPointerException(executable Executable) : NullPointerException extracted from package testRemoveNullListener() : void in class org.apache.commons.lang3.event.EventListenerSupportTest & moved to class org.apache.commons.lang3.LangAssertions,True,True
src/test/java/org/apache/commons/lang3/exception/ExceptionUtilsTest.java,Extract And Move Method,4,1,1,6b93cbe15693055e50a7f8550bd2baa93fa7f870,55,116,Extract And Move Method public assertNullPointerException(executable Executable) : NullPointerException extracted from package testRemoveCommonFrames_ListList() : void in class org.apache.commons.lang3.exception.ExceptionUtilsTest & moved to class org.apache.commons.lang3.LangAssertions,True,True
src/test/java/org/apache/commons/lang3/function/BooleanConsumerTest.java,Extract And Move Method,30,1,1,6b93cbe15693055e50a7f8550bd2baa93fa7f870,55,117,Extract And Move Method public assertNullPointerException(executable Executable) : NullPointerException extracted from package testAndThen() : void in class org.apache.commons.lang3.function.BooleanConsumerTest & moved to class org.apache.commons.lang3.LangAssertions,True,True
src/test/java/org/apache/commons/lang3/function/FailableFunctionsTest.java,Extract And Move Method,17,1,1,6b93cbe15693055e50a7f8550bd2baa93fa7f870,55,118,Extract And Move Method public assertNullPointerException(executable Executable) : NullPointerException extracted from package testBiConsumerAndThen() : void in class org.apache.commons.lang3.function.FailableFunctionsTest & moved to class org.apache.commons.lang3.LangAssertions,True,True
src/test/java/org/apache/commons/lang3/function/FailableFunctionsTest.java,Extract And Move Method,25,1,1,6b93cbe15693055e50a7f8550bd2baa93fa7f870,55,119,Extract And Move Method public assertNullPointerException(executable Executable) : NullPointerException extracted from package testBiFunctionAndThen() : void in class org.apache.commons.lang3.function.FailableFunctionsTest & moved to class org.apache.commons.lang3.LangAssertions,True,True
src/test/java/org/apache/commons/lang3/function/FailableFunctionsTest.java,Extract And Move Method,15,1,1,6b93cbe15693055e50a7f8550bd2baa93fa7f870,55,120,Extract And Move Method public assertNullPointerException(executable Executable) : NullPointerException extracted from package testConsumerAndThen() : void in class org.apache.commons.lang3.function.FailableFunctionsTest & moved to class org.apache.commons.lang3.LangAssertions,True,True
src/test/java/org/apache/commons/lang3/function/FailableFunctionsTest.java,Extract And Move Method,17,1,1,6b93cbe15693055e50a7f8550bd2baa93fa7f870,55,121,Extract And Move Method public assertNullPointerException(executable Executable) : NullPointerException extracted from package testDoubleConsumerAndThen() : void in class org.apache.commons.lang3.function.FailableFunctionsTest & moved to class org.apache.commons.lang3.LangAssertions,True,True
src/test/java/org/apache/commons/lang3/function/FailableFunctionsTest.java,Extract And Move Method,18,1,1,6b93cbe15693055e50a7f8550bd2baa93fa7f870,55,122,Extract And Move Method public assertNullPointerException(executable Executable) : NullPointerException extracted from package testDoubleUnaryOperatorAndThen() : void in class org.apache.commons.lang3.function.FailableFunctionsTest & moved to class org.apache.commons.lang3.LangAssertions,True,True
src/test/java/org/apache/commons/lang3/function/FailableFunctionsTest.java,Extract And Move Method,18,1,1,6b93cbe15693055e50a7f8550bd2baa93fa7f870,55,123,Extract And Move Method public assertNullPointerException(executable Executable) : NullPointerException extracted from package testDoubleUnaryOperatorCompose() : void in class org.apache.commons.lang3.function.FailableFunctionsTest & moved to class org.apache.commons.lang3.LangAssertions,True,True
src/test/java/org/apache/commons/lang3/function/FailableFunctionsTest.java,Extract And Move Method,8,1,1,6b93cbe15693055e50a7f8550bd2baa93fa7f870,55,124,Extract And Move Method public assertNullPointerException(executable Executable) : NullPointerException extracted from package testDoubleUnaryOperatorIdentity() : void in class org.apache.commons.lang3.function.FailableFunctionsTest & moved to class org.apache.commons.lang3.LangAssertions,True,True
src/test/java/org/apache/commons/lang3/function/FailableFunctionsTest.java,Extract And Move Method,19,1,1,6b93cbe15693055e50a7f8550bd2baa93fa7f870,55,125,Extract And Move Method public assertNullPointerException(executable Executable) : NullPointerException extracted from package testFunctionAndThen() : void in class org.apache.commons.lang3.function.FailableFunctionsTest & moved to class org.apache.commons.lang3.LangAssertions,True,True
src/test/java/org/apache/commons/lang3/function/FailableFunctionsTest.java,Extract And Move Method,18,1,1,6b93cbe15693055e50a7f8550bd2baa93fa7f870,55,126,Extract And Move Method public assertNullPointerException(executable Executable) : NullPointerException extracted from package testFunctionCompose() : void in class org.apache.commons.lang3.function.FailableFunctionsTest & moved to class org.apache.commons.lang3.LangAssertions,True,True
src/test/java/org/apache/commons/lang3/function/FailableFunctionsTest.java,Extract And Move Method,8,1,1,6b93cbe15693055e50a7f8550bd2baa93fa7f870,55,127,Extract And Move Method public assertNullPointerException(executable Executable) : NullPointerException extracted from package testFunctionIdentity() : void in class org.apache.commons.lang3.function.FailableFunctionsTest & moved to class org.apache.commons.lang3.LangAssertions,True,True
src/test/java/org/apache/commons/lang3/function/FailableFunctionsTest.java,Extract And Move Method,17,1,1,6b93cbe15693055e50a7f8550bd2baa93fa7f870,55,128,Extract And Move Method public assertNullPointerException(executable Executable) : NullPointerException extracted from package testIntConsumerAndThen() : void in class org.apache.commons.lang3.function.FailableFunctionsTest & moved to class org.apache.commons.lang3.LangAssertions,True,True
src/test/java/org/apache/commons/lang3/function/FailableFunctionsTest.java,Extract And Move Method,18,1,1,6b93cbe15693055e50a7f8550bd2baa93fa7f870,55,129,Extract And Move Method public assertNullPointerException(executable Executable) : NullPointerException extracted from package testIntUnaryOperatorAndThen() : void in class org.apache.commons.lang3.function.FailableFunctionsTest & moved to class org.apache.commons.lang3.LangAssertions,True,True
src/test/java/org/apache/commons/lang3/function/FailableFunctionsTest.java,Extract And Move Method,18,1,1,6b93cbe15693055e50a7f8550bd2baa93fa7f870,55,130,Extract And Move Method public assertNullPointerException(executable Executable) : NullPointerException extracted from package testIntUnaryOperatorCompose() : void in class org.apache.commons.lang3.function.FailableFunctionsTest & moved to class org.apache.commons.lang3.LangAssertions,True,True
src/test/java/org/apache/commons/lang3/function/FailableFunctionsTest.java,Extract And Move Method,8,1,1,6b93cbe15693055e50a7f8550bd2baa93fa7f870,55,131,Extract And Move Method public assertNullPointerException(executable Executable) : NullPointerException extracted from package testIntUnaryOperatorIdentity() : void in class org.apache.commons.lang3.function.FailableFunctionsTest & moved to class org.apache.commons.lang3.LangAssertions,True,True
src/test/java/org/apache/commons/lang3/function/FailableFunctionsTest.java,Extract And Move Method,17,1,1,6b93cbe15693055e50a7f8550bd2baa93fa7f870,55,132,Extract And Move Method public assertNullPointerException(executable Executable) : NullPointerException extracted from package testLongConsumerAndThen() : void in class org.apache.commons.lang3.function.FailableFunctionsTest & moved to class org.apache.commons.lang3.LangAssertions,True,True
src/test/java/org/apache/commons/lang3/function/FailableFunctionsTest.java,Extract And Move Method,10,1,1,6b93cbe15693055e50a7f8550bd2baa93fa7f870,55,133,Extract And Move Method public assertNullPointerException(executable Executable) : NullPointerException extracted from package testLongPredicateAnd() : void in class org.apache.commons.lang3.function.FailableFunctionsTest & moved to class org.apache.commons.lang3.LangAssertions,True,True
src/test/java/org/apache/commons/lang3/function/FailableFunctionsTest.java,Extract And Move Method,10,1,1,6b93cbe15693055e50a7f8550bd2baa93fa7f870,55,134,Extract And Move Method public assertNullPointerException(executable Executable) : NullPointerException extracted from package testLongPredicateOr() : void in class org.apache.commons.lang3.function.FailableFunctionsTest & moved to class org.apache.commons.lang3.LangAssertions,True,True
src/test/java/org/apache/commons/lang3/function/FailableFunctionsTest.java,Extract And Move Method,18,1,1,6b93cbe15693055e50a7f8550bd2baa93fa7f870,55,135,Extract And Move Method public assertNullPointerException(executable Executable) : NullPointerException extracted from package testLongUnaryOperatorAndThen() : void in class org.apache.commons.lang3.function.FailableFunctionsTest & moved to class org.apache.commons.lang3.LangAssertions,True,True
src/test/java/org/apache/commons/lang3/function/FailableFunctionsTest.java,Extract And Move Method,18,1,1,6b93cbe15693055e50a7f8550bd2baa93fa7f870,55,136,Extract And Move Method public assertNullPointerException(executable Executable) : NullPointerException extracted from package testLongUnaryOperatorCompose() : void in class org.apache.commons.lang3.function.FailableFunctionsTest & moved to class org.apache.commons.lang3.LangAssertions,True,True
src/test/java/org/apache/commons/lang3/function/FailableFunctionsTest.java,Extract And Move Method,8,1,1,6b93cbe15693055e50a7f8550bd2baa93fa7f870,55,137,Extract And Move Method public assertNullPointerException(executable Executable) : NullPointerException extracted from package testLongUnaryOperatorIdentity() : void in class org.apache.commons.lang3.function.FailableFunctionsTest & moved to class org.apache.commons.lang3.LangAssertions,True,True
src/test/java/org/apache/commons/lang3/function/FailableFunctionsTest.java,Extract And Move Method,10,1,1,6b93cbe15693055e50a7f8550bd2baa93fa7f870,55,138,Extract And Move Method public assertNullPointerException(executable Executable) : NullPointerException extracted from package testPredicateAnd() : void in class org.apache.commons.lang3.function.FailableFunctionsTest & moved to class org.apache.commons.lang3.LangAssertions,True,True
src/test/java/org/apache/commons/lang3/function/FailableFunctionsTest.java,Extract And Move Method,10,1,1,6b93cbe15693055e50a7f8550bd2baa93fa7f870,55,139,Extract And Move Method public assertNullPointerException(executable Executable) : NullPointerException extracted from package testPredicateOr() : void in class org.apache.commons.lang3.function.FailableFunctionsTest & moved to class org.apache.commons.lang3.LangAssertions,True,True
src/test/java/org/apache/commons/lang3/function/MethodInvokersBiConsumerTest.java,Extract And Move Method,4,1,1,6b93cbe15693055e50a7f8550bd2baa93fa7f870,55,140,Extract And Move Method public assertNullPointerException(executable Executable) : NullPointerException extracted from package testConstructorForNull() : void in class org.apache.commons.lang3.function.MethodInvokersBiConsumerTest & moved to class org.apache.commons.lang3.LangAssertions,True,True
src/test/java/org/apache/commons/lang3/function/MethodInvokersBiFunctionTest.java,Extract And Move Method,4,1,1,6b93cbe15693055e50a7f8550bd2baa93fa7f870,55,141,Extract And Move Method public assertNullPointerException(executable Executable) : NullPointerException extracted from package testConstructorForNull() : void in class org.apache.commons.lang3.function.MethodInvokersBiFunctionTest & moved to class org.apache.commons.lang3.LangAssertions,True,True
src/test/java/org/apache/commons/lang3/function/MethodInvokersFailableBiConsumerTest.java,Extract And Move Method,4,1,1,6b93cbe15693055e50a7f8550bd2baa93fa7f870,55,142,Extract And Move Method public assertNullPointerException(executable Executable) : NullPointerException extracted from package testConstructorForNull() : void in class org.apache.commons.lang3.function.MethodInvokersFailableBiConsumerTest & moved to class org.apache.commons.lang3.LangAssertions,True,True
src/test/java/org/apache/commons/lang3/function/MethodInvokersFailableBiFunctionTest.java,Extract And Move Method,4,1,1,6b93cbe15693055e50a7f8550bd2baa93fa7f870,55,143,Extract And Move Method public assertNullPointerException(executable Executable) : NullPointerException extracted from package testConstructorForNull() : void in class org.apache.commons.lang3.function.MethodInvokersFailableBiFunctionTest & moved to class org.apache.commons.lang3.LangAssertions,True,True
src/test/java/org/apache/commons/lang3/function/MethodInvokersFailableFunctionTest.java,Extract And Move Method,4,1,1,6b93cbe15693055e50a7f8550bd2baa93fa7f870,55,144,Extract And Move Method public assertNullPointerException(executable Executable) : NullPointerException extracted from package testConstructorForNull() : void in class org.apache.commons.lang3.function.MethodInvokersFailableFunctionTest & moved to class org.apache.commons.lang3.LangAssertions,True,True
src/test/java/org/apache/commons/lang3/function/MethodInvokersFunctionTest.java,Extract And Move Method,4,1,1,6b93cbe15693055e50a7f8550bd2baa93fa7f870,55,145,Extract And Move Method public assertNullPointerException(executable Executable) : NullPointerException extracted from package testConstructorForNull() : void in class org.apache.commons.lang3.function.MethodInvokersFunctionTest & moved to class org.apache.commons.lang3.LangAssertions,True,True
src/test/java/org/apache/commons/lang3/math/FractionTest.java,Extract And Move Method,99,1,1,6b93cbe15693055e50a7f8550bd2baa93fa7f870,55,146,Extract And Move Method public assertNullPointerException(executable Executable) : NullPointerException extracted from package testAdd() : void in class org.apache.commons.lang3.math.FractionTest & moved to class org.apache.commons.lang3.LangAssertions,True,True
src/test/java/org/apache/commons/lang3/math/FractionTest.java,Extract And Move Method,32,1,1,6b93cbe15693055e50a7f8550bd2baa93fa7f870,55,147,Extract And Move Method public assertNullPointerException(executable Executable) : NullPointerException extracted from package testCompareTo() : void in class org.apache.commons.lang3.math.FractionTest & moved to class org.apache.commons.lang3.LangAssertions,True,True
src/test/java/org/apache/commons/lang3/math/FractionTest.java,Extract And Move Method,44,1,1,6b93cbe15693055e50a7f8550bd2baa93fa7f870,55,148,Extract And Move Method public assertNullPointerException(executable Executable) : NullPointerException extracted from package testDivide() : void in class org.apache.commons.lang3.math.FractionTest & moved to class org.apache.commons.lang3.LangAssertions,True,True
src/test/java/org/apache/commons/lang3/math/FractionTest.java,Extract And Move Method,4,1,1,6b93cbe15693055e50a7f8550bd2baa93fa7f870,55,149,Extract And Move Method public assertNullPointerException(executable Executable) : NullPointerException extracted from package testFactory_String() : void in class org.apache.commons.lang3.math.FractionTest & moved to class org.apache.commons.lang3.LangAssertions,True,True
src/test/java/org/apache/commons/lang3/math/FractionTest.java,Extract And Move Method,59,1,1,6b93cbe15693055e50a7f8550bd2baa93fa7f870,55,150,Extract And Move Method public assertNullPointerException(executable Executable) : NullPointerException extracted from package testMultiply() : void in class org.apache.commons.lang3.math.FractionTest & moved to class org.apache.commons.lang3.LangAssertions,True,True
src/test/java/org/apache/commons/lang3/math/FractionTest.java,Extract And Move Method,89,1,1,6b93cbe15693055e50a7f8550bd2baa93fa7f870,55,151,Extract And Move Method public assertNullPointerException(executable Executable) : NullPointerException extracted from package testSubtract() : void in class org.apache.commons.lang3.math.FractionTest & moved to class org.apache.commons.lang3.LangAssertions,True,True
src/test/java/org/apache/commons/lang3/math/NumberUtilsTest.java,Extract And Move Method,4,1,1,6b93cbe15693055e50a7f8550bd2baa93fa7f870,55,152,Extract And Move Method public assertNullPointerException(executable Executable) : NullPointerException extracted from package testMaxByte_nullArray() : void in class org.apache.commons.lang3.math.NumberUtilsTest & moved to class org.apache.commons.lang3.LangAssertions,True,True
src/test/java/org/apache/commons/lang3/math/NumberUtilsTest.java,Extract And Move Method,4,1,1,6b93cbe15693055e50a7f8550bd2baa93fa7f870,55,153,Extract And Move Method public assertNullPointerException(executable Executable) : NullPointerException extracted from package testMaxDouble_nullArray() : void in class org.apache.commons.lang3.math.NumberUtilsTest & moved to class org.apache.commons.lang3.LangAssertions,True,True
src/test/java/org/apache/commons/lang3/math/NumberUtilsTest.java,Extract And Move Method,4,1,1,6b93cbe15693055e50a7f8550bd2baa93fa7f870,55,154,Extract And Move Method public assertNullPointerException(executable Executable) : NullPointerException extracted from package testMaxFloat_nullArray() : void in class org.apache.commons.lang3.math.NumberUtilsTest & moved to class org.apache.commons.lang3.LangAssertions,True,True
src/test/java/org/apache/commons/lang3/math/NumberUtilsTest.java,Extract And Move Method,4,1,1,6b93cbe15693055e50a7f8550bd2baa93fa7f870,55,155,Extract And Move Method public assertNullPointerException(executable Executable) : NullPointerException extracted from package testMaxInt_nullArray() : void in class org.apache.commons.lang3.math.NumberUtilsTest & moved to class org.apache.commons.lang3.LangAssertions,True,True
src/test/java/org/apache/commons/lang3/math/NumberUtilsTest.java,Extract And Move Method,4,1,1,6b93cbe15693055e50a7f8550bd2baa93fa7f870,55,156,Extract And Move Method public assertNullPointerException(executable Executable) : NullPointerException extracted from package testMaxLong_nullArray() : void in class org.apache.commons.lang3.math.NumberUtilsTest & moved to class org.apache.commons.lang3.LangAssertions,True,True
src/test/java/org/apache/commons/lang3/math/NumberUtilsTest.java,Extract And Move Method,4,1,1,6b93cbe15693055e50a7f8550bd2baa93fa7f870,55,157,Extract And Move Method public assertNullPointerException(executable Executable) : NullPointerException extracted from package testMaxShort_nullArray() : void in class org.apache.commons.lang3.math.NumberUtilsTest & moved to class org.apache.commons.lang3.LangAssertions,True,True
src/test/java/org/apache/commons/lang3/math/NumberUtilsTest.java,Extract And Move Method,4,1,1,6b93cbe15693055e50a7f8550bd2baa93fa7f870,55,158,Extract And Move Method public assertNullPointerException(executable Executable) : NullPointerException extracted from package testMinByte_nullArray() : void in class org.apache.commons.lang3.math.NumberUtilsTest & moved to class org.apache.commons.lang3.LangAssertions,True,True
src/test/java/org/apache/commons/lang3/math/NumberUtilsTest.java,Extract And Move Method,4,1,1,6b93cbe15693055e50a7f8550bd2baa93fa7f870,55,159,Extract And Move Method public assertNullPointerException(executable Executable) : NullPointerException extracted from package testMinDouble_nullArray() : void in class org.apache.commons.lang3.math.NumberUtilsTest & moved to class org.apache.commons.lang3.LangAssertions,True,True
src/test/java/org/apache/commons/lang3/math/NumberUtilsTest.java,Extract And Move Method,4,1,1,6b93cbe15693055e50a7f8550bd2baa93fa7f870,55,160,Extract And Move Method public assertNullPointerException(executable Executable) : NullPointerException extracted from package testMinFloat_nullArray() : void in class org.apache.commons.lang3.math.NumberUtilsTest & moved to class org.apache.commons.lang3.LangAssertions,True,True
src/test/java/org/apache/commons/lang3/math/NumberUtilsTest.java,Extract And Move Method,4,1,1,6b93cbe15693055e50a7f8550bd2baa93fa7f870,55,161,Extract And Move Method public assertNullPointerException(executable Executable) : NullPointerException extracted from package testMinInt_nullArray() : void in class org.apache.commons.lang3.math.NumberUtilsTest & moved to class org.apache.commons.lang3.LangAssertions,True,True
src/test/java/org/apache/commons/lang3/math/NumberUtilsTest.java,Extract And Move Method,4,1,1,6b93cbe15693055e50a7f8550bd2baa93fa7f870,55,162,Extract And Move Method public assertNullPointerException(executable Executable) : NullPointerException extracted from package testMinLong_nullArray() : void in class org.apache.commons.lang3.math.NumberUtilsTest & moved to class org.apache.commons.lang3.LangAssertions,True,True
src/test/java/org/apache/commons/lang3/math/NumberUtilsTest.java,Extract And Move Method,4,1,1,6b93cbe15693055e50a7f8550bd2baa93fa7f870,55,163,Extract And Move Method public assertNullPointerException(executable Executable) : NullPointerException extracted from package testMinShort_nullArray() : void in class org.apache.commons.lang3.math.NumberUtilsTest & moved to class org.apache.commons.lang3.LangAssertions,True,True
src/test/java/org/apache/commons/lang3/mutable/MutableBooleanTest.java,Extract And Move Method,5,1,1,6b93cbe15693055e50a7f8550bd2baa93fa7f870,55,164,Extract And Move Method public assertNullPointerException(executable Executable) : NullPointerException extracted from package testCompareToNull() : void in class org.apache.commons.lang3.mutable.MutableBooleanTest & moved to class org.apache.commons.lang3.LangAssertions,True,True
src/test/java/org/apache/commons/lang3/mutable/MutableBooleanTest.java,Extract And Move Method,4,1,1,6b93cbe15693055e50a7f8550bd2baa93fa7f870,55,165,Extract And Move Method public assertNullPointerException(executable Executable) : NullPointerException extracted from package testConstructorNull() : void in class org.apache.commons.lang3.mutable.MutableBooleanTest & moved to class org.apache.commons.lang3.LangAssertions,True,True
src/test/java/org/apache/commons/lang3/mutable/MutableBooleanTest.java,Extract And Move Method,5,1,1,6b93cbe15693055e50a7f8550bd2baa93fa7f870,55,166,Extract And Move Method public assertNullPointerException(executable Executable) : NullPointerException extracted from package testSetNull() : void in class org.apache.commons.lang3.mutable.MutableBooleanTest & moved to class org.apache.commons.lang3.LangAssertions,True,True
src/test/java/org/apache/commons/lang3/mutable/MutableByteTest.java,Extract And Move Method,5,1,1,6b93cbe15693055e50a7f8550bd2baa93fa7f870,55,167,Extract And Move Method public assertNullPointerException(executable Executable) : NullPointerException extracted from package testCompareToNull() : void in class org.apache.commons.lang3.mutable.MutableByteTest & moved to class org.apache.commons.lang3.LangAssertions,True,True
src/test/java/org/apache/commons/lang3/mutable/MutableByteTest.java,Extract And Move Method,4,1,1,6b93cbe15693055e50a7f8550bd2baa93fa7f870,55,168,Extract And Move Method public assertNullPointerException(executable Executable) : NullPointerException extracted from package testConstructorNull() : void in class org.apache.commons.lang3.mutable.MutableByteTest & moved to class org.apache.commons.lang3.LangAssertions,True,True
src/test/java/org/apache/commons/lang3/mutable/MutableByteTest.java,Extract And Move Method,5,1,1,6b93cbe15693055e50a7f8550bd2baa93fa7f870,55,169,Extract And Move Method public assertNullPointerException(executable Executable) : NullPointerException extracted from package testSetNull() : void in class org.apache.commons.lang3.mutable.MutableByteTest & moved to class org.apache.commons.lang3.LangAssertions,True,True
src/test/java/org/apache/commons/lang3/mutable/MutableDoubleTest.java,Extract And Move Method,5,1,1,6b93cbe15693055e50a7f8550bd2baa93fa7f870,55,170,Extract And Move Method public assertNullPointerException(executable Executable) : NullPointerException extracted from package testCompareToNull() : void in class org.apache.commons.lang3.mutable.MutableDoubleTest & moved to class org.apache.commons.lang3.LangAssertions,True,True
src/test/java/org/apache/commons/lang3/mutable/MutableDoubleTest.java,Extract And Move Method,4,1,1,6b93cbe15693055e50a7f8550bd2baa93fa7f870,55,171,Extract And Move Method public assertNullPointerException(executable Executable) : NullPointerException extracted from package testConstructorNull() : void in class org.apache.commons.lang3.mutable.MutableDoubleTest & moved to class org.apache.commons.lang3.LangAssertions,True,True
src/test/java/org/apache/commons/lang3/mutable/MutableDoubleTest.java,Extract And Move Method,5,1,1,6b93cbe15693055e50a7f8550bd2baa93fa7f870,55,172,Extract And Move Method public assertNullPointerException(executable Executable) : NullPointerException extracted from package testSetNull() : void in class org.apache.commons.lang3.mutable.MutableDoubleTest & moved to class org.apache.commons.lang3.LangAssertions,True,True
src/test/java/org/apache/commons/lang3/mutable/MutableFloatTest.java,Extract And Move Method,5,1,1,6b93cbe15693055e50a7f8550bd2baa93fa7f870,55,173,Extract And Move Method public assertNullPointerException(executable Executable) : NullPointerException extracted from package testCompareToNull() : void in class org.apache.commons.lang3.mutable.MutableFloatTest & moved to class org.apache.commons.lang3.LangAssertions,True,True
src/test/java/org/apache/commons/lang3/mutable/MutableFloatTest.java,Extract And Move Method,4,1,1,6b93cbe15693055e50a7f8550bd2baa93fa7f870,55,174,Extract And Move Method public assertNullPointerException(executable Executable) : NullPointerException extracted from package testConstructorNull() : void in class org.apache.commons.lang3.mutable.MutableFloatTest & moved to class org.apache.commons.lang3.LangAssertions,True,True
src/test/java/org/apache/commons/lang3/mutable/MutableFloatTest.java,Extract And Move Method,5,1,1,6b93cbe15693055e50a7f8550bd2baa93fa7f870,55,175,Extract And Move Method public assertNullPointerException(executable Executable) : NullPointerException extracted from package testSetNull() : void in class org.apache.commons.lang3.mutable.MutableFloatTest & moved to class org.apache.commons.lang3.LangAssertions,True,True
src/test/java/org/apache/commons/lang3/mutable/MutableIntTest.java,Extract And Move Method,5,1,1,6b93cbe15693055e50a7f8550bd2baa93fa7f870,55,176,Extract And Move Method public assertNullPointerException(executable Executable) : NullPointerException extracted from package testCompareToNull() : void in class org.apache.commons.lang3.mutable.MutableIntTest & moved to class org.apache.commons.lang3.LangAssertions,True,True
src/test/java/org/apache/commons/lang3/mutable/MutableIntTest.java,Extract And Move Method,4,1,1,6b93cbe15693055e50a7f8550bd2baa93fa7f870,55,177,Extract And Move Method public assertNullPointerException(executable Executable) : NullPointerException extracted from package testConstructorNull() : void in class org.apache.commons.lang3.mutable.MutableIntTest & moved to class org.apache.commons.lang3.LangAssertions,True,True
src/test/java/org/apache/commons/lang3/mutable/MutableIntTest.java,Extract And Move Method,5,1,1,6b93cbe15693055e50a7f8550bd2baa93fa7f870,55,178,Extract And Move Method public assertNullPointerException(executable Executable) : NullPointerException extracted from package testSetNull() : void in class org.apache.commons.lang3.mutable.MutableIntTest & moved to class org.apache.commons.lang3.LangAssertions,True,True
src/test/java/org/apache/commons/lang3/mutable/MutableLongTest.java,Extract And Move Method,5,1,1,6b93cbe15693055e50a7f8550bd2baa93fa7f870,55,179,Extract And Move Method public assertNullPointerException(executable Executable) : NullPointerException extracted from package testCompareToNull() : void in class org.apache.commons.lang3.mutable.MutableLongTest & moved to class org.apache.commons.lang3.LangAssertions,True,True
src/test/java/org/apache/commons/lang3/mutable/MutableLongTest.java,Extract And Move Method,4,1,1,6b93cbe15693055e50a7f8550bd2baa93fa7f870,55,180,Extract And Move Method public assertNullPointerException(executable Executable) : NullPointerException extracted from package testConstructorNull() : void in class org.apache.commons.lang3.mutable.MutableLongTest & moved to class org.apache.commons.lang3.LangAssertions,True,True
src/test/java/org/apache/commons/lang3/mutable/MutableLongTest.java,Extract And Move Method,5,1,1,6b93cbe15693055e50a7f8550bd2baa93fa7f870,55,181,Extract And Move Method public assertNullPointerException(executable Executable) : NullPointerException extracted from package testSetNull() : void in class org.apache.commons.lang3.mutable.MutableLongTest & moved to class org.apache.commons.lang3.LangAssertions,True,True
src/test/java/org/apache/commons/lang3/mutable/MutableShortTest.java,Extract And Move Method,9,1,1,6b93cbe15693055e50a7f8550bd2baa93fa7f870,55,182,Extract And Move Method public assertNullPointerException(executable Executable) : NullPointerException extracted from package testCompareTo() : void in class org.apache.commons.lang3.mutable.MutableShortTest & moved to class org.apache.commons.lang3.LangAssertions,True,True
src/test/java/org/apache/commons/lang3/mutable/MutableShortTest.java,Extract And Move Method,13,1,1,6b93cbe15693055e50a7f8550bd2baa93fa7f870,55,183,Extract And Move Method public assertNullPointerException(executable Executable) : NullPointerException extracted from package testConstructors() : void in class org.apache.commons.lang3.mutable.MutableShortTest & moved to class org.apache.commons.lang3.LangAssertions,True,True
src/test/java/org/apache/commons/lang3/mutable/MutableShortTest.java,Extract And Move Method,23,1,1,6b93cbe15693055e50a7f8550bd2baa93fa7f870,55,184,Extract And Move Method public assertNullPointerException(executable Executable) : NullPointerException extracted from package testGetSet() : void in class org.apache.commons.lang3.mutable.MutableShortTest & moved to class org.apache.commons.lang3.LangAssertions,True,True
src/test/java/org/apache/commons/lang3/reflect/FieldUtilsTest.java,Extract And Move Method,4,1,1,6b93cbe15693055e50a7f8550bd2baa93fa7f870,55,185,Extract And Move Method public assertNullPointerException(executable Executable) : NullPointerException extracted from package testGetAllFieldListsNullPointerException() : void in class org.apache.commons.lang3.reflect.FieldUtilsTest & moved to class org.apache.commons.lang3.LangAssertions,True,True
src/test/java/org/apache/commons/lang3/reflect/FieldUtilsTest.java,Extract And Move Method,4,1,1,6b93cbe15693055e50a7f8550bd2baa93fa7f870,55,186,Extract And Move Method public assertNullPointerException(executable Executable) : NullPointerException extracted from package testGetAllFieldsNullPointerException() : void in class org.apache.commons.lang3.reflect.FieldUtilsTest & moved to class org.apache.commons.lang3.LangAssertions,True,True
src/test/java/org/apache/commons/lang3/reflect/FieldUtilsTest.java,Extract And Move Method,4,1,1,6b93cbe15693055e50a7f8550bd2baa93fa7f870,55,187,Extract And Move Method public assertNullPointerException(executable Executable) : NullPointerException extracted from package testGetDeclaredFieldAccessNullPointerException() : void in class org.apache.commons.lang3.reflect.FieldUtilsTest & moved to class org.apache.commons.lang3.LangAssertions,True,True
src/test/java/org/apache/commons/lang3/reflect/FieldUtilsTest.java,Extract And Move Method,4,1,1,6b93cbe15693055e50a7f8550bd2baa93fa7f870,55,188,Extract And Move Method public assertNullPointerException(executable Executable) : NullPointerException extracted from package testGetDeclaredFieldForceAccessNullPointerException() : void in class org.apache.commons.lang3.reflect.FieldUtilsTest & moved to class org.apache.commons.lang3.LangAssertions,True,True
src/test/java/org/apache/commons/lang3/reflect/FieldUtilsTest.java,Extract And Move Method,4,1,1,6b93cbe15693055e50a7f8550bd2baa93fa7f870,55,189,Extract And Move Method public assertNullPointerException(executable Executable) : NullPointerException extracted from package testGetFieldForceAccessNullPointerException() : void in class org.apache.commons.lang3.reflect.FieldUtilsTest & moved to class org.apache.commons.lang3.LangAssertions,True,True
src/test/java/org/apache/commons/lang3/reflect/FieldUtilsTest.java,Extract And Move Method,4,1,1,6b93cbe15693055e50a7f8550bd2baa93fa7f870,55,190,Extract And Move Method public assertNullPointerException(executable Executable) : NullPointerException extracted from package testGetFieldNullPointerException() : void in class org.apache.commons.lang3.reflect.FieldUtilsTest & moved to class org.apache.commons.lang3.LangAssertions,True,True
src/test/java/org/apache/commons/lang3/reflect/FieldUtilsTest.java,Extract And Move Method,4,1,1,6b93cbe15693055e50a7f8550bd2baa93fa7f870,55,191,Extract And Move Method public assertNullPointerException(executable Executable) : NullPointerException extracted from package testGetFieldsListWithAnnotationNullPointerException() : void in class org.apache.commons.lang3.reflect.FieldUtilsTest & moved to class org.apache.commons.lang3.LangAssertions,True,True
src/test/java/org/apache/commons/lang3/reflect/FieldUtilsTest.java,Extract And Move Method,4,1,1,6b93cbe15693055e50a7f8550bd2baa93fa7f870,55,192,Extract And Move Method public assertNullPointerException(executable Executable) : NullPointerException extracted from package testGetFieldsListWithAnnotationNullPointerException2() : void in class org.apache.commons.lang3.reflect.FieldUtilsTest & moved to class org.apache.commons.lang3.LangAssertions,True,True
src/test/java/org/apache/commons/lang3/reflect/FieldUtilsTest.java,Extract And Move Method,4,1,1,6b93cbe15693055e50a7f8550bd2baa93fa7f870,55,193,Extract And Move Method public assertNullPointerException(executable Executable) : NullPointerException extracted from package testGetFieldsListWithAnnotationNullPointerException3() : void in class org.apache.commons.lang3.reflect.FieldUtilsTest & moved to class org.apache.commons.lang3.LangAssertions,True,True
src/test/java/org/apache/commons/lang3/reflect/FieldUtilsTest.java,Extract And Move Method,4,1,1,6b93cbe15693055e50a7f8550bd2baa93fa7f870,55,194,Extract And Move Method public assertNullPointerException(executable Executable) : NullPointerException extracted from package testGetFieldsWithAnnotationNullPointerException1() : void in class org.apache.commons.lang3.reflect.FieldUtilsTest & moved to class org.apache.commons.lang3.LangAssertions,True,True
src/test/java/org/apache/commons/lang3/reflect/FieldUtilsTest.java,Extract And Move Method,4,1,1,6b93cbe15693055e50a7f8550bd2baa93fa7f870,55,195,Extract And Move Method public assertNullPointerException(executable Executable) : NullPointerException extracted from package testGetFieldsWithAnnotationNullPointerException2() : void in class org.apache.commons.lang3.reflect.FieldUtilsTest & moved to class org.apache.commons.lang3.LangAssertions,True,True
src/test/java/org/apache/commons/lang3/reflect/FieldUtilsTest.java,Extract And Move Method,4,1,1,6b93cbe15693055e50a7f8550bd2baa93fa7f870,55,196,Extract And Move Method public assertNullPointerException(executable Executable) : NullPointerException extracted from package testGetFieldsWithAnnotationNullPointerException3() : void in class org.apache.commons.lang3.reflect.FieldUtilsTest & moved to class org.apache.commons.lang3.LangAssertions,True,True
src/test/java/org/apache/commons/lang3/reflect/FieldUtilsTest.java,Extract And Move Method,25,1,1,6b93cbe15693055e50a7f8550bd2baa93fa7f870,55,197,Extract And Move Method public assertNullPointerException(executable Executable) : NullPointerException extracted from package testReadDeclaredNamedStaticField() : void in class org.apache.commons.lang3.reflect.FieldUtilsTest & moved to class org.apache.commons.lang3.LangAssertions,True,True
src/test/java/org/apache/commons/lang3/reflect/FieldUtilsTest.java,Extract And Move Method,4,1,1,6b93cbe15693055e50a7f8550bd2baa93fa7f870,55,198,Extract And Move Method public assertNullPointerException(executable Executable) : NullPointerException extracted from package testReadStaticFieldForceAccessNullPointerException() : void in class org.apache.commons.lang3.reflect.FieldUtilsTest & moved to class org.apache.commons.lang3.LangAssertions,True,True
src/test/java/org/apache/commons/lang3/reflect/FieldUtilsTest.java,Extract And Move Method,4,1,1,6b93cbe15693055e50a7f8550bd2baa93fa7f870,55,199,Extract And Move Method public assertNullPointerException(executable Executable) : NullPointerException extracted from package testReadStaticFieldNullPointerException() : void in class org.apache.commons.lang3.reflect.FieldUtilsTest & moved to class org.apache.commons.lang3.LangAssertions,True,True
src/test/java/org/apache/commons/lang3/reflect/FieldUtilsTest.java,Extract And Move Method,4,1,1,6b93cbe15693055e50a7f8550bd2baa93fa7f870,55,200,Extract And Move Method public assertNullPointerException(executable Executable) : NullPointerException extracted from package testRemoveFinalModifierNullPointerException() : void in class org.apache.commons.lang3.reflect.FieldUtilsTest & moved to class org.apache.commons.lang3.LangAssertions,True,True
src/test/java/org/apache/commons/lang3/reflect/FieldUtilsTest.java,Extract And Move Method,4,1,1,6b93cbe15693055e50a7f8550bd2baa93fa7f870,55,201,Extract And Move Method public assertNullPointerException(executable Executable) : NullPointerException extracted from package testRemoveFinalModifierWithAccessNullPointerException() : void in class org.apache.commons.lang3.reflect.FieldUtilsTest & moved to class org.apache.commons.lang3.LangAssertions,True,True
src/test/java/org/apache/commons/lang3/reflect/MethodUtilsTest.java,Extract And Move Method,4,1,1,6b93cbe15693055e50a7f8550bd2baa93fa7f870,55,202,Extract And Move Method public assertNullPointerException(executable Executable) : NullPointerException extracted from package testGetAnnotationIllegalArgumentException2() : void in class org.apache.commons.lang3.reflect.MethodUtilsTest & moved to class org.apache.commons.lang3.LangAssertions,True,True
src/test/java/org/apache/commons/lang3/reflect/MethodUtilsTest.java,Extract And Move Method,4,1,1,6b93cbe15693055e50a7f8550bd2baa93fa7f870,55,203,Extract And Move Method public assertNullPointerException(executable Executable) : NullPointerException extracted from package testGetAnnotationIllegalArgumentException3() : void in class org.apache.commons.lang3.reflect.MethodUtilsTest & moved to class org.apache.commons.lang3.LangAssertions,True,True
src/test/java/org/apache/commons/lang3/reflect/MethodUtilsTest.java,Extract And Move Method,4,1,1,6b93cbe15693055e50a7f8550bd2baa93fa7f870,55,204,Extract And Move Method public assertNullPointerException(executable Executable) : NullPointerException extracted from package testGetMethodsListWithAnnotationNullPointerException1() : void in class org.apache.commons.lang3.reflect.MethodUtilsTest & moved to class org.apache.commons.lang3.LangAssertions,True,True
src/test/java/org/apache/commons/lang3/reflect/MethodUtilsTest.java,Extract And Move Method,4,1,1,6b93cbe15693055e50a7f8550bd2baa93fa7f870,55,205,Extract And Move Method public assertNullPointerException(executable Executable) : NullPointerException extracted from package testGetMethodsListWithAnnotationNullPointerException2() : void in class org.apache.commons.lang3.reflect.MethodUtilsTest & moved to class org.apache.commons.lang3.LangAssertions,True,True
src/test/java/org/apache/commons/lang3/reflect/MethodUtilsTest.java,Extract And Move Method,4,1,1,6b93cbe15693055e50a7f8550bd2baa93fa7f870,55,206,Extract And Move Method public assertNullPointerException(executable Executable) : NullPointerException extracted from package testGetMethodsListWithAnnotationNullPointerException3() : void in class org.apache.commons.lang3.reflect.MethodUtilsTest & moved to class org.apache.commons.lang3.LangAssertions,True,True
src/test/java/org/apache/commons/lang3/reflect/MethodUtilsTest.java,Extract And Move Method,4,1,1,6b93cbe15693055e50a7f8550bd2baa93fa7f870,55,207,Extract And Move Method public assertNullPointerException(executable Executable) : NullPointerException extracted from package testGetMethodsWithAnnotationIllegalArgumentException1() : void in class org.apache.commons.lang3.reflect.MethodUtilsTest & moved to class org.apache.commons.lang3.LangAssertions,True,True
src/test/java/org/apache/commons/lang3/reflect/MethodUtilsTest.java,Extract And Move Method,4,1,1,6b93cbe15693055e50a7f8550bd2baa93fa7f870,55,208,Extract And Move Method public assertNullPointerException(executable Executable) : NullPointerException extracted from package testGetMethodsWithAnnotationIllegalArgumentException2() : void in class org.apache.commons.lang3.reflect.MethodUtilsTest & moved to class org.apache.commons.lang3.LangAssertions,True,True
src/test/java/org/apache/commons/lang3/reflect/MethodUtilsTest.java,Extract And Move Method,4,1,1,6b93cbe15693055e50a7f8550bd2baa93fa7f870,55,209,Extract And Move Method public assertNullPointerException(executable Executable) : NullPointerException extracted from package testGetMethodsWithAnnotationIllegalArgumentException3() : void in class org.apache.commons.lang3.reflect.MethodUtilsTest & moved to class org.apache.commons.lang3.LangAssertions,True,True
src/test/java/org/apache/commons/lang3/reflect/MethodUtilsTest.java,Extract And Move Method,46,1,1,6b93cbe15693055e50a7f8550bd2baa93fa7f870,55,210,Extract And Move Method public assertNullPointerException(executable Executable) : NullPointerException extracted from package testInvokeMethod() : void in class org.apache.commons.lang3.reflect.MethodUtilsTest & moved to class org.apache.commons.lang3.LangAssertions,True,True
src/test/java/org/apache/commons/lang3/reflect/TypeLiteralTest.java,Extract And Move Method,6,1,1,6b93cbe15693055e50a7f8550bd2baa93fa7f870,55,211,Extract And Move Method public assertNullPointerException(executable Executable) : NullPointerException extracted from package testRaw() : void in class org.apache.commons.lang3.reflect.TypeLiteralTest & moved to class org.apache.commons.lang3.LangAssertions,True,True
src/test/java/org/apache/commons/lang3/reflect/TypeUtilsTest.java,Extract And Move Method,11,1,1,6b93cbe15693055e50a7f8550bd2baa93fa7f870,55,212,Extract And Move Method public assertNullPointerException(executable Executable) : NullPointerException extracted from package testDetermineTypeArguments() : void in class org.apache.commons.lang3.reflect.TypeUtilsTest & moved to class org.apache.commons.lang3.LangAssertions,True,True
src/test/java/org/apache/commons/lang3/reflect/TypeUtilsTest.java,Extract And Move Method,6,1,1,6b93cbe15693055e50a7f8550bd2baa93fa7f870,55,213,Extract And Move Method public assertNullPointerException(executable Executable) : NullPointerException extracted from package testParameterizeNullPointerException() : void in class org.apache.commons.lang3.reflect.TypeUtilsTest & moved to class org.apache.commons.lang3.LangAssertions,True,True
src/test/java/org/apache/commons/lang3/reflect/TypeUtilsTest.java,Extract And Move Method,4,1,1,6b93cbe15693055e50a7f8550bd2baa93fa7f870,55,214,Extract And Move Method public assertNullPointerException(executable Executable) : NullPointerException extracted from package testParameterizeVarArgsNullPointerException() : void in class org.apache.commons.lang3.reflect.TypeUtilsTest & moved to class org.apache.commons.lang3.LangAssertions,True,True
src/test/java/org/apache/commons/lang3/reflect/TypeUtilsTest.java,Extract And Move Method,14,1,1,6b93cbe15693055e50a7f8550bd2baa93fa7f870,55,215,Extract And Move Method public assertNullPointerException(executable Executable) : NullPointerException extracted from package testParameterizeWithOwner3ArgsNullPointerException() : void in class org.apache.commons.lang3.reflect.TypeUtilsTest & moved to class org.apache.commons.lang3.LangAssertions,True,True
src/test/java/org/apache/commons/lang3/reflect/TypeUtilsTest.java,Extract And Move Method,5,1,1,6b93cbe15693055e50a7f8550bd2baa93fa7f870,55,216,Extract And Move Method public assertNullPointerException(executable Executable) : NullPointerException extracted from package testParameterizeWithOwnerVarArgsNullPointerException() : void in class org.apache.commons.lang3.reflect.TypeUtilsTest & moved to class org.apache.commons.lang3.LangAssertions,True,True
src/test/java/org/apache/commons/lang3/reflect/TypeUtilsTest.java,Extract And Move Method,9,1,1,6b93cbe15693055e50a7f8550bd2baa93fa7f870,55,217,Extract And Move Method public assertNullPointerException(executable Executable) : NullPointerException extracted from package testToLongString() : void in class org.apache.commons.lang3.reflect.TypeUtilsTest & moved to class org.apache.commons.lang3.LangAssertions,True,True
src/test/java/org/apache/commons/lang3/reflect/TypeUtilsTest.java,Extract And Move Method,7,1,1,6b93cbe15693055e50a7f8550bd2baa93fa7f870,55,218,Extract And Move Method public assertNullPointerException(executable Executable) : NullPointerException extracted from package testToString() : void in class org.apache.commons.lang3.reflect.TypeUtilsTest & moved to class org.apache.commons.lang3.LangAssertions,True,True
src/test/java/org/apache/commons/lang3/reflect/TypeUtilsTest.java,Extract And Move Method,14,1,1,6b93cbe15693055e50a7f8550bd2baa93fa7f870,55,219,Extract And Move Method public assertNullPointerException(executable Executable) : NullPointerException extracted from package testTypesSatisfyVariables() : void in class org.apache.commons.lang3.reflect.TypeUtilsTest & moved to class org.apache.commons.lang3.LangAssertions,True,True
src/test/java/org/apache/commons/lang3/text/StrSubstitutorTest.java,Extract And Move Method,21,1,1,6b93cbe15693055e50a7f8550bd2baa93fa7f870,55,220,Extract And Move Method public assertNullPointerException(executable Executable) : NullPointerException extracted from package testGetSetPrefix() : void in class org.apache.commons.lang3.text.StrSubstitutorTest & moved to class org.apache.commons.lang3.LangAssertions,True,True
src/test/java/org/apache/commons/lang3/text/StrSubstitutorTest.java,Extract And Move Method,21,1,1,6b93cbe15693055e50a7f8550bd2baa93fa7f870,55,221,Extract And Move Method public assertNullPointerException(executable Executable) : NullPointerException extracted from package testGetSetSuffix() : void in class org.apache.commons.lang3.text.StrSubstitutorTest & moved to class org.apache.commons.lang3.LangAssertions,True,True
src/test/java/org/apache/commons/lang3/time/DateUtilsFragmentTest.java,Extract And Move Method,8,1,1,6b93cbe15693055e50a7f8550bd2baa93fa7f870,55,222,Extract And Move Method public assertNullPointerException(executable Executable) : NullPointerException extracted from package testNullCalendar() : void in class org.apache.commons.lang3.time.DateUtilsFragmentTest & moved to class org.apache.commons.lang3.LangAssertions,True,True
src/test/java/org/apache/commons/lang3/time/DateUtilsFragmentTest.java,Extract And Move Method,8,1,1,6b93cbe15693055e50a7f8550bd2baa93fa7f870,55,223,Extract And Move Method public assertNullPointerException(executable Executable) : NullPointerException extracted from package testNullDate() : void in class org.apache.commons.lang3.time.DateUtilsFragmentTest & moved to class org.apache.commons.lang3.LangAssertions,True,True
src/test/java/org/apache/commons/lang3/time/DateUtilsTest.java,Extract And Move Method,19,1,1,6b93cbe15693055e50a7f8550bd2baa93fa7f870,55,224,Extract And Move Method public assertNullPointerException(executable Executable) : NullPointerException extracted from package testAddDays() : void in class org.apache.commons.lang3.time.DateUtilsTest & moved to class org.apache.commons.lang3.LangAssertions,True,True
src/test/java/org/apache/commons/lang3/time/DateUtilsTest.java,Extract And Move Method,19,1,1,6b93cbe15693055e50a7f8550bd2baa93fa7f870,55,225,Extract And Move Method public assertNullPointerException(executable Executable) : NullPointerException extracted from package testAddHours() : void in class org.apache.commons.lang3.time.DateUtilsTest & moved to class org.apache.commons.lang3.LangAssertions,True,True
src/test/java/org/apache/commons/lang3/time/DateUtilsTest.java,Extract And Move Method,19,1,1,6b93cbe15693055e50a7f8550bd2baa93fa7f870,55,226,Extract And Move Method public assertNullPointerException(executable Executable) : NullPointerException extracted from package testAddMilliseconds() : void in class org.apache.commons.lang3.time.DateUtilsTest & moved to class org.apache.commons.lang3.LangAssertions,True,True
src/test/java/org/apache/commons/lang3/time/DateUtilsTest.java,Extract And Move Method,19,1,1,6b93cbe15693055e50a7f8550bd2baa93fa7f870,55,227,Extract And Move Method public assertNullPointerException(executable Executable) : NullPointerException extracted from package testAddMinutes() : void in class org.apache.commons.lang3.time.DateUtilsTest & moved to class org.apache.commons.lang3.LangAssertions,True,True
src/test/java/org/apache/commons/lang3/time/DateUtilsTest.java,Extract And Move Method,19,1,1,6b93cbe15693055e50a7f8550bd2baa93fa7f870,55,228,Extract And Move Method public assertNullPointerException(executable Executable) : NullPointerException extracted from package testAddMonths() : void in class org.apache.commons.lang3.time.DateUtilsTest & moved to class org.apache.commons.lang3.LangAssertions,True,True
src/test/java/org/apache/commons/lang3/time/DateUtilsTest.java,Extract And Move Method,19,1,1,6b93cbe15693055e50a7f8550bd2baa93fa7f870,55,229,Extract And Move Method public assertNullPointerException(executable Executable) : NullPointerException extracted from package testAddSeconds() : void in class org.apache.commons.lang3.time.DateUtilsTest & moved to class org.apache.commons.lang3.LangAssertions,True,True
src/test/java/org/apache/commons/lang3/time/DateUtilsTest.java,Extract And Move Method,19,1,1,6b93cbe15693055e50a7f8550bd2baa93fa7f870,55,230,Extract And Move Method public assertNullPointerException(executable Executable) : NullPointerException extracted from package testAddWeeks() : void in class org.apache.commons.lang3.time.DateUtilsTest & moved to class org.apache.commons.lang3.LangAssertions,True,True
src/test/java/org/apache/commons/lang3/time/DateUtilsTest.java,Extract And Move Method,19,1,1,6b93cbe15693055e50a7f8550bd2baa93fa7f870,55,231,Extract And Move Method public assertNullPointerException(executable Executable) : NullPointerException extracted from package testAddYears() : void in class org.apache.commons.lang3.time.DateUtilsTest & moved to class org.apache.commons.lang3.LangAssertions,True,True
src/test/java/org/apache/commons/lang3/time/DateUtilsTest.java,Extract And Move Method,158,1,1,6b93cbe15693055e50a7f8550bd2baa93fa7f870,55,232,Extract And Move Method public assertNullPointerException(executable Executable) : NullPointerException extracted from package testCeiling() : void in class org.apache.commons.lang3.time.DateUtilsTest & moved to class org.apache.commons.lang3.LangAssertions,True,True
src/test/java/org/apache/commons/lang3/time/DateUtilsTest.java,Extract And Move Method,4,1,1,6b93cbe15693055e50a7f8550bd2baa93fa7f870,55,233,Extract And Move Method public assertNullPointerException(executable Executable) : NullPointerException extracted from package testIsSameDay_CalNotNullNull() : void in class org.apache.commons.lang3.time.DateUtilsTest & moved to class org.apache.commons.lang3.LangAssertions,True,True
src/test/java/org/apache/commons/lang3/time/DateUtilsTest.java,Extract And Move Method,4,1,1,6b93cbe15693055e50a7f8550bd2baa93fa7f870,55,234,Extract And Move Method public assertNullPointerException(executable Executable) : NullPointerException extracted from package testIsSameDay_CalNullNotNull() : void in class org.apache.commons.lang3.time.DateUtilsTest & moved to class org.apache.commons.lang3.LangAssertions,True,True
src/test/java/org/apache/commons/lang3/time/DateUtilsTest.java,Extract And Move Method,4,1,1,6b93cbe15693055e50a7f8550bd2baa93fa7f870,55,235,Extract And Move Method public assertNullPointerException(executable Executable) : NullPointerException extracted from package testIsSameDay_CalNullNull() : void in class org.apache.commons.lang3.time.DateUtilsTest & moved to class org.apache.commons.lang3.LangAssertions,True,True
src/test/java/org/apache/commons/lang3/time/DateUtilsTest.java,Extract And Move Method,4,1,1,6b93cbe15693055e50a7f8550bd2baa93fa7f870,55,236,Extract And Move Method public assertNullPointerException(executable Executable) : NullPointerException extracted from package testIsSameDay_DateNotNullNull() : void in class org.apache.commons.lang3.time.DateUtilsTest & moved to class org.apache.commons.lang3.LangAssertions,True,True
src/test/java/org/apache/commons/lang3/time/DateUtilsTest.java,Extract And Move Method,4,1,1,6b93cbe15693055e50a7f8550bd2baa93fa7f870,55,237,Extract And Move Method public assertNullPointerException(executable Executable) : NullPointerException extracted from package testIsSameDay_DateNullNotNull() : void in class org.apache.commons.lang3.time.DateUtilsTest & moved to class org.apache.commons.lang3.LangAssertions,True,True
src/test/java/org/apache/commons/lang3/time/DateUtilsTest.java,Extract And Move Method,4,1,1,6b93cbe15693055e50a7f8550bd2baa93fa7f870,55,238,Extract And Move Method public assertNullPointerException(executable Executable) : NullPointerException extracted from package testIsSameDay_DateNullNull() : void in class org.apache.commons.lang3.time.DateUtilsTest & moved to class org.apache.commons.lang3.LangAssertions,True,True
src/test/java/org/apache/commons/lang3/time/DateUtilsTest.java,Extract And Move Method,4,1,1,6b93cbe15693055e50a7f8550bd2baa93fa7f870,55,239,Extract And Move Method public assertNullPointerException(executable Executable) : NullPointerException extracted from package testIsSameInstant_CalNotNullNull() : void in class org.apache.commons.lang3.time.DateUtilsTest & moved to class org.apache.commons.lang3.LangAssertions,True,True
src/test/java/org/apache/commons/lang3/time/DateUtilsTest.java,Extract And Move Method,4,1,1,6b93cbe15693055e50a7f8550bd2baa93fa7f870,55,240,Extract And Move Method public assertNullPointerException(executable Executable) : NullPointerException extracted from package testIsSameInstant_CalNullNotNull() : void in class org.apache.commons.lang3.time.DateUtilsTest & moved to class org.apache.commons.lang3.LangAssertions,True,True
src/test/java/org/apache/commons/lang3/time/DateUtilsTest.java,Extract And Move Method,4,1,1,6b93cbe15693055e50a7f8550bd2baa93fa7f870,55,241,Extract And Move Method public assertNullPointerException(executable Executable) : NullPointerException extracted from package testIsSameInstant_CalNullNull() : void in class org.apache.commons.lang3.time.DateUtilsTest & moved to class org.apache.commons.lang3.LangAssertions,True,True
src/test/java/org/apache/commons/lang3/time/DateUtilsTest.java,Extract And Move Method,4,1,1,6b93cbe15693055e50a7f8550bd2baa93fa7f870,55,242,Extract And Move Method public assertNullPointerException(executable Executable) : NullPointerException extracted from package testIsSameInstant_DateNotNullNull() : void in class org.apache.commons.lang3.time.DateUtilsTest & moved to class org.apache.commons.lang3.LangAssertions,True,True
src/test/java/org/apache/commons/lang3/time/DateUtilsTest.java,Extract And Move Method,4,1,1,6b93cbe15693055e50a7f8550bd2baa93fa7f870,55,243,Extract And Move Method public assertNullPointerException(executable Executable) : NullPointerException extracted from package testIsSameInstant_DateNullNotNull() : void in class org.apache.commons.lang3.time.DateUtilsTest & moved to class org.apache.commons.lang3.LangAssertions,True,True
src/test/java/org/apache/commons/lang3/time/DateUtilsTest.java,Extract And Move Method,4,1,1,6b93cbe15693055e50a7f8550bd2baa93fa7f870,55,244,Extract And Move Method public assertNullPointerException(executable Executable) : NullPointerException extracted from package testIsSameInstant_DateNullNull() : void in class org.apache.commons.lang3.time.DateUtilsTest & moved to class org.apache.commons.lang3.LangAssertions,True,True
src/test/java/org/apache/commons/lang3/time/DateUtilsTest.java,Extract And Move Method,4,1,1,6b93cbe15693055e50a7f8550bd2baa93fa7f870,55,245,Extract And Move Method public assertNullPointerException(executable Executable) : NullPointerException extracted from package testIsSameLocalTime_CalNotNullNull() : void in class org.apache.commons.lang3.time.DateUtilsTest & moved to class org.apache.commons.lang3.LangAssertions,True,True
src/test/java/org/apache/commons/lang3/time/DateUtilsTest.java,Extract And Move Method,4,1,1,6b93cbe15693055e50a7f8550bd2baa93fa7f870,55,246,Extract And Move Method public assertNullPointerException(executable Executable) : NullPointerException extracted from package testIsSameLocalTime_CalNullNotNull() : void in class org.apache.commons.lang3.time.DateUtilsTest & moved to class org.apache.commons.lang3.LangAssertions,True,True
src/test/java/org/apache/commons/lang3/time/DateUtilsTest.java,Extract And Move Method,4,1,1,6b93cbe15693055e50a7f8550bd2baa93fa7f870,55,247,Extract And Move Method public assertNullPointerException(executable Executable) : NullPointerException extracted from package testIsSameLocalTime_CalNullNull() : void in class org.apache.commons.lang3.time.DateUtilsTest & moved to class org.apache.commons.lang3.LangAssertions,True,True
src/test/java/org/apache/commons/lang3/time/DateUtilsTest.java,Extract And Move Method,11,1,1,6b93cbe15693055e50a7f8550bd2baa93fa7f870,55,248,Extract And Move Method public assertNullPointerException(executable Executable) : NullPointerException extracted from package testIteratorEx() : void in class org.apache.commons.lang3.time.DateUtilsTest & moved to class org.apache.commons.lang3.LangAssertions,True,True
src/test/java/org/apache/commons/lang3/time/DateUtilsTest.java,Extract And Move Method,4,1,1,6b93cbe15693055e50a7f8550bd2baa93fa7f870,55,249,Extract And Move Method public assertNullPointerException(executable Executable) : NullPointerException extracted from package testParse_NullParsers() : void in class org.apache.commons.lang3.time.DateUtilsTest & moved to class org.apache.commons.lang3.LangAssertions,True,True
src/test/java/org/apache/commons/lang3/time/DateUtilsTest.java,Extract And Move Method,5,1,1,6b93cbe15693055e50a7f8550bd2baa93fa7f870,55,250,Extract And Move Method public assertNullPointerException(executable Executable) : NullPointerException extracted from package testParseDate_Null() : void in class org.apache.commons.lang3.time.DateUtilsTest & moved to class org.apache.commons.lang3.LangAssertions,True,True
src/test/java/org/apache/commons/lang3/time/DateUtilsTest.java,Extract And Move Method,62,1,1,6b93cbe15693055e50a7f8550bd2baa93fa7f870,55,251,Extract And Move Method public assertNullPointerException(executable Executable) : NullPointerException extracted from package testRound() : void in class org.apache.commons.lang3.time.DateUtilsTest & moved to class org.apache.commons.lang3.LangAssertions,True,True
src/test/java/org/apache/commons/lang3/time/DateUtilsTest.java,Extract And Move Method,24,1,1,6b93cbe15693055e50a7f8550bd2baa93fa7f870,55,252,Extract And Move Method public assertNullPointerException(executable Executable) : NullPointerException extracted from package testSetDays() : void in class org.apache.commons.lang3.time.DateUtilsTest & moved to class org.apache.commons.lang3.LangAssertions,True,True
src/test/java/org/apache/commons/lang3/time/DateUtilsTest.java,Extract And Move Method,24,1,1,6b93cbe15693055e50a7f8550bd2baa93fa7f870,55,253,Extract And Move Method public assertNullPointerException(executable Executable) : NullPointerException extracted from package testSetHours() : void in class org.apache.commons.lang3.time.DateUtilsTest & moved to class org.apache.commons.lang3.LangAssertions,True,True
src/test/java/org/apache/commons/lang3/time/DateUtilsTest.java,Extract And Move Method,24,1,1,6b93cbe15693055e50a7f8550bd2baa93fa7f870,55,254,Extract And Move Method public assertNullPointerException(executable Executable) : NullPointerException extracted from package testSetMilliseconds() : void in class org.apache.commons.lang3.time.DateUtilsTest & moved to class org.apache.commons.lang3.LangAssertions,True,True
src/test/java/org/apache/commons/lang3/time/DateUtilsTest.java,Extract And Move Method,24,1,1,6b93cbe15693055e50a7f8550bd2baa93fa7f870,55,255,Extract And Move Method public assertNullPointerException(executable Executable) : NullPointerException extracted from package testSetMinutes() : void in class org.apache.commons.lang3.time.DateUtilsTest & moved to class org.apache.commons.lang3.LangAssertions,True,True
src/test/java/org/apache/commons/lang3/time/DateUtilsTest.java,Extract And Move Method,29,1,1,6b93cbe15693055e50a7f8550bd2baa93fa7f870,55,256,Extract And Move Method public assertNullPointerException(executable Executable) : NullPointerException extracted from package testSetMonths() : void in class org.apache.commons.lang3.time.DateUtilsTest & moved to class org.apache.commons.lang3.LangAssertions,True,True
src/test/java/org/apache/commons/lang3/time/DateUtilsTest.java,Extract And Move Method,24,1,1,6b93cbe15693055e50a7f8550bd2baa93fa7f870,55,257,Extract And Move Method public assertNullPointerException(executable Executable) : NullPointerException extracted from package testSetSeconds() : void in class org.apache.commons.lang3.time.DateUtilsTest & moved to class org.apache.commons.lang3.LangAssertions,True,True
src/test/java/org/apache/commons/lang3/time/DateUtilsTest.java,Extract And Move Method,19,1,1,6b93cbe15693055e50a7f8550bd2baa93fa7f870,55,258,Extract And Move Method public assertNullPointerException(executable Executable) : NullPointerException extracted from package testSetYears() : void in class org.apache.commons.lang3.time.DateUtilsTest & moved to class org.apache.commons.lang3.LangAssertions,True,True
src/test/java/org/apache/commons/lang3/time/DateUtilsTest.java,Extract And Move Method,5,1,1,6b93cbe15693055e50a7f8550bd2baa93fa7f870,55,259,Extract And Move Method public assertNullPointerException(executable Executable) : NullPointerException extracted from package testToCalendar() : void in class org.apache.commons.lang3.time.DateUtilsTest & moved to class org.apache.commons.lang3.LangAssertions,True,True
src/test/java/org/apache/commons/lang3/time/DateUtilsTest.java,Extract And Move Method,4,1,1,6b93cbe15693055e50a7f8550bd2baa93fa7f870,55,260,Extract And Move Method public assertNullPointerException(executable Executable) : NullPointerException extracted from package testToCalendarWithDateAndTimeZoneNull() : void in class org.apache.commons.lang3.time.DateUtilsTest & moved to class org.apache.commons.lang3.LangAssertions,True,True
src/test/java/org/apache/commons/lang3/time/DateUtilsTest.java,Extract And Move Method,4,1,1,6b93cbe15693055e50a7f8550bd2baa93fa7f870,55,261,Extract And Move Method public assertNullPointerException(executable Executable) : NullPointerException extracted from package testToCalendarWithDateNull() : void in class org.apache.commons.lang3.time.DateUtilsTest & moved to class org.apache.commons.lang3.LangAssertions,True,True
src/test/java/org/apache/commons/lang3/time/DateUtilsTest.java,Extract And Move Method,4,1,1,6b93cbe15693055e50a7f8550bd2baa93fa7f870,55,262,Extract And Move Method public assertNullPointerException(executable Executable) : NullPointerException extracted from package testToCalendarWithTimeZoneNull() : void in class org.apache.commons.lang3.time.DateUtilsTest & moved to class org.apache.commons.lang3.LangAssertions,True,True
src/test/java/org/apache/commons/lang3/time/DateUtilsTest.java,Extract And Move Method,145,1,1,6b93cbe15693055e50a7f8550bd2baa93fa7f870,55,263,Extract And Move Method public assertNullPointerException(executable Executable) : NullPointerException extracted from package testTruncate() : void in class org.apache.commons.lang3.time.DateUtilsTest & moved to class org.apache.commons.lang3.LangAssertions,True,True
src/test/java/org/apache/commons/lang3/time/DurationUtilsTest.java,Extract And Move Method,4,1,1,6b93cbe15693055e50a7f8550bd2baa93fa7f870,55,264,Extract And Move Method public assertNullPointerException(executable Executable) : NullPointerException extracted from package testToMillisIntNullDuration() : void in class org.apache.commons.lang3.time.DurationUtilsTest & moved to class org.apache.commons.lang3.LangAssertions,True,True
src/test/java/org/apache/commons/lang3/math/NumberUtilsTest.java,Extract And Move Method,13,1,1,6b93cbe15693055e50a7f8550bd2baa93fa7f870,55,265,"Extract And Move Method public assertNullPointerException(executable Executable, message String) : NullPointerException extracted from package testMaxDouble() : void in class org.apache.commons.lang3.math.NumberUtilsTest & moved to class org.apache.commons.lang3.LangAssertions",True,True
src/main/java/org/apache/commons/lang3/StringUtils.java,Extract Attribute,1,1,1,0003547994c680d80f31923f8fb50cc300b171c0,56,0,Extract Attribute private ELLIPSIS3 : String in class org.apache.commons.lang3.StringUtils,True,True
src/main/java/org/apache/commons/lang3/reflect/TypeUtils.java,Extract Method,14,1,1,139a25afec3de06e42fdd3a7dca794bc839e9b56,58,0,Extract Method private normalizeUpperToObject(bounds Type[]) : Type[] extracted from public getImplicitBounds(typeVariable TypeVariable<?>) : Type[] in class org.apache.commons.lang3.reflect.TypeUtils,True,True
src/main/java/org/apache/commons/lang3/reflect/TypeUtils.java,Extract Method,14,1,1,139a25afec3de06e42fdd3a7dca794bc839e9b56,58,1,Extract Method private normalizeUpperToObject(bounds Type[]) : Type[] extracted from public getImplicitUpperBounds(wildcardType WildcardType) : Type[] in class org.apache.commons.lang3.reflect.TypeUtils,True,True
src/main/java/org/apache/commons/lang3/EnumUtils.java,Remove Variable Modifier,1,1,1,8e1f5a9aca4afc662503474fae41434f75d5021b,60,0,"Remove Variable Modifier final in variable constant : E in method public processBitVectors(enumClass Class<E>, values long...) : EnumSet<E> from class org.apache.commons.lang3.EnumUtils",True,True
src/main/java/org/apache/commons/lang3/ClassUtils.java,Rename Attribute,1,1,1,b0416341dd056e65d98c294bd0395f9b1f925b9c,63,0,"Rename Attribute namePrimitiveMap : Map<String,Class<?>> to NAME_PRIMITIVE_MAP : Map<String,Class<?>> in class org.apache.commons.lang3.ClassUtils",True,True
src/main/java/org/apache/commons/lang3/ClassUtils.java,Rename Attribute,1,1,1,b0416341dd056e65d98c294bd0395f9b1f925b9c,63,1,"Rename Attribute primitiveWrapperMap : Map<Class<?>,Class<?>> to PRIMITIVE_WRAPPER_MAP : Map<Class<?>,Class<?>> in class org.apache.commons.lang3.ClassUtils",True,True
src/main/java/org/apache/commons/lang3/ClassUtils.java,Rename Attribute,1,1,1,b0416341dd056e65d98c294bd0395f9b1f925b9c,63,2,"Rename Attribute wrapperPrimitiveMap : Map<Class<?>,Class<?>> to WRAPPER_PRIMITIVE_MAP : Map<Class<?>,Class<?>> in class org.apache.commons.lang3.ClassUtils",True,True
src/main/java/org/apache/commons/lang3/ClassUtils.java,Rename Attribute,1,1,1,b0416341dd056e65d98c294bd0395f9b1f925b9c,63,3,"Rename Attribute abbreviationMap : Map<String,String> to ABBREVIATION_MAP : Map<String,String> in class org.apache.commons.lang3.ClassUtils",True,True
src/main/java/org/apache/commons/lang3/ClassUtils.java,Rename Attribute,1,1,1,b0416341dd056e65d98c294bd0395f9b1f925b9c,63,4,"Rename Attribute reverseAbbreviationMap : Map<String,String> to REVERSE_ABBREVIATION_MAP : Map<String,String> in class org.apache.commons.lang3.ClassUtils",True,True
src/main/java/org/apache/commons/lang3/SystemProperties.java,Inline Variable,1,1,1,3ea871d37d998b52c133fd3a2bcb3ea02ef7c55c,64,0,"Inline Variable value : String in method package getProperty(property String, defaultIfAbsent Supplier<String>) : String from class org.apache.commons.lang3.SystemProperties",True,True
src/test/java/org/apache/commons/lang3/SystemPropertiesTest.java,Rename Attribute,1,1,1,9f894c6385afe4003b645abbc9a32cfcef753646,67,0,Rename Attribute STRING_SPACE_1 : String to KEY_SPACE_1 : String in class org.apache.commons.lang3.SystemPropertiesTest,True,True
src/test/java/org/apache/commons/lang3/SystemPropertiesTest.java,Rename Attribute,1,1,1,9f894c6385afe4003b645abbc9a32cfcef753646,67,1,Rename Attribute STRING_TAB_1 : String to KEY_TAB_1 : String in class org.apache.commons.lang3.SystemPropertiesTest,True,True
src/test/java/org/apache/commons/lang3/SystemPropertiesTest.java,Modify Method Annotation,1,1,1,9f894c6385afe4003b645abbc9a32cfcef753646,67,2,"Modify Method Annotation @SetSystemProperties({@SetSystemProperty(key=STRING_SPACE_1,value=""value1""),@SetSystemProperty(key=STRING_TAB_1,value=""value2"")}) to @SetSystemProperties({@SetSystemProperty(key=KEY_SPACE_1,value=""value1""),@SetSystemProperty(key=KEY_TAB_1,value=""value2"")}) in method package testGetPropertyStringString() : void from class org.apache.commons.lang3.SystemPropertiesTest",True,True
src/test/java/org/apache/commons/lang3/SystemPropertiesTest.java,Modify Method Annotation,1,1,1,9f894c6385afe4003b645abbc9a32cfcef753646,67,3,"Modify Method Annotation @SetSystemProperties({@SetSystemProperty(key=STRING_SPACE_1,value=""value1""),@SetSystemProperty(key=STRING_TAB_1,value=""value2"")}) to @SetSystemProperties({@SetSystemProperty(key=KEY_SPACE_1,value=""value1""),@SetSystemProperty(key=KEY_TAB_1,value=""value2"")}) in method package testGetPropertyStringSupplier() : void from class org.apache.commons.lang3.SystemPropertiesTest",True,True
src/test/java/org/apache/commons/lang3/SystemPropertiesTest.java,Add Class Annotation,740,1,1,39f4ea2311636e2aac7bce7eddff8575270d827f,68,0,"Add Class Annotation @SetSystemProperties({@SetSystemProperty(key=SystemPropertiesTest.KEY_SPACE_1,value=""value1""),@SetSystemProperty(key=SystemPropertiesTest.KEY_TAB_1,value=""value2"")}) in class org.apache.commons.lang3.SystemPropertiesTest",True,True
src/test/java/org/apache/commons/lang3/SystemPropertiesTest.java,Remove Method Annotation,1,1,1,39f4ea2311636e2aac7bce7eddff8575270d827f,68,1,"Remove Method Annotation @SetSystemProperties({@SetSystemProperty(key=KEY_SPACE_1,value=""value1""),@SetSystemProperty(key=KEY_TAB_1,value=""value2"")}) in method package testGetProperty() : void from class org.apache.commons.lang3.SystemPropertiesTest",True,True
src/test/java/org/apache/commons/lang3/SystemPropertiesTest.java,Remove Method Annotation,1,1,1,39f4ea2311636e2aac7bce7eddff8575270d827f,68,2,"Remove Method Annotation @SetSystemProperties({@SetSystemProperty(key=KEY_SPACE_1,value=""value1""),@SetSystemProperty(key=KEY_TAB_1,value=""value2"")}) in method package testGetPropertyStringString() : void from class org.apache.commons.lang3.SystemPropertiesTest",True,True
src/test/java/org/apache/commons/lang3/SystemPropertiesTest.java,Remove Method Annotation,1,1,1,39f4ea2311636e2aac7bce7eddff8575270d827f,68,3,"Remove Method Annotation @SetSystemProperties({@SetSystemProperty(key=KEY_SPACE_1,value=""value1""),@SetSystemProperty(key=KEY_TAB_1,value=""value2"")}) in method package testGetPropertyStringSupplier() : void from class org.apache.commons.lang3.SystemPropertiesTest",True,True
src/test/java/org/apache/commons/lang3/SystemPropertiesTest.java,Change Attribute Access Modifier,1,1,1,9b383f3fadccab020874aa5c69704790e03c4f4f,69,0,Change Attribute Access Modifier private to package in attribute package KEY_SPACE_1 : String from class org.apache.commons.lang3.SystemPropertiesTest,True,True
src/test/java/org/apache/commons/lang3/SystemPropertiesTest.java,Change Attribute Access Modifier,1,1,1,9b383f3fadccab020874aa5c69704790e03c4f4f,69,1,Change Attribute Access Modifier private to package in attribute package KEY_TAB_1 : String from class org.apache.commons.lang3.SystemPropertiesTest,True,True
src/main/java/org/apache/commons/lang3/EnumUtils.java,Rename Variable,1,1,1,76ec155eea3b1b10b5ddd46e31b38782afbff848,74,0,"Rename Variable ex : IllegalArgumentException to e : IllegalArgumentException in method public getEnum(enumClass Class<E>, enumName String, defaultEnum E) : E from class org.apache.commons.lang3.EnumUtils",True,True
src/main/java/org/apache/commons/lang3/text/ExtendedMessageFormat.java,Rename Variable,1,1,1,89c6ea43cb020b8e121bed952d6e9116f662bf7c,79,0,Rename Variable rhs : ExtendedMessageFormat to other : ExtendedMessageFormat in method public equals(obj Object) : boolean from class org.apache.commons.lang3.text.ExtendedMessageFormat,True,True
src/main/java/org/apache/commons/lang3/text/ExtendedMessageFormat.java,Rename Attribute,1,1,1,823507e99115a8ac12dfe8e1480792c3a3dbd32d,80,0,Rename Attribute DUMMY_PATTERN : String to EMPTY_PATTERN : String in class org.apache.commons.lang3.text.ExtendedMessageFormat,True,True
src/main/java/org/apache/commons/lang3/mutable/Mutable.java,Add Method Annotation,9,1,1,04bced646e6c97580d04bcda03527031b4569404,82,0,Add Method Annotation @Override in method public get() : T from class org.apache.commons.lang3.mutable.Mutable,True,True
src/main/java/org/apache/commons/lang3/mutable/MutableBoolean.java,Remove Method Annotation,1,1,1,3050ecd14a2191f227a29bbe79d1130a86c6d974,83,0,"Remove Method Annotation @SuppressWarnings(""deprecation"") in method public getValue() : Boolean from class org.apache.commons.lang3.mutable.MutableBoolean",True,True
src/main/java/org/apache/commons/lang3/mutable/MutableByte.java,Remove Method Annotation,1,1,1,3050ecd14a2191f227a29bbe79d1130a86c6d974,83,1,"Remove Method Annotation @SuppressWarnings(""deprecation"") in method public getValue() : Byte from class org.apache.commons.lang3.mutable.MutableByte",True,True
src/main/java/org/apache/commons/lang3/mutable/MutableDouble.java,Remove Method Annotation,1,1,1,3050ecd14a2191f227a29bbe79d1130a86c6d974,83,2,"Remove Method Annotation @SuppressWarnings(""deprecation"") in method public getValue() : Double from class org.apache.commons.lang3.mutable.MutableDouble",True,True
src/main/java/org/apache/commons/lang3/mutable/MutableFloat.java,Remove Method Annotation,1,1,1,3050ecd14a2191f227a29bbe79d1130a86c6d974,83,3,"Remove Method Annotation @SuppressWarnings(""deprecation"") in method public getValue() : Float from class org.apache.commons.lang3.mutable.MutableFloat",True,True
src/main/java/org/apache/commons/lang3/mutable/MutableInt.java,Remove Method Annotation,1,1,1,3050ecd14a2191f227a29bbe79d1130a86c6d974,83,4,"Remove Method Annotation @SuppressWarnings(""deprecation"") in method public getValue() : Integer from class org.apache.commons.lang3.mutable.MutableInt",True,True
src/main/java/org/apache/commons/lang3/mutable/MutableLong.java,Remove Method Annotation,1,1,1,3050ecd14a2191f227a29bbe79d1130a86c6d974,83,5,"Remove Method Annotation @SuppressWarnings(""deprecation"") in method public getValue() : Long from class org.apache.commons.lang3.mutable.MutableLong",True,True
src/main/java/org/apache/commons/lang3/mutable/MutableObject.java,Remove Method Annotation,1,1,1,3050ecd14a2191f227a29bbe79d1130a86c6d974,83,6,"Remove Method Annotation @SuppressWarnings(""deprecation"") in method public getValue() : T from class org.apache.commons.lang3.mutable.MutableObject",True,True
src/main/java/org/apache/commons/lang3/mutable/MutableShort.java,Remove Method Annotation,1,1,1,3050ecd14a2191f227a29bbe79d1130a86c6d974,83,7,"Remove Method Annotation @SuppressWarnings(""deprecation"") in method public getValue() : Short from class org.apache.commons.lang3.mutable.MutableShort",True,True
src/main/java/org/apache/commons/lang3/text/ExtendedMessageFormat.java,Add Variable Modifier,1,1,1,f3fc1193e43545c5d19423931c81b0cfd19522d8,86,0,Add Variable Modifier final in variable result : int in method public hashCode() : int from class org.apache.commons.lang3.text.ExtendedMessageFormat,True,True
src/test/java/org/apache/commons/lang3/LangAssertions.java,Add Parameter Modifier,1,1,1,7b512f84a42f2940a135de94c3f41014bb508deb,88,0,Add Parameter Modifier final in parameter executable : Executable in method public assertNullPointerException(executable Executable) : NullPointerException from class org.apache.commons.lang3.LangAssertions,True,True
src/test/java/org/apache/commons/lang3/LangAssertions.java,Add Parameter Modifier,1,1,1,7b512f84a42f2940a135de94c3f41014bb508deb,88,1,"Add Parameter Modifier final in parameter executable : Executable in method public assertNullPointerException(executable Executable, message String) : NullPointerException from class org.apache.commons.lang3.LangAssertions",True,True
src/test/java/org/apache/commons/lang3/LangAssertions.java,Add Parameter Modifier,1,1,1,7b512f84a42f2940a135de94c3f41014bb508deb,88,2,"Add Parameter Modifier final in parameter message : String in method public assertNullPointerException(executable Executable, message String) : NullPointerException from class org.apache.commons.lang3.LangAssertions",True,True
src/test/java/org/apache/commons/lang3/compare/ComparableUtilsTest.java,Remove Class Annotation,1,1,1,f71459b6bf6c5bf67685c1befc87fc52f9c7e09b,93,0,Remove Class Annotation @DisplayNameGeneration(DisplayNameGenerator.ReplaceUnderscores.class) in class org.apache.commons.lang3.compare.ComparableUtilsTest,True,True
src/test/java/org/apache/commons/lang3/ArrayUtilsAddTest.java,Extract And Move Method,10,1,1,d7279c1e6f7168544bcbf363afcdffaeee6655d6,98,0,Extract And Move Method public assertIllegalArgumentException(executable Executable) : IllegalArgumentException extracted from package testJira567() : void in class org.apache.commons.lang3.ArrayUtilsAddTest & moved to class org.apache.commons.lang3.LangAssertions,True,True
src/test/java/org/apache/commons/lang3/ArrayUtilsAddTest.java,Extract And Move Method,8,1,1,d7279c1e6f7168544bcbf363afcdffaeee6655d6,98,1,Extract And Move Method public assertIllegalArgumentException(executable Executable) : IllegalArgumentException extracted from package testLANG571() : void in class org.apache.commons.lang3.ArrayUtilsAddTest & moved to class org.apache.commons.lang3.LangAssertions,True,True
src/test/java/org/apache/commons/lang3/ArrayUtilsAddTest.java,Extract And Move Method,8,1,1,d7279c1e6f7168544bcbf363afcdffaeee6655d6,98,2,Extract And Move Method public assertIllegalArgumentException(executable Executable) : IllegalArgumentException extracted from package testLANG571() : void in class org.apache.commons.lang3.ArrayUtilsAddTest & moved to class org.apache.commons.lang3.LangAssertions,True,True
src/test/java/org/apache/commons/lang3/ArrayUtilsTest.java,Extract And Move Method,54,1,1,d7279c1e6f7168544bcbf363afcdffaeee6655d6,98,3,Extract And Move Method public assertIllegalArgumentException(executable Executable) : IllegalArgumentException extracted from package testGetLength() : void in class org.apache.commons.lang3.ArrayUtilsTest & moved to class org.apache.commons.lang3.LangAssertions,True,True
src/test/java/org/apache/commons/lang3/ArrayUtilsTest.java,Extract And Move Method,5,1,1,d7279c1e6f7168544bcbf363afcdffaeee6655d6,98,4,Extract And Move Method public assertIllegalArgumentException(executable Executable) : IllegalArgumentException extracted from package testNullToEmptyGenericNullType() : void in class org.apache.commons.lang3.ArrayUtilsTest & moved to class org.apache.commons.lang3.LangAssertions,True,True
src/test/java/org/apache/commons/lang3/ArrayUtilsTest.java,Extract And Move Method,12,1,1,d7279c1e6f7168544bcbf363afcdffaeee6655d6,98,5,Extract And Move Method public assertIllegalArgumentException(executable Executable) : IllegalArgumentException extracted from package testSameType() : void in class org.apache.commons.lang3.ArrayUtilsTest & moved to class org.apache.commons.lang3.LangAssertions,True,True
src/test/java/org/apache/commons/lang3/ArrayUtilsTest.java,Extract And Move Method,12,1,1,d7279c1e6f7168544bcbf363afcdffaeee6655d6,98,6,Extract And Move Method public assertIllegalArgumentException(executable Executable) : IllegalArgumentException extracted from package testSameType() : void in class org.apache.commons.lang3.ArrayUtilsTest & moved to class org.apache.commons.lang3.LangAssertions,True,True
src/test/java/org/apache/commons/lang3/ArrayUtilsTest.java,Extract And Move Method,12,1,1,d7279c1e6f7168544bcbf363afcdffaeee6655d6,98,7,Extract And Move Method public assertIllegalArgumentException(executable Executable) : IllegalArgumentException extracted from package testSameType() : void in class org.apache.commons.lang3.ArrayUtilsTest & moved to class org.apache.commons.lang3.LangAssertions,True,True
src/test/java/org/apache/commons/lang3/ArrayUtilsTest.java,Extract And Move Method,46,1,1,d7279c1e6f7168544bcbf363afcdffaeee6655d6,98,8,Extract And Move Method public assertIllegalArgumentException(executable Executable) : IllegalArgumentException extracted from package testToMap() : void in class org.apache.commons.lang3.ArrayUtilsTest & moved to class org.apache.commons.lang3.LangAssertions,True,True
src/test/java/org/apache/commons/lang3/ArrayUtilsTest.java,Extract And Move Method,46,1,1,d7279c1e6f7168544bcbf363afcdffaeee6655d6,98,9,Extract And Move Method public assertIllegalArgumentException(executable Executable) : IllegalArgumentException extracted from package testToMap() : void in class org.apache.commons.lang3.ArrayUtilsTest & moved to class org.apache.commons.lang3.LangAssertions,True,True
src/test/java/org/apache/commons/lang3/ArrayUtilsTest.java,Extract And Move Method,46,1,1,d7279c1e6f7168544bcbf363afcdffaeee6655d6,98,10,Extract And Move Method public assertIllegalArgumentException(executable Executable) : IllegalArgumentException extracted from package testToMap() : void in class org.apache.commons.lang3.ArrayUtilsTest & moved to class org.apache.commons.lang3.LangAssertions,True,True
src/test/java/org/apache/commons/lang3/BooleanUtilsTest.java,Extract And Move Method,4,1,1,d7279c1e6f7168544bcbf363afcdffaeee6655d6,98,11,Extract And Move Method public assertIllegalArgumentException(executable Executable) : IllegalArgumentException extracted from package test_toBoolean_int_int_int_noMatch() : void in class org.apache.commons.lang3.BooleanUtilsTest & moved to class org.apache.commons.lang3.LangAssertions,True,True
src/test/java/org/apache/commons/lang3/BooleanUtilsTest.java,Extract And Move Method,5,1,1,d7279c1e6f7168544bcbf363afcdffaeee6655d6,98,12,Extract And Move Method public assertIllegalArgumentException(executable Executable) : IllegalArgumentException extracted from package test_toBoolean_Integer_Integer_Integer_noMatch() : void in class org.apache.commons.lang3.BooleanUtilsTest & moved to class org.apache.commons.lang3.LangAssertions,True,True
src/test/java/org/apache/commons/lang3/BooleanUtilsTest.java,Extract And Move Method,5,1,1,d7279c1e6f7168544bcbf363afcdffaeee6655d6,98,13,Extract And Move Method public assertIllegalArgumentException(executable Executable) : IllegalArgumentException extracted from package test_toBoolean_Integer_Integer_Integer_nullValue() : void in class org.apache.commons.lang3.BooleanUtilsTest & moved to class org.apache.commons.lang3.LangAssertions,True,True
src/test/java/org/apache/commons/lang3/BooleanUtilsTest.java,Extract And Move Method,4,1,1,d7279c1e6f7168544bcbf363afcdffaeee6655d6,98,14,Extract And Move Method public assertIllegalArgumentException(executable Executable) : IllegalArgumentException extracted from package test_toBoolean_String_String_String_noMatch() : void in class org.apache.commons.lang3.BooleanUtilsTest & moved to class org.apache.commons.lang3.LangAssertions,True,True
src/test/java/org/apache/commons/lang3/BooleanUtilsTest.java,Extract And Move Method,4,1,1,d7279c1e6f7168544bcbf363afcdffaeee6655d6,98,15,Extract And Move Method public assertIllegalArgumentException(executable Executable) : IllegalArgumentException extracted from package test_toBoolean_String_String_String_nullValue() : void in class org.apache.commons.lang3.BooleanUtilsTest & moved to class org.apache.commons.lang3.LangAssertions,True,True
src/test/java/org/apache/commons/lang3/BooleanUtilsTest.java,Extract And Move Method,4,1,1,d7279c1e6f7168544bcbf363afcdffaeee6655d6,98,16,Extract And Move Method public assertIllegalArgumentException(executable Executable) : IllegalArgumentException extracted from package test_toBooleanObject_int_int_int_noMatch() : void in class org.apache.commons.lang3.BooleanUtilsTest & moved to class org.apache.commons.lang3.LangAssertions,True,True
src/test/java/org/apache/commons/lang3/BooleanUtilsTest.java,Extract And Move Method,5,1,1,d7279c1e6f7168544bcbf363afcdffaeee6655d6,98,17,Extract And Move Method public assertIllegalArgumentException(executable Executable) : IllegalArgumentException extracted from package test_toBooleanObject_Integer_Integer_Integer_Integer_noMatch() : void in class org.apache.commons.lang3.BooleanUtilsTest & moved to class org.apache.commons.lang3.LangAssertions,True,True
src/test/java/org/apache/commons/lang3/BooleanUtilsTest.java,Extract And Move Method,5,1,1,d7279c1e6f7168544bcbf363afcdffaeee6655d6,98,18,Extract And Move Method public assertIllegalArgumentException(executable Executable) : IllegalArgumentException extracted from package test_toBooleanObject_Integer_Integer_Integer_Integer_nullValue() : void in class org.apache.commons.lang3.BooleanUtilsTest & moved to class org.apache.commons.lang3.LangAssertions,True,True
src/test/java/org/apache/commons/lang3/BooleanUtilsTest.java,Extract And Move Method,4,1,1,d7279c1e6f7168544bcbf363afcdffaeee6655d6,98,19,Extract And Move Method public assertIllegalArgumentException(executable Executable) : IllegalArgumentException extracted from package test_toBooleanObject_String_String_String_String_noMatch() : void in class org.apache.commons.lang3.BooleanUtilsTest & moved to class org.apache.commons.lang3.LangAssertions,True,True
src/test/java/org/apache/commons/lang3/BooleanUtilsTest.java,Extract And Move Method,4,1,1,d7279c1e6f7168544bcbf363afcdffaeee6655d6,98,20,Extract And Move Method public assertIllegalArgumentException(executable Executable) : IllegalArgumentException extracted from package test_toBooleanObject_String_String_String_String_nullValue() : void in class org.apache.commons.lang3.BooleanUtilsTest & moved to class org.apache.commons.lang3.LangAssertions,True,True
src/test/java/org/apache/commons/lang3/BooleanUtilsTest.java,Extract And Move Method,4,1,1,d7279c1e6f7168544bcbf363afcdffaeee6655d6,98,21,Extract And Move Method public assertIllegalArgumentException(executable Executable) : IllegalArgumentException extracted from package testAnd_object_emptyInput() : void in class org.apache.commons.lang3.BooleanUtilsTest & moved to class org.apache.commons.lang3.LangAssertions,True,True
src/test/java/org/apache/commons/lang3/BooleanUtilsTest.java,Extract And Move Method,4,1,1,d7279c1e6f7168544bcbf363afcdffaeee6655d6,98,22,Extract And Move Method public assertIllegalArgumentException(executable Executable) : IllegalArgumentException extracted from package testAnd_primitive_emptyInput() : void in class org.apache.commons.lang3.BooleanUtilsTest & moved to class org.apache.commons.lang3.LangAssertions,True,True
src/test/java/org/apache/commons/lang3/BooleanUtilsTest.java,Extract And Move Method,4,1,1,d7279c1e6f7168544bcbf363afcdffaeee6655d6,98,23,Extract And Move Method public assertIllegalArgumentException(executable Executable) : IllegalArgumentException extracted from package testOneHot_object_emptyInput() : void in class org.apache.commons.lang3.BooleanUtilsTest & moved to class org.apache.commons.lang3.LangAssertions,True,True
src/test/java/org/apache/commons/lang3/BooleanUtilsTest.java,Extract And Move Method,4,1,1,d7279c1e6f7168544bcbf363afcdffaeee6655d6,98,24,Extract And Move Method public assertIllegalArgumentException(executable Executable) : IllegalArgumentException extracted from package testOneHot_primitive_emptyInput() : void in class org.apache.commons.lang3.BooleanUtilsTest & moved to class org.apache.commons.lang3.LangAssertions,True,True
src/test/java/org/apache/commons/lang3/BooleanUtilsTest.java,Extract And Move Method,4,1,1,d7279c1e6f7168544bcbf363afcdffaeee6655d6,98,25,Extract And Move Method public assertIllegalArgumentException(executable Executable) : IllegalArgumentException extracted from package testOr_object_emptyInput() : void in class org.apache.commons.lang3.BooleanUtilsTest & moved to class org.apache.commons.lang3.LangAssertions,True,True
src/test/java/org/apache/commons/lang3/BooleanUtilsTest.java,Extract And Move Method,4,1,1,d7279c1e6f7168544bcbf363afcdffaeee6655d6,98,26,Extract And Move Method public assertIllegalArgumentException(executable Executable) : IllegalArgumentException extracted from package testOr_primitive_emptyInput() : void in class org.apache.commons.lang3.BooleanUtilsTest & moved to class org.apache.commons.lang3.LangAssertions,True,True
src/test/java/org/apache/commons/lang3/BooleanUtilsTest.java,Extract And Move Method,4,1,1,d7279c1e6f7168544bcbf363afcdffaeee6655d6,98,27,Extract And Move Method public assertIllegalArgumentException(executable Executable) : IllegalArgumentException extracted from package testXor_object_emptyInput() : void in class org.apache.commons.lang3.BooleanUtilsTest & moved to class org.apache.commons.lang3.LangAssertions,True,True
src/test/java/org/apache/commons/lang3/BooleanUtilsTest.java,Extract And Move Method,4,1,1,d7279c1e6f7168544bcbf363afcdffaeee6655d6,98,28,Extract And Move Method public assertIllegalArgumentException(executable Executable) : IllegalArgumentException extracted from package testXor_primitive_emptyInput() : void in class org.apache.commons.lang3.BooleanUtilsTest & moved to class org.apache.commons.lang3.LangAssertions,True,True
src/test/java/org/apache/commons/lang3/CachedRandomBitsTest.java,Extract And Move Method,39,1,1,d7279c1e6f7168544bcbf363afcdffaeee6655d6,98,29,Extract And Move Method public assertIllegalArgumentException(executable Executable) : IllegalArgumentException extracted from package testNext(cacheSize int) : void in class org.apache.commons.lang3.CachedRandomBitsTest & moved to class org.apache.commons.lang3.LangAssertions,True,True
src/test/java/org/apache/commons/lang3/CachedRandomBitsTest.java,Extract And Move Method,39,1,1,d7279c1e6f7168544bcbf363afcdffaeee6655d6,98,30,Extract And Move Method public assertIllegalArgumentException(executable Executable) : IllegalArgumentException extracted from package testNext(cacheSize int) : void in class org.apache.commons.lang3.CachedRandomBitsTest & moved to class org.apache.commons.lang3.LangAssertions,True,True
src/test/java/org/apache/commons/lang3/CharUtilsTest.java,Extract And Move Method,7,1,1,d7279c1e6f7168544bcbf363afcdffaeee6655d6,98,31,Extract And Move Method public assertIllegalArgumentException(executable Executable) : IllegalArgumentException extracted from package testToChar_String() : void in class org.apache.commons.lang3.CharUtilsTest & moved to class org.apache.commons.lang3.LangAssertions,True,True
src/test/java/org/apache/commons/lang3/CharUtilsTest.java,Extract And Move Method,14,1,1,d7279c1e6f7168544bcbf363afcdffaeee6655d6,98,32,Extract And Move Method public assertIllegalArgumentException(executable Executable) : IllegalArgumentException extracted from package testToIntValue_char() : void in class org.apache.commons.lang3.CharUtilsTest & moved to class org.apache.commons.lang3.LangAssertions,True,True
src/test/java/org/apache/commons/lang3/CharUtilsTest.java,Extract And Move Method,7,1,1,d7279c1e6f7168544bcbf363afcdffaeee6655d6,98,33,Extract And Move Method public assertIllegalArgumentException(executable Executable) : IllegalArgumentException extracted from package testToIntValue_Character() : void in class org.apache.commons.lang3.CharUtilsTest & moved to class org.apache.commons.lang3.LangAssertions,True,True
src/test/java/org/apache/commons/lang3/ClassUtilsTest.java,Extract And Move Method,5,1,1,d7279c1e6f7168544bcbf363afcdffaeee6655d6,98,34,Extract And Move Method public assertIllegalArgumentException(executable Executable) : IllegalArgumentException extracted from package test_getAbbreviatedName_Class_NegativeLen() : void in class org.apache.commons.lang3.ClassUtilsTest & moved to class org.apache.commons.lang3.LangAssertions,True,True
src/test/java/org/apache/commons/lang3/ClassUtilsTest.java,Extract And Move Method,5,1,1,d7279c1e6f7168544bcbf363afcdffaeee6655d6,98,35,Extract And Move Method public assertIllegalArgumentException(executable Executable) : IllegalArgumentException extracted from package test_getAbbreviatedName_Class_ZeroLen() : void in class org.apache.commons.lang3.ClassUtilsTest & moved to class org.apache.commons.lang3.LangAssertions,True,True
src/test/java/org/apache/commons/lang3/ClassUtilsTest.java,Extract And Move Method,48,1,1,d7279c1e6f7168544bcbf363afcdffaeee6655d6,98,36,Extract And Move Method public assertIllegalArgumentException(executable Executable) : IllegalArgumentException extracted from package test_getShortCanonicalName_String() : void in class org.apache.commons.lang3.ClassUtilsTest & moved to class org.apache.commons.lang3.LangAssertions,True,True
src/test/java/org/apache/commons/lang3/ConversionTest.java,Extract And Move Method,44,1,1,d7279c1e6f7168544bcbf363afcdffaeee6655d6,98,37,Extract And Move Method public assertIllegalArgumentException(executable Executable) : IllegalArgumentException extracted from package testBinaryBeMsb0ToHexDigit() : void in class org.apache.commons.lang3.ConversionTest & moved to class org.apache.commons.lang3.LangAssertions,True,True
src/test/java/org/apache/commons/lang3/ConversionTest.java,Extract And Move Method,27,1,1,d7279c1e6f7168544bcbf363afcdffaeee6655d6,98,38,Extract And Move Method public assertIllegalArgumentException(executable Executable) : IllegalArgumentException extracted from package testBinaryToHexDigit() : void in class org.apache.commons.lang3.ConversionTest & moved to class org.apache.commons.lang3.LangAssertions,True,True
src/test/java/org/apache/commons/lang3/ConversionTest.java,Extract And Move Method,44,1,1,d7279c1e6f7168544bcbf363afcdffaeee6655d6,98,39,Extract And Move Method public assertIllegalArgumentException(executable Executable) : IllegalArgumentException extracted from package testBinaryToHexDigitMsb0_bits() : void in class org.apache.commons.lang3.ConversionTest & moved to class org.apache.commons.lang3.LangAssertions,True,True
src/test/java/org/apache/commons/lang3/ConversionTest.java,Extract And Move Method,51,1,1,d7279c1e6f7168544bcbf363afcdffaeee6655d6,98,40,Extract And Move Method public assertIllegalArgumentException(executable Executable) : IllegalArgumentException extracted from package testHexDigitMsb0ToBinary() : void in class org.apache.commons.lang3.ConversionTest & moved to class org.apache.commons.lang3.LangAssertions,True,True
src/test/java/org/apache/commons/lang3/ConversionTest.java,Extract And Move Method,29,1,1,d7279c1e6f7168544bcbf363afcdffaeee6655d6,98,41,Extract And Move Method public assertIllegalArgumentException(executable Executable) : IllegalArgumentException extracted from package testHexDigitMsb0ToInt() : void in class org.apache.commons.lang3.ConversionTest & moved to class org.apache.commons.lang3.LangAssertions,True,True
src/test/java/org/apache/commons/lang3/ConversionTest.java,Extract And Move Method,51,1,1,d7279c1e6f7168544bcbf363afcdffaeee6655d6,98,42,Extract And Move Method public assertIllegalArgumentException(executable Executable) : IllegalArgumentException extracted from package testHexDigitToBinary() : void in class org.apache.commons.lang3.ConversionTest & moved to class org.apache.commons.lang3.LangAssertions,True,True
src/test/java/org/apache/commons/lang3/ConversionTest.java,Extract And Move Method,29,1,1,d7279c1e6f7168544bcbf363afcdffaeee6655d6,98,43,Extract And Move Method public assertIllegalArgumentException(executable Executable) : IllegalArgumentException extracted from package testHexDigitToInt() : void in class org.apache.commons.lang3.ConversionTest & moved to class org.apache.commons.lang3.LangAssertions,True,True
src/test/java/org/apache/commons/lang3/ConversionTest.java,Extract And Move Method,23,1,1,d7279c1e6f7168544bcbf363afcdffaeee6655d6,98,44,Extract And Move Method public assertIllegalArgumentException(executable Executable) : IllegalArgumentException extracted from package testIntToHexDigit() : void in class org.apache.commons.lang3.ConversionTest & moved to class org.apache.commons.lang3.LangAssertions,True,True
src/test/java/org/apache/commons/lang3/ConversionTest.java,Extract And Move Method,23,1,1,d7279c1e6f7168544bcbf363afcdffaeee6655d6,98,45,Extract And Move Method public assertIllegalArgumentException(executable Executable) : IllegalArgumentException extracted from package testIntToHexDigitMsb0() : void in class org.apache.commons.lang3.ConversionTest & moved to class org.apache.commons.lang3.LangAssertions,True,True
src/test/java/org/apache/commons/lang3/DoubleRangeTest.java,Extract And Move Method,4,1,1,d7279c1e6f7168544bcbf363afcdffaeee6655d6,98,46,Extract And Move Method public assertIllegalArgumentException(executable Executable) : IllegalArgumentException extracted from package testIntersectionWithNonOverlapping() : void in class org.apache.commons.lang3.DoubleRangeTest & moved to class org.apache.commons.lang3.LangAssertions,True,True
src/test/java/org/apache/commons/lang3/DoubleRangeTest.java,Extract And Move Method,4,1,1,d7279c1e6f7168544bcbf363afcdffaeee6655d6,98,47,Extract And Move Method public assertIllegalArgumentException(executable Executable) : IllegalArgumentException extracted from package testIntersectionWithNull() : void in class org.apache.commons.lang3.DoubleRangeTest & moved to class org.apache.commons.lang3.LangAssertions,True,True
src/test/java/org/apache/commons/lang3/EnumUtilsTest.java,Extract And Move Method,5,1,1,d7279c1e6f7168544bcbf363afcdffaeee6655d6,98,48,Extract And Move Method public assertIllegalArgumentException(executable Executable) : IllegalArgumentException extracted from package testGenerateBitVector_longClass() : void in class org.apache.commons.lang3.EnumUtilsTest & moved to class org.apache.commons.lang3.LangAssertions,True,True
src/test/java/org/apache/commons/lang3/EnumUtilsTest.java,Extract And Move Method,4,1,1,d7279c1e6f7168544bcbf363afcdffaeee6655d6,98,49,Extract And Move Method public assertIllegalArgumentException(executable Executable) : IllegalArgumentException extracted from package testGenerateBitVector_longClassWithArray() : void in class org.apache.commons.lang3.EnumUtilsTest & moved to class org.apache.commons.lang3.LangAssertions,True,True
src/test/java/org/apache/commons/lang3/EnumUtilsTest.java,Extract And Move Method,9,1,1,d7279c1e6f7168544bcbf363afcdffaeee6655d6,98,50,Extract And Move Method public assertIllegalArgumentException(executable Executable) : IllegalArgumentException extracted from package testGenerateBitVector_nonEnumClass() : void in class org.apache.commons.lang3.EnumUtilsTest & moved to class org.apache.commons.lang3.LangAssertions,True,True
src/test/java/org/apache/commons/lang3/EnumUtilsTest.java,Extract And Move Method,7,1,1,d7279c1e6f7168544bcbf363afcdffaeee6655d6,98,51,Extract And Move Method public assertIllegalArgumentException(executable Executable) : IllegalArgumentException extracted from package testGenerateBitVector_nonEnumClassWithArray() : void in class org.apache.commons.lang3.EnumUtilsTest & moved to class org.apache.commons.lang3.LangAssertions,True,True
src/test/java/org/apache/commons/lang3/EnumUtilsTest.java,Extract And Move Method,5,1,1,d7279c1e6f7168544bcbf363afcdffaeee6655d6,98,52,Extract And Move Method public assertIllegalArgumentException(executable Executable) : IllegalArgumentException extracted from package testGenerateBitVector_nullArrayElement() : void in class org.apache.commons.lang3.EnumUtilsTest & moved to class org.apache.commons.lang3.LangAssertions,True,True
src/test/java/org/apache/commons/lang3/EnumUtilsTest.java,Extract And Move Method,9,1,1,d7279c1e6f7168544bcbf363afcdffaeee6655d6,98,53,Extract And Move Method public assertIllegalArgumentException(executable Executable) : IllegalArgumentException extracted from package testGenerateBitVectors_nonEnumClass() : void in class org.apache.commons.lang3.EnumUtilsTest & moved to class org.apache.commons.lang3.LangAssertions,True,True
src/test/java/org/apache/commons/lang3/EnumUtilsTest.java,Extract And Move Method,7,1,1,d7279c1e6f7168544bcbf363afcdffaeee6655d6,98,54,Extract And Move Method public assertIllegalArgumentException(executable Executable) : IllegalArgumentException extracted from package testGenerateBitVectors_nonEnumClassWithArray() : void in class org.apache.commons.lang3.EnumUtilsTest & moved to class org.apache.commons.lang3.LangAssertions,True,True
src/test/java/org/apache/commons/lang3/EnumUtilsTest.java,Extract And Move Method,5,1,1,d7279c1e6f7168544bcbf363afcdffaeee6655d6,98,55,Extract And Move Method public assertIllegalArgumentException(executable Executable) : IllegalArgumentException extracted from package testGenerateBitVectors_nullArrayElement() : void in class org.apache.commons.lang3.EnumUtilsTest & moved to class org.apache.commons.lang3.LangAssertions,True,True
src/test/java/org/apache/commons/lang3/EnumUtilsTest.java,Extract And Move Method,4,1,1,d7279c1e6f7168544bcbf363afcdffaeee6655d6,98,56,Extract And Move Method public assertIllegalArgumentException(executable Executable) : IllegalArgumentException extracted from package testProcessBitVector_longClass() : void in class org.apache.commons.lang3.EnumUtilsTest & moved to class org.apache.commons.lang3.LangAssertions,True,True
src/test/java/org/apache/commons/lang3/IntegerRangeTest.java,Extract And Move Method,4,1,1,d7279c1e6f7168544bcbf363afcdffaeee6655d6,98,57,Extract And Move Method public assertIllegalArgumentException(executable Executable) : IllegalArgumentException extracted from package testIntersectionWithNonOverlapping() : void in class org.apache.commons.lang3.IntegerRangeTest & moved to class org.apache.commons.lang3.LangAssertions,True,True
src/test/java/org/apache/commons/lang3/IntegerRangeTest.java,Extract And Move Method,4,1,1,d7279c1e6f7168544bcbf363afcdffaeee6655d6,98,58,Extract And Move Method public assertIllegalArgumentException(executable Executable) : IllegalArgumentException extracted from package testIntersectionWithNull() : void in class org.apache.commons.lang3.IntegerRangeTest & moved to class org.apache.commons.lang3.LangAssertions,True,True
src/test/java/org/apache/commons/lang3/LongRangeTest.java,Extract And Move Method,4,1,1,d7279c1e6f7168544bcbf363afcdffaeee6655d6,98,59,Extract And Move Method public assertIllegalArgumentException(executable Executable) : IllegalArgumentException extracted from package testIntersectionWithNonOverlapping() : void in class org.apache.commons.lang3.LongRangeTest & moved to class org.apache.commons.lang3.LangAssertions,True,True
src/test/java/org/apache/commons/lang3/LongRangeTest.java,Extract And Move Method,4,1,1,d7279c1e6f7168544bcbf363afcdffaeee6655d6,98,60,Extract And Move Method public assertIllegalArgumentException(executable Executable) : IllegalArgumentException extracted from package testIntersectionWithNull() : void in class org.apache.commons.lang3.LongRangeTest & moved to class org.apache.commons.lang3.LangAssertions,True,True
src/test/java/org/apache/commons/lang3/LocaleUtilsTest.java,Extract And Move Method,22,1,1,d7279c1e6f7168544bcbf363afcdffaeee6655d6,98,61,Extract And Move Method public assertIllegalArgumentException(executable Executable) : IllegalArgumentException extracted from package testParseAllLocales(actualLocale Locale) : void in class org.apache.commons.lang3.LocaleUtilsTest & moved to class org.apache.commons.lang3.LangAssertions,True,True
src/test/java/org/apache/commons/lang3/ObjectUtilsTest.java,Extract And Move Method,4,1,1,d7279c1e6f7168544bcbf363afcdffaeee6655d6,98,62,Extract And Move Method public assertIllegalArgumentException(executable Executable) : IllegalArgumentException extracted from package testComparatorMedian_emptyItems() : void in class org.apache.commons.lang3.ObjectUtilsTest & moved to class org.apache.commons.lang3.LangAssertions,True,True
src/test/java/org/apache/commons/lang3/ObjectUtilsTest.java,Extract And Move Method,4,1,1,d7279c1e6f7168544bcbf363afcdffaeee6655d6,98,63,Extract And Move Method public assertIllegalArgumentException(executable Executable) : IllegalArgumentException extracted from package testMedian_emptyItems() : void in class org.apache.commons.lang3.ObjectUtilsTest & moved to class org.apache.commons.lang3.LangAssertions,True,True
src/test/java/org/apache/commons/lang3/ObjectUtilsTest.java,Extract And Move Method,11,1,1,d7279c1e6f7168544bcbf363afcdffaeee6655d6,98,64,Extract And Move Method public assertIllegalArgumentException(executable Executable) : IllegalArgumentException extracted from package testRequireNonEmpty() : void in class org.apache.commons.lang3.ObjectUtilsTest & moved to class org.apache.commons.lang3.LangAssertions,True,True
src/test/java/org/apache/commons/lang3/ObjectUtilsTest.java,Extract And Move Method,11,1,1,d7279c1e6f7168544bcbf363afcdffaeee6655d6,98,65,Extract And Move Method public assertIllegalArgumentException(executable Executable) : IllegalArgumentException extracted from package testRequireNonEmpty() : void in class org.apache.commons.lang3.ObjectUtilsTest & moved to class org.apache.commons.lang3.LangAssertions,True,True
src/test/java/org/apache/commons/lang3/RangeTest.java,Extract And Move Method,4,1,1,d7279c1e6f7168544bcbf363afcdffaeee6655d6,98,66,Extract And Move Method public assertIllegalArgumentException(executable Executable) : IllegalArgumentException extracted from package testIntersectionWithNonOverlapping() : void in class org.apache.commons.lang3.RangeTest & moved to class org.apache.commons.lang3.LangAssertions,True,True
src/test/java/org/apache/commons/lang3/RangeTest.java,Extract And Move Method,4,1,1,d7279c1e6f7168544bcbf363afcdffaeee6655d6,98,67,Extract And Move Method public assertIllegalArgumentException(executable Executable) : IllegalArgumentException extracted from package testIntersectionWithNull() : void in class org.apache.commons.lang3.RangeTest & moved to class org.apache.commons.lang3.LangAssertions,True,True
src/test/java/org/apache/commons/lang3/RandomStringUtilsTest.java,Extract And Move Method,15,1,1,d7279c1e6f7168544bcbf363afcdffaeee6655d6,98,68,Extract And Move Method public assertIllegalArgumentException(executable Executable) : IllegalArgumentException extracted from package testExceptionsRandom() : void in class org.apache.commons.lang3.RandomStringUtilsTest & moved to class org.apache.commons.lang3.LangAssertions,True,True
src/test/java/org/apache/commons/lang3/RandomStringUtilsTest.java,Extract And Move Method,15,1,1,d7279c1e6f7168544bcbf363afcdffaeee6655d6,98,69,Extract And Move Method public assertIllegalArgumentException(executable Executable) : IllegalArgumentException extracted from package testExceptionsRandom() : void in class org.apache.commons.lang3.RandomStringUtilsTest & moved to class org.apache.commons.lang3.LangAssertions,True,True
src/test/java/org/apache/commons/lang3/RandomStringUtilsTest.java,Extract And Move Method,15,1,1,d7279c1e6f7168544bcbf363afcdffaeee6655d6,98,70,Extract And Move Method public assertIllegalArgumentException(executable Executable) : IllegalArgumentException extracted from package testExceptionsRandom() : void in class org.apache.commons.lang3.RandomStringUtilsTest & moved to class org.apache.commons.lang3.LangAssertions,True,True
src/test/java/org/apache/commons/lang3/RandomStringUtilsTest.java,Extract And Move Method,15,1,1,d7279c1e6f7168544bcbf363afcdffaeee6655d6,98,71,Extract And Move Method public assertIllegalArgumentException(executable Executable) : IllegalArgumentException extracted from package testExceptionsRandom() : void in class org.apache.commons.lang3.RandomStringUtilsTest & moved to class org.apache.commons.lang3.LangAssertions,True,True
src/test/java/org/apache/commons/lang3/RandomStringUtilsTest.java,Extract And Move Method,15,1,1,d7279c1e6f7168544bcbf363afcdffaeee6655d6,98,72,Extract And Move Method public assertIllegalArgumentException(executable Executable) : IllegalArgumentException extracted from package testExceptionsRandom() : void in class org.apache.commons.lang3.RandomStringUtilsTest & moved to class org.apache.commons.lang3.LangAssertions,True,True
src/test/java/org/apache/commons/lang3/RandomStringUtilsTest.java,Extract And Move Method,15,1,1,d7279c1e6f7168544bcbf363afcdffaeee6655d6,98,73,Extract And Move Method public assertIllegalArgumentException(executable Executable) : IllegalArgumentException extracted from package testExceptionsRandom() : void in class org.apache.commons.lang3.RandomStringUtilsTest & moved to class org.apache.commons.lang3.LangAssertions,True,True
src/test/java/org/apache/commons/lang3/RandomStringUtilsTest.java,Extract And Move Method,15,1,1,d7279c1e6f7168544bcbf363afcdffaeee6655d6,98,74,Extract And Move Method public assertIllegalArgumentException(executable Executable) : IllegalArgumentException extracted from package testExceptionsRandom() : void in class org.apache.commons.lang3.RandomStringUtilsTest & moved to class org.apache.commons.lang3.LangAssertions,True,True
src/test/java/org/apache/commons/lang3/RandomStringUtilsTest.java,Extract And Move Method,15,1,1,d7279c1e6f7168544bcbf363afcdffaeee6655d6,98,75,Extract And Move Method public assertIllegalArgumentException(executable Executable) : IllegalArgumentException extracted from package testExceptionsRandom() : void in class org.apache.commons.lang3.RandomStringUtilsTest & moved to class org.apache.commons.lang3.LangAssertions,True,True
src/test/java/org/apache/commons/lang3/RandomStringUtilsTest.java,Extract And Move Method,15,1,1,d7279c1e6f7168544bcbf363afcdffaeee6655d6,98,76,Extract And Move Method public assertIllegalArgumentException(executable Executable) : IllegalArgumentException extracted from package testExceptionsRandom() : void in class org.apache.commons.lang3.RandomStringUtilsTest & moved to class org.apache.commons.lang3.LangAssertions,True,True
src/test/java/org/apache/commons/lang3/RandomStringUtilsTest.java,Extract And Move Method,15,1,1,d7279c1e6f7168544bcbf363afcdffaeee6655d6,98,77,Extract And Move Method public assertIllegalArgumentException(executable Executable) : IllegalArgumentException extracted from package testExceptionsRandom() : void in class org.apache.commons.lang3.RandomStringUtilsTest & moved to class org.apache.commons.lang3.LangAssertions,True,True
src/test/java/org/apache/commons/lang3/RandomStringUtilsTest.java,Extract And Move Method,15,1,1,d7279c1e6f7168544bcbf363afcdffaeee6655d6,98,78,Extract And Move Method public assertIllegalArgumentException(executable Executable) : IllegalArgumentException extracted from package testExceptionsRandom() : void in class org.apache.commons.lang3.RandomStringUtilsTest & moved to class org.apache.commons.lang3.LangAssertions,True,True
src/test/java/org/apache/commons/lang3/RandomStringUtilsTest.java,Extract And Move Method,15,1,1,d7279c1e6f7168544bcbf363afcdffaeee6655d6,98,79,Extract And Move Method public assertIllegalArgumentException(executable Executable) : IllegalArgumentException extracted from package testExceptionsRandom() : void in class org.apache.commons.lang3.RandomStringUtilsTest & moved to class org.apache.commons.lang3.LangAssertions,True,True
src/test/java/org/apache/commons/lang3/RandomStringUtilsTest.java,Extract And Move Method,15,1,1,d7279c1e6f7168544bcbf363afcdffaeee6655d6,98,80,Extract And Move Method public assertIllegalArgumentException(executable Executable) : IllegalArgumentException extracted from package testExceptionsRandom(rsu RandomStringUtils) : void in class org.apache.commons.lang3.RandomStringUtilsTest & moved to class org.apache.commons.lang3.LangAssertions,True,True
src/test/java/org/apache/commons/lang3/RandomStringUtilsTest.java,Extract And Move Method,15,1,1,d7279c1e6f7168544bcbf363afcdffaeee6655d6,98,81,Extract And Move Method public assertIllegalArgumentException(executable Executable) : IllegalArgumentException extracted from package testExceptionsRandom(rsu RandomStringUtils) : void in class org.apache.commons.lang3.RandomStringUtilsTest & moved to class org.apache.commons.lang3.LangAssertions,True,True
src/test/java/org/apache/commons/lang3/RandomStringUtilsTest.java,Extract And Move Method,15,1,1,d7279c1e6f7168544bcbf363afcdffaeee6655d6,98,82,Extract And Move Method public assertIllegalArgumentException(executable Executable) : IllegalArgumentException extracted from package testExceptionsRandom(rsu RandomStringUtils) : void in class org.apache.commons.lang3.RandomStringUtilsTest & moved to class org.apache.commons.lang3.LangAssertions,True,True
src/test/java/org/apache/commons/lang3/RandomStringUtilsTest.java,Extract And Move Method,15,1,1,d7279c1e6f7168544bcbf363afcdffaeee6655d6,98,83,Extract And Move Method public assertIllegalArgumentException(executable Executable) : IllegalArgumentException extracted from package testExceptionsRandom(rsu RandomStringUtils) : void in class org.apache.commons.lang3.RandomStringUtilsTest & moved to class org.apache.commons.lang3.LangAssertions,True,True
src/test/java/org/apache/commons/lang3/RandomStringUtilsTest.java,Extract And Move Method,15,1,1,d7279c1e6f7168544bcbf363afcdffaeee6655d6,98,84,Extract And Move Method public assertIllegalArgumentException(executable Executable) : IllegalArgumentException extracted from package testExceptionsRandom(rsu RandomStringUtils) : void in class org.apache.commons.lang3.RandomStringUtilsTest & moved to class org.apache.commons.lang3.LangAssertions,True,True
src/test/java/org/apache/commons/lang3/RandomStringUtilsTest.java,Extract And Move Method,15,1,1,d7279c1e6f7168544bcbf363afcdffaeee6655d6,98,85,Extract And Move Method public assertIllegalArgumentException(executable Executable) : IllegalArgumentException extracted from package testExceptionsRandom(rsu RandomStringUtils) : void in class org.apache.commons.lang3.RandomStringUtilsTest & moved to class org.apache.commons.lang3.LangAssertions,True,True
src/test/java/org/apache/commons/lang3/RandomStringUtilsTest.java,Extract And Move Method,15,1,1,d7279c1e6f7168544bcbf363afcdffaeee6655d6,98,86,Extract And Move Method public assertIllegalArgumentException(executable Executable) : IllegalArgumentException extracted from package testExceptionsRandom(rsu RandomStringUtils) : void in class org.apache.commons.lang3.RandomStringUtilsTest & moved to class org.apache.commons.lang3.LangAssertions,True,True
src/test/java/org/apache/commons/lang3/RandomStringUtilsTest.java,Extract And Move Method,15,1,1,d7279c1e6f7168544bcbf363afcdffaeee6655d6,98,87,Extract And Move Method public assertIllegalArgumentException(executable Executable) : IllegalArgumentException extracted from package testExceptionsRandom(rsu RandomStringUtils) : void in class org.apache.commons.lang3.RandomStringUtilsTest & moved to class org.apache.commons.lang3.LangAssertions,True,True
src/test/java/org/apache/commons/lang3/RandomStringUtilsTest.java,Extract And Move Method,15,1,1,d7279c1e6f7168544bcbf363afcdffaeee6655d6,98,88,Extract And Move Method public assertIllegalArgumentException(executable Executable) : IllegalArgumentException extracted from package testExceptionsRandom(rsu RandomStringUtils) : void in class org.apache.commons.lang3.RandomStringUtilsTest & moved to class org.apache.commons.lang3.LangAssertions,True,True
src/test/java/org/apache/commons/lang3/RandomStringUtilsTest.java,Extract And Move Method,15,1,1,d7279c1e6f7168544bcbf363afcdffaeee6655d6,98,89,Extract And Move Method public assertIllegalArgumentException(executable Executable) : IllegalArgumentException extracted from package testExceptionsRandom(rsu RandomStringUtils) : void in class org.apache.commons.lang3.RandomStringUtilsTest & moved to class org.apache.commons.lang3.LangAssertions,True,True
src/test/java/org/apache/commons/lang3/RandomStringUtilsTest.java,Extract And Move Method,15,1,1,d7279c1e6f7168544bcbf363afcdffaeee6655d6,98,90,Extract And Move Method public assertIllegalArgumentException(executable Executable) : IllegalArgumentException extracted from package testExceptionsRandom(rsu RandomStringUtils) : void in class org.apache.commons.lang3.RandomStringUtilsTest & moved to class org.apache.commons.lang3.LangAssertions,True,True
src/test/java/org/apache/commons/lang3/RandomStringUtilsTest.java,Extract And Move Method,4,1,1,d7279c1e6f7168544bcbf363afcdffaeee6655d6,98,91,Extract And Move Method public assertIllegalArgumentException(executable Executable) : IllegalArgumentException extracted from package testExceptionsRandomAlphabetic() : void in class org.apache.commons.lang3.RandomStringUtilsTest & moved to class org.apache.commons.lang3.LangAssertions,True,True
src/test/java/org/apache/commons/lang3/RandomStringUtilsTest.java,Extract And Move Method,5,1,1,d7279c1e6f7168544bcbf363afcdffaeee6655d6,98,92,Extract And Move Method public assertIllegalArgumentException(executable Executable) : IllegalArgumentException extracted from package testExceptionsRandomAlphabetic(rsu RandomStringUtils) : void in class org.apache.commons.lang3.RandomStringUtilsTest & moved to class org.apache.commons.lang3.LangAssertions,True,True
src/test/java/org/apache/commons/lang3/RandomStringUtilsTest.java,Extract And Move Method,4,1,1,d7279c1e6f7168544bcbf363afcdffaeee6655d6,98,93,Extract And Move Method public assertIllegalArgumentException(executable Executable) : IllegalArgumentException extracted from package testExceptionsRandomAscii() : void in class org.apache.commons.lang3.RandomStringUtilsTest & moved to class org.apache.commons.lang3.LangAssertions,True,True
src/test/java/org/apache/commons/lang3/RandomStringUtilsTest.java,Extract And Move Method,5,1,1,d7279c1e6f7168544bcbf363afcdffaeee6655d6,98,94,Extract And Move Method public assertIllegalArgumentException(executable Executable) : IllegalArgumentException extracted from package testExceptionsRandomAscii(rsu RandomStringUtils) : void in class org.apache.commons.lang3.RandomStringUtilsTest & moved to class org.apache.commons.lang3.LangAssertions,True,True
src/test/java/org/apache/commons/lang3/RandomStringUtilsTest.java,Extract And Move Method,4,1,1,d7279c1e6f7168544bcbf363afcdffaeee6655d6,98,95,Extract And Move Method public assertIllegalArgumentException(executable Executable) : IllegalArgumentException extracted from package testExceptionsRandomGraph() : void in class org.apache.commons.lang3.RandomStringUtilsTest & moved to class org.apache.commons.lang3.LangAssertions,True,True
src/test/java/org/apache/commons/lang3/RandomStringUtilsTest.java,Extract And Move Method,5,1,1,d7279c1e6f7168544bcbf363afcdffaeee6655d6,98,96,Extract And Move Method public assertIllegalArgumentException(executable Executable) : IllegalArgumentException extracted from package testExceptionsRandomGraph(rsu RandomStringUtils) : void in class org.apache.commons.lang3.RandomStringUtilsTest & moved to class org.apache.commons.lang3.LangAssertions,True,True
src/test/java/org/apache/commons/lang3/RandomStringUtilsTest.java,Extract And Move Method,4,1,1,d7279c1e6f7168544bcbf363afcdffaeee6655d6,98,97,Extract And Move Method public assertIllegalArgumentException(executable Executable) : IllegalArgumentException extracted from package testExceptionsRandomNumeric() : void in class org.apache.commons.lang3.RandomStringUtilsTest & moved to class org.apache.commons.lang3.LangAssertions,True,True
src/test/java/org/apache/commons/lang3/RandomStringUtilsTest.java,Extract And Move Method,5,1,1,d7279c1e6f7168544bcbf363afcdffaeee6655d6,98,98,Extract And Move Method public assertIllegalArgumentException(executable Executable) : IllegalArgumentException extracted from package testExceptionsRandomNumeric(rsu RandomStringUtils) : void in class org.apache.commons.lang3.RandomStringUtilsTest & moved to class org.apache.commons.lang3.LangAssertions,True,True
src/test/java/org/apache/commons/lang3/RandomStringUtilsTest.java,Extract And Move Method,4,1,1,d7279c1e6f7168544bcbf363afcdffaeee6655d6,98,99,Extract And Move Method public assertIllegalArgumentException(executable Executable) : IllegalArgumentException extracted from package testExceptionsRandomPrint() : void in class org.apache.commons.lang3.RandomStringUtilsTest & moved to class org.apache.commons.lang3.LangAssertions,True,True
src/test/java/org/apache/commons/lang3/RandomStringUtilsTest.java,Extract And Move Method,5,1,1,d7279c1e6f7168544bcbf363afcdffaeee6655d6,98,100,Extract And Move Method public assertIllegalArgumentException(executable Executable) : IllegalArgumentException extracted from package testExceptionsRandomPrint(rsu RandomStringUtils) : void in class org.apache.commons.lang3.RandomStringUtilsTest & moved to class org.apache.commons.lang3.LangAssertions,True,True
src/test/java/org/apache/commons/lang3/RandomStringUtilsTest.java,Extract And Move Method,8,1,1,d7279c1e6f7168544bcbf363afcdffaeee6655d6,98,101,Extract And Move Method public assertIllegalArgumentException(executable Executable) : IllegalArgumentException extracted from package testLANG807(rsu RandomStringUtils) : void in class org.apache.commons.lang3.RandomStringUtilsTest & moved to class org.apache.commons.lang3.LangAssertions,True,True
src/test/java/org/apache/commons/lang3/RandomUtilsTest.java,Extract And Move Method,4,1,1,d7279c1e6f7168544bcbf363afcdffaeee6655d6,98,102,Extract And Move Method public assertIllegalArgumentException(executable Executable) : IllegalArgumentException extracted from package testNextBytesNegative() : void in class org.apache.commons.lang3.RandomUtilsTest & moved to class org.apache.commons.lang3.LangAssertions,True,True
src/test/java/org/apache/commons/lang3/RandomUtilsTest.java,Extract And Move Method,5,1,1,d7279c1e6f7168544bcbf363afcdffaeee6655d6,98,103,Extract And Move Method public assertIllegalArgumentException(executable Executable) : IllegalArgumentException extracted from package testNextBytesNegative(ru RandomUtils) : void in class org.apache.commons.lang3.RandomUtilsTest & moved to class org.apache.commons.lang3.LangAssertions,True,True
src/test/java/org/apache/commons/lang3/RandomUtilsTest.java,Extract And Move Method,4,1,1,d7279c1e6f7168544bcbf363afcdffaeee6655d6,98,104,Extract And Move Method public assertIllegalArgumentException(executable Executable) : IllegalArgumentException extracted from package testNextDoubleLowerGreaterUpper() : void in class org.apache.commons.lang3.RandomUtilsTest & moved to class org.apache.commons.lang3.LangAssertions,True,True
src/test/java/org/apache/commons/lang3/RandomUtilsTest.java,Extract And Move Method,5,1,1,d7279c1e6f7168544bcbf363afcdffaeee6655d6,98,105,Extract And Move Method public assertIllegalArgumentException(executable Executable) : IllegalArgumentException extracted from package testNextDoubleLowerGreaterUpper(ru RandomUtils) : void in class org.apache.commons.lang3.RandomUtilsTest & moved to class org.apache.commons.lang3.LangAssertions,True,True
src/test/java/org/apache/commons/lang3/RandomUtilsTest.java,Extract And Move Method,4,1,1,d7279c1e6f7168544bcbf363afcdffaeee6655d6,98,106,Extract And Move Method public assertIllegalArgumentException(executable Executable) : IllegalArgumentException extracted from package testNextDoubleNegative() : void in class org.apache.commons.lang3.RandomUtilsTest & moved to class org.apache.commons.lang3.LangAssertions,True,True
src/test/java/org/apache/commons/lang3/RandomUtilsTest.java,Extract And Move Method,5,1,1,d7279c1e6f7168544bcbf363afcdffaeee6655d6,98,107,Extract And Move Method public assertIllegalArgumentException(executable Executable) : IllegalArgumentException extracted from package testNextDoubleNegative(ru RandomUtils) : void in class org.apache.commons.lang3.RandomUtilsTest & moved to class org.apache.commons.lang3.LangAssertions,True,True
src/test/java/org/apache/commons/lang3/RandomUtilsTest.java,Extract And Move Method,4,1,1,d7279c1e6f7168544bcbf363afcdffaeee6655d6,98,108,Extract And Move Method public assertIllegalArgumentException(executable Executable) : IllegalArgumentException extracted from package testNextFloatLowerGreaterUpper() : void in class org.apache.commons.lang3.RandomUtilsTest & moved to class org.apache.commons.lang3.LangAssertions,True,True
src/test/java/org/apache/commons/lang3/RandomUtilsTest.java,Extract And Move Method,5,1,1,d7279c1e6f7168544bcbf363afcdffaeee6655d6,98,109,Extract And Move Method public assertIllegalArgumentException(executable Executable) : IllegalArgumentException extracted from package testNextFloatLowerGreaterUpper(ru RandomUtils) : void in class org.apache.commons.lang3.RandomUtilsTest & moved to class org.apache.commons.lang3.LangAssertions,True,True
src/test/java/org/apache/commons/lang3/RandomUtilsTest.java,Extract And Move Method,4,1,1,d7279c1e6f7168544bcbf363afcdffaeee6655d6,98,110,Extract And Move Method public assertIllegalArgumentException(executable Executable) : IllegalArgumentException extracted from package testNextFloatNegative() : void in class org.apache.commons.lang3.RandomUtilsTest & moved to class org.apache.commons.lang3.LangAssertions,True,True
src/test/java/org/apache/commons/lang3/RandomUtilsTest.java,Extract And Move Method,5,1,1,d7279c1e6f7168544bcbf363afcdffaeee6655d6,98,111,Extract And Move Method public assertIllegalArgumentException(executable Executable) : IllegalArgumentException extracted from package testNextFloatNegative(ru RandomUtils) : void in class org.apache.commons.lang3.RandomUtilsTest & moved to class org.apache.commons.lang3.LangAssertions,True,True
src/test/java/org/apache/commons/lang3/RandomUtilsTest.java,Extract And Move Method,4,1,1,d7279c1e6f7168544bcbf363afcdffaeee6655d6,98,112,Extract And Move Method public assertIllegalArgumentException(executable Executable) : IllegalArgumentException extracted from package testNextIntLowerGreaterUpper() : void in class org.apache.commons.lang3.RandomUtilsTest & moved to class org.apache.commons.lang3.LangAssertions,True,True
src/test/java/org/apache/commons/lang3/RandomUtilsTest.java,Extract And Move Method,5,1,1,d7279c1e6f7168544bcbf363afcdffaeee6655d6,98,113,Extract And Move Method public assertIllegalArgumentException(executable Executable) : IllegalArgumentException extracted from package testNextIntLowerGreaterUpper(ru RandomUtils) : void in class org.apache.commons.lang3.RandomUtilsTest & moved to class org.apache.commons.lang3.LangAssertions,True,True
src/test/java/org/apache/commons/lang3/RandomUtilsTest.java,Extract And Move Method,4,1,1,d7279c1e6f7168544bcbf363afcdffaeee6655d6,98,114,Extract And Move Method public assertIllegalArgumentException(executable Executable) : IllegalArgumentException extracted from package testNextIntNegative() : void in class org.apache.commons.lang3.RandomUtilsTest & moved to class org.apache.commons.lang3.LangAssertions,True,True
src/test/java/org/apache/commons/lang3/RandomUtilsTest.java,Extract And Move Method,5,1,1,d7279c1e6f7168544bcbf363afcdffaeee6655d6,98,115,Extract And Move Method public assertIllegalArgumentException(executable Executable) : IllegalArgumentException extracted from package testNextIntNegative(ru RandomUtils) : void in class org.apache.commons.lang3.RandomUtilsTest & moved to class org.apache.commons.lang3.LangAssertions,True,True
src/test/java/org/apache/commons/lang3/RandomUtilsTest.java,Extract And Move Method,4,1,1,d7279c1e6f7168544bcbf363afcdffaeee6655d6,98,116,Extract And Move Method public assertIllegalArgumentException(executable Executable) : IllegalArgumentException extracted from package testNextLongLowerGreaterUpper() : void in class org.apache.commons.lang3.RandomUtilsTest & moved to class org.apache.commons.lang3.LangAssertions,True,True
src/test/java/org/apache/commons/lang3/RandomUtilsTest.java,Extract And Move Method,5,1,1,d7279c1e6f7168544bcbf363afcdffaeee6655d6,98,117,Extract And Move Method public assertIllegalArgumentException(executable Executable) : IllegalArgumentException extracted from package testNextLongLowerGreaterUpper(ru RandomUtils) : void in class org.apache.commons.lang3.RandomUtilsTest & moved to class org.apache.commons.lang3.LangAssertions,True,True
src/test/java/org/apache/commons/lang3/RandomUtilsTest.java,Extract And Move Method,4,1,1,d7279c1e6f7168544bcbf363afcdffaeee6655d6,98,118,Extract And Move Method public assertIllegalArgumentException(executable Executable) : IllegalArgumentException extracted from package testNextLongNegative() : void in class org.apache.commons.lang3.RandomUtilsTest & moved to class org.apache.commons.lang3.LangAssertions,True,True
src/test/java/org/apache/commons/lang3/RandomUtilsTest.java,Extract And Move Method,5,1,1,d7279c1e6f7168544bcbf363afcdffaeee6655d6,98,119,Extract And Move Method public assertIllegalArgumentException(executable Executable) : IllegalArgumentException extracted from package testNextLongNegative(ru RandomUtils) : void in class org.apache.commons.lang3.RandomUtilsTest & moved to class org.apache.commons.lang3.LangAssertions,True,True
src/test/java/org/apache/commons/lang3/ThreadUtilsTest.java,Extract And Move Method,4,1,1,d7279c1e6f7168544bcbf363afcdffaeee6655d6,98,120,Extract And Move Method public assertIllegalArgumentException(executable Executable) : IllegalArgumentException extracted from package testInvalidThreadId() : void in class org.apache.commons.lang3.ThreadUtilsTest & moved to class org.apache.commons.lang3.LangAssertions,True,True
src/test/java/org/apache/commons/lang3/StreamsTest.java,Extract And Move Method,39,1,1,d7279c1e6f7168544bcbf363afcdffaeee6655d6,98,121,Extract And Move Method public assertIllegalArgumentException(executable Executable) : IllegalArgumentException extracted from public simpleStreamFilterFailing() : Stream<DynamicTest> in class org.apache.commons.lang3.StreamsTest & moved to class org.apache.commons.lang3.LangAssertions,True,True
src/test/java/org/apache/commons/lang3/StreamsTest.java,Parameterize Variable,4,1,1,d7279c1e6f7168544bcbf363afcdffaeee6655d6,98,122,Parameterize Variable testMethod : Executable to executable : Executable in method public assertIllegalArgumentException(executable Executable) : IllegalArgumentException from class org.apache.commons.lang3.LangAssertions,True,True
src/test/java/org/apache/commons/lang3/StreamsTest.java,Parameterize Variable,1,1,1,d7279c1e6f7168544bcbf363afcdffaeee6655d6,98,123,Parameterize Variable testMethod : Executable to executable : Executable in method public assertIllegalArgumentException(executable Executable) : IllegalArgumentException from class org.apache.commons.lang3.LangAssertions,True,True
src/test/java/org/apache/commons/lang3/stream/StreamsTest.java,Parameterize Variable,1,1,1,d7279c1e6f7168544bcbf363afcdffaeee6655d6,98,124,Parameterize Variable testMethod : Executable to executable : Executable in method public assertIllegalArgumentException(executable Executable) : IllegalArgumentException from class org.apache.commons.lang3.LangAssertions,True,True
src/test/java/org/apache/commons/lang3/stream/StreamsTest.java,Parameterize Variable,1,1,1,d7279c1e6f7168544bcbf363afcdffaeee6655d6,98,125,Parameterize Variable testMethod : Executable to executable : Executable in method public assertIllegalArgumentException(executable Executable) : IllegalArgumentException from class org.apache.commons.lang3.LangAssertions,True,True
src/test/java/org/apache/commons/lang3/StreamsTest.java,Extract And Move Method,25,1,1,d7279c1e6f7168544bcbf363afcdffaeee6655d6,98,126,Extract And Move Method public assertIllegalArgumentException(executable Executable) : IllegalArgumentException extracted from public simpleStreamForEachFailing() : Stream<DynamicTest> in class org.apache.commons.lang3.StreamsTest & moved to class org.apache.commons.lang3.LangAssertions,True,True
src/test/java/org/apache/commons/lang3/StringUtilsTest.java,Extract And Move Method,4,1,1,d7279c1e6f7168544bcbf363afcdffaeee6655d6,98,127,Extract And Move Method public assertIllegalArgumentException(executable Executable) : IllegalArgumentException extracted from package testGetFuzzyDistance_NullNullNull() : void in class org.apache.commons.lang3.StringUtilsTest & moved to class org.apache.commons.lang3.LangAssertions,True,True
src/test/java/org/apache/commons/lang3/StringUtilsTest.java,Extract And Move Method,4,1,1,d7279c1e6f7168544bcbf363afcdffaeee6655d6,98,128,Extract And Move Method public assertIllegalArgumentException(executable Executable) : IllegalArgumentException extracted from package testGetFuzzyDistance_NullStringLocale() : void in class org.apache.commons.lang3.StringUtilsTest & moved to class org.apache.commons.lang3.LangAssertions,True,True
src/test/java/org/apache/commons/lang3/StringUtilsTest.java,Extract And Move Method,4,1,1,d7279c1e6f7168544bcbf363afcdffaeee6655d6,98,129,Extract And Move Method public assertIllegalArgumentException(executable Executable) : IllegalArgumentException extracted from package testGetFuzzyDistance_StringNullLoclae() : void in class org.apache.commons.lang3.StringUtilsTest & moved to class org.apache.commons.lang3.LangAssertions,True,True
src/test/java/org/apache/commons/lang3/StringUtilsTest.java,Extract And Move Method,4,1,1,d7279c1e6f7168544bcbf363afcdffaeee6655d6,98,130,Extract And Move Method public assertIllegalArgumentException(executable Executable) : IllegalArgumentException extracted from package testGetFuzzyDistance_StringStringNull() : void in class org.apache.commons.lang3.StringUtilsTest & moved to class org.apache.commons.lang3.LangAssertions,True,True
src/test/java/org/apache/commons/lang3/StringUtilsTest.java,Extract And Move Method,4,1,1,d7279c1e6f7168544bcbf363afcdffaeee6655d6,98,131,Extract And Move Method public assertIllegalArgumentException(executable Executable) : IllegalArgumentException extracted from package testGetJaroWinklerDistance_NullNull() : void in class org.apache.commons.lang3.StringUtilsTest & moved to class org.apache.commons.lang3.LangAssertions,True,True
src/test/java/org/apache/commons/lang3/StringUtilsTest.java,Extract And Move Method,4,1,1,d7279c1e6f7168544bcbf363afcdffaeee6655d6,98,132,Extract And Move Method public assertIllegalArgumentException(executable Executable) : IllegalArgumentException extracted from package testGetJaroWinklerDistance_NullString() : void in class org.apache.commons.lang3.StringUtilsTest & moved to class org.apache.commons.lang3.LangAssertions,True,True
src/test/java/org/apache/commons/lang3/StringUtilsTest.java,Extract And Move Method,4,1,1,d7279c1e6f7168544bcbf363afcdffaeee6655d6,98,133,Extract And Move Method public assertIllegalArgumentException(executable Executable) : IllegalArgumentException extracted from package testGetJaroWinklerDistance_StringNull() : void in class org.apache.commons.lang3.StringUtilsTest & moved to class org.apache.commons.lang3.LangAssertions,True,True
src/test/java/org/apache/commons/lang3/StringUtilsTest.java,Extract And Move Method,4,1,1,d7279c1e6f7168544bcbf363afcdffaeee6655d6,98,134,Extract And Move Method public assertIllegalArgumentException(executable Executable) : IllegalArgumentException extracted from package testGetLevenshteinDistance_NullString() : void in class org.apache.commons.lang3.StringUtilsTest & moved to class org.apache.commons.lang3.LangAssertions,True,True
src/test/java/org/apache/commons/lang3/StringUtilsTest.java,Extract And Move Method,4,1,1,d7279c1e6f7168544bcbf363afcdffaeee6655d6,98,135,Extract And Move Method public assertIllegalArgumentException(executable Executable) : IllegalArgumentException extracted from package testGetLevenshteinDistance_NullStringInt() : void in class org.apache.commons.lang3.StringUtilsTest & moved to class org.apache.commons.lang3.LangAssertions,True,True
src/test/java/org/apache/commons/lang3/StringUtilsTest.java,Extract And Move Method,4,1,1,d7279c1e6f7168544bcbf363afcdffaeee6655d6,98,136,Extract And Move Method public assertIllegalArgumentException(executable Executable) : IllegalArgumentException extracted from package testGetLevenshteinDistance_StringNull() : void in class org.apache.commons.lang3.StringUtilsTest & moved to class org.apache.commons.lang3.LangAssertions,True,True
src/test/java/org/apache/commons/lang3/StringUtilsTest.java,Extract And Move Method,4,1,1,d7279c1e6f7168544bcbf363afcdffaeee6655d6,98,137,Extract And Move Method public assertIllegalArgumentException(executable Executable) : IllegalArgumentException extracted from package testGetLevenshteinDistance_StringNullInt() : void in class org.apache.commons.lang3.StringUtilsTest & moved to class org.apache.commons.lang3.LangAssertions,True,True
src/test/java/org/apache/commons/lang3/StringUtilsTest.java,Extract And Move Method,4,1,1,d7279c1e6f7168544bcbf363afcdffaeee6655d6,98,138,Extract And Move Method public assertIllegalArgumentException(executable Executable) : IllegalArgumentException extracted from package testGetLevenshteinDistance_StringStringNegativeInt() : void in class org.apache.commons.lang3.StringUtilsTest & moved to class org.apache.commons.lang3.LangAssertions,True,True
src/test/java/org/apache/commons/lang3/StringUtilsTest.java,Extract And Move Method,4,1,1,d7279c1e6f7168544bcbf363afcdffaeee6655d6,98,139,Extract And Move Method public assertIllegalArgumentException(executable Executable) : IllegalArgumentException extracted from package testJoinWithThrowsException() : void in class org.apache.commons.lang3.StringUtilsTest & moved to class org.apache.commons.lang3.LangAssertions,True,True
src/test/java/org/apache/commons/lang3/ValidateTest.java,Extract And Move Method,6,1,1,d7279c1e6f7168544bcbf363afcdffaeee6655d6,98,140,Extract And Move Method public assertIllegalArgumentException(executable Executable) : IllegalArgumentException extracted from package shouldThrowIllegalArgumentExceptionWithDefaultMessageWhenValueIsAboveUpperBound() : void in class org.apache.commons.lang3.ValidateTest.ExclusiveBetween.WithComparable.WithoutMessage & moved to class org.apache.commons.lang3.LangAssertions,True,True
src/test/java/org/apache/commons/lang3/ValidateTest.java,Extract And Move Method,6,1,1,d7279c1e6f7168544bcbf363afcdffaeee6655d6,98,141,Extract And Move Method public assertIllegalArgumentException(executable Executable) : IllegalArgumentException extracted from package shouldThrowIllegalArgumentExceptionWithDefaultMessageWhenValueIsBelowLowerBound() : void in class org.apache.commons.lang3.ValidateTest.ExclusiveBetween.WithComparable.WithoutMessage & moved to class org.apache.commons.lang3.LangAssertions,True,True
src/test/java/org/apache/commons/lang3/ValidateTest.java,Extract And Move Method,6,1,1,d7279c1e6f7168544bcbf363afcdffaeee6655d6,98,142,Extract And Move Method public assertIllegalArgumentException(executable Executable) : IllegalArgumentException extracted from package shouldThrowIllegalArgumentExceptionWithDefaultMessageWhenValueIsLowerBound() : void in class org.apache.commons.lang3.ValidateTest.ExclusiveBetween.WithComparable.WithoutMessage & moved to class org.apache.commons.lang3.LangAssertions,True,True
src/test/java/org/apache/commons/lang3/ValidateTest.java,Extract And Move Method,6,1,1,d7279c1e6f7168544bcbf363afcdffaeee6655d6,98,143,Extract And Move Method public assertIllegalArgumentException(executable Executable) : IllegalArgumentException extracted from package shouldThrowIllegalArgumentExceptionWithDefaultMessageWhenValueIsUpperBound() : void in class org.apache.commons.lang3.ValidateTest.ExclusiveBetween.WithComparable.WithoutMessage & moved to class org.apache.commons.lang3.LangAssertions,True,True
src/test/java/org/apache/commons/lang3/ValidateTest.java,Extract And Move Method,6,1,1,d7279c1e6f7168544bcbf363afcdffaeee6655d6,98,144,Extract And Move Method public assertIllegalArgumentException(executable Executable) : IllegalArgumentException extracted from package shouldThrowIllegalArgumentExceptionWithDefaultMessageWhenValueIsAboveUpperBound() : void in class org.apache.commons.lang3.ValidateTest.ExclusiveBetween.WithComparable.WithMessage & moved to class org.apache.commons.lang3.LangAssertions,True,True
src/test/java/org/apache/commons/lang3/ValidateTest.java,Extract And Move Method,6,1,1,d7279c1e6f7168544bcbf363afcdffaeee6655d6,98,145,Extract And Move Method public assertIllegalArgumentException(executable Executable) : IllegalArgumentException extracted from package shouldThrowIllegalArgumentExceptionWithGivenMessageWhenValueIsBelowLowerBound() : void in class org.apache.commons.lang3.ValidateTest.ExclusiveBetween.WithComparable.WithMessage & moved to class org.apache.commons.lang3.LangAssertions,True,True
src/test/java/org/apache/commons/lang3/ValidateTest.java,Extract And Move Method,6,1,1,d7279c1e6f7168544bcbf363afcdffaeee6655d6,98,146,Extract And Move Method public assertIllegalArgumentException(executable Executable) : IllegalArgumentException extracted from package shouldThrowIllegalArgumentExceptionWithGivenMessageWhenValueIsLowerBound() : void in class org.apache.commons.lang3.ValidateTest.ExclusiveBetween.WithComparable.WithMessage & moved to class org.apache.commons.lang3.LangAssertions,True,True
src/test/java/org/apache/commons/lang3/ValidateTest.java,Extract And Move Method,6,1,1,d7279c1e6f7168544bcbf363afcdffaeee6655d6,98,147,Extract And Move Method public assertIllegalArgumentException(executable Executable) : IllegalArgumentException extracted from package shouldThrowIllegalArgumentExceptionWithGivenMessageWhenValueIsUpperBound() : void in class org.apache.commons.lang3.ValidateTest.ExclusiveBetween.WithComparable.WithMessage & moved to class org.apache.commons.lang3.LangAssertions,True,True
src/test/java/org/apache/commons/lang3/ValidateTest.java,Extract And Move Method,6,1,1,d7279c1e6f7168544bcbf363afcdffaeee6655d6,98,148,Extract And Move Method public assertIllegalArgumentException(executable Executable) : IllegalArgumentException extracted from package shouldThrowIllegalArgumentExceptionWhenValueIsLowerBound() : void in class org.apache.commons.lang3.ValidateTest.ExclusiveBetween.WithDouble.WithoutMessage & moved to class org.apache.commons.lang3.LangAssertions,True,True
src/test/java/org/apache/commons/lang3/ValidateTest.java,Extract And Move Method,6,1,1,d7279c1e6f7168544bcbf363afcdffaeee6655d6,98,149,Extract And Move Method public assertIllegalArgumentException(executable Executable) : IllegalArgumentException extracted from package shouldThrowIllegalArgumentExceptionWhenValueIsUpperBound() : void in class org.apache.commons.lang3.ValidateTest.ExclusiveBetween.WithDouble.WithoutMessage & moved to class org.apache.commons.lang3.LangAssertions,True,True
src/test/java/org/apache/commons/lang3/ValidateTest.java,Extract And Move Method,6,1,1,d7279c1e6f7168544bcbf363afcdffaeee6655d6,98,150,Extract And Move Method public assertIllegalArgumentException(executable Executable) : IllegalArgumentException extracted from package shouldThrowIllegalArgumentExceptionWithDefaultMessageWhenValueIsAboveUpperBound() : void in class org.apache.commons.lang3.ValidateTest.ExclusiveBetween.WithDouble.WithoutMessage & moved to class org.apache.commons.lang3.LangAssertions,True,True
src/test/java/org/apache/commons/lang3/ValidateTest.java,Extract And Move Method,6,1,1,d7279c1e6f7168544bcbf363afcdffaeee6655d6,98,151,Extract And Move Method public assertIllegalArgumentException(executable Executable) : IllegalArgumentException extracted from package shouldThrowIllegalArgumentExceptionWithDefaultMessageWhenValueIsBelowLowerBound() : void in class org.apache.commons.lang3.ValidateTest.ExclusiveBetween.WithDouble.WithoutMessage & moved to class org.apache.commons.lang3.LangAssertions,True,True
src/test/java/org/apache/commons/lang3/ValidateTest.java,Extract And Move Method,6,1,1,d7279c1e6f7168544bcbf363afcdffaeee6655d6,98,152,Extract And Move Method public assertIllegalArgumentException(executable Executable) : IllegalArgumentException extracted from package shouldThrowIllegalArgumentExceptionWhenValueIsLowerBound() : void in class org.apache.commons.lang3.ValidateTest.ExclusiveBetween.WithDouble.WithMessage & moved to class org.apache.commons.lang3.LangAssertions,True,True
src/test/java/org/apache/commons/lang3/ValidateTest.java,Extract And Move Method,6,1,1,d7279c1e6f7168544bcbf363afcdffaeee6655d6,98,153,Extract And Move Method public assertIllegalArgumentException(executable Executable) : IllegalArgumentException extracted from package shouldThrowIllegalArgumentExceptionWhenValueIsUpperBound() : void in class org.apache.commons.lang3.ValidateTest.ExclusiveBetween.WithDouble.WithMessage & moved to class org.apache.commons.lang3.LangAssertions,True,True
src/test/java/org/apache/commons/lang3/ValidateTest.java,Extract And Move Method,6,1,1,d7279c1e6f7168544bcbf363afcdffaeee6655d6,98,154,Extract And Move Method public assertIllegalArgumentException(executable Executable) : IllegalArgumentException extracted from package shouldThrowIllegalArgumentExceptionWithGivenMessageWhenValueIsAboveUpperBound() : void in class org.apache.commons.lang3.ValidateTest.ExclusiveBetween.WithDouble.WithMessage & moved to class org.apache.commons.lang3.LangAssertions,True,True
src/test/java/org/apache/commons/lang3/ValidateTest.java,Extract And Move Method,6,1,1,d7279c1e6f7168544bcbf363afcdffaeee6655d6,98,155,Extract And Move Method public assertIllegalArgumentException(executable Executable) : IllegalArgumentException extracted from package shouldThrowIllegalArgumentExceptionWithGivenMessageWhenValueIsBelowLowerBound() : void in class org.apache.commons.lang3.ValidateTest.ExclusiveBetween.WithDouble.WithMessage & moved to class org.apache.commons.lang3.LangAssertions,True,True
src/test/java/org/apache/commons/lang3/ValidateTest.java,Extract And Move Method,5,1,1,d7279c1e6f7168544bcbf363afcdffaeee6655d6,98,156,Extract And Move Method public assertIllegalArgumentException(executable Executable) : IllegalArgumentException extracted from package shouldThrowExceptionWithLongInsertedIntoTemplateMessageForFalseExpression() : void in class org.apache.commons.lang3.ValidateTest.IsTrue.WithLongTemplate & moved to class org.apache.commons.lang3.LangAssertions,True,True
src/test/java/org/apache/commons/lang3/ValidateTest.java,Extract And Move Method,6,1,1,d7279c1e6f7168544bcbf363afcdffaeee6655d6,98,157,Extract And Move Method public assertIllegalArgumentException(executable Executable) : IllegalArgumentException extracted from package shouldThrowIllegalArgumentExceptionWithDefaultMessageWhenValueIsAboveUpperBound() : void in class org.apache.commons.lang3.ValidateTest.ExclusiveBetween.WithLong.WithoutMessage & moved to class org.apache.commons.lang3.LangAssertions,True,True
src/test/java/org/apache/commons/lang3/ValidateTest.java,Extract And Move Method,6,1,1,d7279c1e6f7168544bcbf363afcdffaeee6655d6,98,158,Extract And Move Method public assertIllegalArgumentException(executable Executable) : IllegalArgumentException extracted from package shouldThrowIllegalArgumentExceptionWithDefaultMessageWhenValueIsBelowLowerBound() : void in class org.apache.commons.lang3.ValidateTest.ExclusiveBetween.WithLong.WithoutMessage & moved to class org.apache.commons.lang3.LangAssertions,True,True
src/test/java/org/apache/commons/lang3/ValidateTest.java,Extract And Move Method,6,1,1,d7279c1e6f7168544bcbf363afcdffaeee6655d6,98,159,Extract And Move Method public assertIllegalArgumentException(executable Executable) : IllegalArgumentException extracted from package shouldThrowIllegalArgumentExceptionWithDefaultMessageWhenValueIsLowerBound() : void in class org.apache.commons.lang3.ValidateTest.ExclusiveBetween.WithLong.WithoutMessage & moved to class org.apache.commons.lang3.LangAssertions,True,True
src/test/java/org/apache/commons/lang3/ValidateTest.java,Extract And Move Method,6,1,1,d7279c1e6f7168544bcbf363afcdffaeee6655d6,98,160,Extract And Move Method public assertIllegalArgumentException(executable Executable) : IllegalArgumentException extracted from package shouldThrowIllegalArgumentExceptionWithDefaultMessageWhenValueIsUpperBound() : void in class org.apache.commons.lang3.ValidateTest.ExclusiveBetween.WithLong.WithoutMessage & moved to class org.apache.commons.lang3.LangAssertions,True,True
src/test/java/org/apache/commons/lang3/ValidateTest.java,Extract And Move Method,6,1,1,d7279c1e6f7168544bcbf363afcdffaeee6655d6,98,161,Extract And Move Method public assertIllegalArgumentException(executable Executable) : IllegalArgumentException extracted from package shouldThrowIllegalArgumentExceptionWithDefaultMessageWhenValueIsAboveUpperBound() : void in class org.apache.commons.lang3.ValidateTest.ExclusiveBetween.WithLong.WithMessage & moved to class org.apache.commons.lang3.LangAssertions,True,True
src/test/java/org/apache/commons/lang3/ValidateTest.java,Extract And Move Method,6,1,1,d7279c1e6f7168544bcbf363afcdffaeee6655d6,98,162,Extract And Move Method public assertIllegalArgumentException(executable Executable) : IllegalArgumentException extracted from package shouldThrowIllegalArgumentExceptionWithGivenMessageWhenValueIsBelowLowerBound() : void in class org.apache.commons.lang3.ValidateTest.ExclusiveBetween.WithLong.WithMessage & moved to class org.apache.commons.lang3.LangAssertions,True,True
src/test/java/org/apache/commons/lang3/ValidateTest.java,Extract And Move Method,6,1,1,d7279c1e6f7168544bcbf363afcdffaeee6655d6,98,163,Extract And Move Method public assertIllegalArgumentException(executable Executable) : IllegalArgumentException extracted from package shouldThrowIllegalArgumentExceptionWithGivenMessageWhenValueIsLowerBound() : void in class org.apache.commons.lang3.ValidateTest.ExclusiveBetween.WithLong.WithMessage & moved to class org.apache.commons.lang3.LangAssertions,True,True
src/test/java/org/apache/commons/lang3/ValidateTest.java,Extract And Move Method,6,1,1,d7279c1e6f7168544bcbf363afcdffaeee6655d6,98,164,Extract And Move Method public assertIllegalArgumentException(executable Executable) : IllegalArgumentException extracted from package shouldThrowIllegalArgumentExceptionWithGivenMessageWhenValueIsUpperBound() : void in class org.apache.commons.lang3.ValidateTest.ExclusiveBetween.WithLong.WithMessage & moved to class org.apache.commons.lang3.LangAssertions,True,True
src/test/java/org/apache/commons/lang3/ValidateTest.java,Extract And Move Method,5,1,1,d7279c1e6f7168544bcbf363afcdffaeee6655d6,98,165,Extract And Move Method public assertIllegalArgumentException(executable Executable) : IllegalArgumentException extracted from package shouldThrowIllegalArgumentExceptionWithDefaultMessageForNaN() : void in class org.apache.commons.lang3.ValidateTest.Finite.WithoutMessage & moved to class org.apache.commons.lang3.LangAssertions,True,True
src/test/java/org/apache/commons/lang3/ValidateTest.java,Extract And Move Method,5,1,1,d7279c1e6f7168544bcbf363afcdffaeee6655d6,98,166,Extract And Move Method public assertIllegalArgumentException(executable Executable) : IllegalArgumentException extracted from package shouldThrowIllegalArgumentExceptionWithDefaultMessageForNegativeInfinity() : void in class org.apache.commons.lang3.ValidateTest.Finite.WithoutMessage & moved to class org.apache.commons.lang3.LangAssertions,True,True
src/test/java/org/apache/commons/lang3/ValidateTest.java,Extract And Move Method,5,1,1,d7279c1e6f7168544bcbf363afcdffaeee6655d6,98,167,Extract And Move Method public assertIllegalArgumentException(executable Executable) : IllegalArgumentException extracted from package shouldThrowIllegalArgumentExceptionWithDefaultMessageForPositiveInfinity() : void in class org.apache.commons.lang3.ValidateTest.Finite.WithoutMessage & moved to class org.apache.commons.lang3.LangAssertions,True,True
src/test/java/org/apache/commons/lang3/ValidateTest.java,Extract And Move Method,5,1,1,d7279c1e6f7168544bcbf363afcdffaeee6655d6,98,168,Extract And Move Method public assertIllegalArgumentException(executable Executable) : IllegalArgumentException extracted from package shouldThrowIllegalArgumentExceptionWithDefaultMessageForNaN() : void in class org.apache.commons.lang3.ValidateTest.Finite.WithMessage & moved to class org.apache.commons.lang3.LangAssertions,True,True
src/test/java/org/apache/commons/lang3/ValidateTest.java,Extract And Move Method,5,1,1,d7279c1e6f7168544bcbf363afcdffaeee6655d6,98,169,Extract And Move Method public assertIllegalArgumentException(executable Executable) : IllegalArgumentException extracted from package shouldThrowIllegalArgumentExceptionWithDefaultMessageForNegativeInfinity() : void in class org.apache.commons.lang3.ValidateTest.Finite.WithMessage & moved to class org.apache.commons.lang3.LangAssertions,True,True
src/test/java/org/apache/commons/lang3/ValidateTest.java,Extract And Move Method,5,1,1,d7279c1e6f7168544bcbf363afcdffaeee6655d6,98,170,Extract And Move Method public assertIllegalArgumentException(executable Executable) : IllegalArgumentException extracted from package shouldThrowIllegalArgumentExceptionWithDefaultMessageForPositiveInfinity() : void in class org.apache.commons.lang3.ValidateTest.Finite.WithMessage & moved to class org.apache.commons.lang3.LangAssertions,True,True
src/test/java/org/apache/commons/lang3/ValidateTest.java,Extract And Move Method,6,1,1,d7279c1e6f7168544bcbf363afcdffaeee6655d6,98,171,Extract And Move Method public assertIllegalArgumentException(executable Executable) : IllegalArgumentException extracted from package shouldThrowIllegalArgumentExceptionWithDefaultMessageWhenValueIsAboveUpperBound() : void in class org.apache.commons.lang3.ValidateTest.InclusiveBetween.WithComparable.WithoutMessage & moved to class org.apache.commons.lang3.LangAssertions,True,True
src/test/java/org/apache/commons/lang3/ValidateTest.java,Extract And Move Method,6,1,1,d7279c1e6f7168544bcbf363afcdffaeee6655d6,98,172,Extract And Move Method public assertIllegalArgumentException(executable Executable) : IllegalArgumentException extracted from package shouldThrowIllegalArgumentExceptionWithDefaultMessageWhenValueIsBelowLowerBound() : void in class org.apache.commons.lang3.ValidateTest.InclusiveBetween.WithComparable.WithoutMessage & moved to class org.apache.commons.lang3.LangAssertions,True,True
src/test/java/org/apache/commons/lang3/ValidateTest.java,Extract And Move Method,6,1,1,d7279c1e6f7168544bcbf363afcdffaeee6655d6,98,173,Extract And Move Method public assertIllegalArgumentException(executable Executable) : IllegalArgumentException extracted from package shouldThrowIllegalArgumentExceptionWithGivenMessageWhenValueIsAboveUpperBound() : void in class org.apache.commons.lang3.ValidateTest.InclusiveBetween.WithComparable.WithMessage & moved to class org.apache.commons.lang3.LangAssertions,True,True
src/test/java/org/apache/commons/lang3/ValidateTest.java,Extract And Move Method,6,1,1,d7279c1e6f7168544bcbf363afcdffaeee6655d6,98,174,Extract And Move Method public assertIllegalArgumentException(executable Executable) : IllegalArgumentException extracted from package shouldThrowIllegalArgumentExceptionWithGivenMessageWhenValueIsBelowLowerBound() : void in class org.apache.commons.lang3.ValidateTest.InclusiveBetween.WithComparable.WithMessage & moved to class org.apache.commons.lang3.LangAssertions,True,True
src/test/java/org/apache/commons/lang3/ValidateTest.java,Extract And Move Method,6,1,1,d7279c1e6f7168544bcbf363afcdffaeee6655d6,98,175,Extract And Move Method public assertIllegalArgumentException(executable Executable) : IllegalArgumentException extracted from package shouldThrowIllegalArgumentExceptionWithDefaultMessageWhenValueIsAboveUpperBound() : void in class org.apache.commons.lang3.ValidateTest.InclusiveBetween.WithDouble.WithoutMessage & moved to class org.apache.commons.lang3.LangAssertions,True,True
src/test/java/org/apache/commons/lang3/ValidateTest.java,Extract And Move Method,6,1,1,d7279c1e6f7168544bcbf363afcdffaeee6655d6,98,176,Extract And Move Method public assertIllegalArgumentException(executable Executable) : IllegalArgumentException extracted from package shouldThrowIllegalArgumentExceptionWithDefaultMessageWhenValueIsBelowLowerBound() : void in class org.apache.commons.lang3.ValidateTest.InclusiveBetween.WithDouble.WithoutMessage & moved to class org.apache.commons.lang3.LangAssertions,True,True
src/test/java/org/apache/commons/lang3/ValidateTest.java,Extract And Move Method,6,1,1,d7279c1e6f7168544bcbf363afcdffaeee6655d6,98,177,Extract And Move Method public assertIllegalArgumentException(executable Executable) : IllegalArgumentException extracted from package shouldThrowIllegalArgumentExceptionWithGivenMessageWhenValueIsAboveUpperBound() : void in class org.apache.commons.lang3.ValidateTest.InclusiveBetween.WithDouble.WithMessage & moved to class org.apache.commons.lang3.LangAssertions,True,True
src/test/java/org/apache/commons/lang3/ValidateTest.java,Extract And Move Method,6,1,1,d7279c1e6f7168544bcbf363afcdffaeee6655d6,98,178,Extract And Move Method public assertIllegalArgumentException(executable Executable) : IllegalArgumentException extracted from package shouldThrowIllegalArgumentExceptionWithGivenMessageWhenValueIsBelowLowerBound() : void in class org.apache.commons.lang3.ValidateTest.InclusiveBetween.WithDouble.WithMessage & moved to class org.apache.commons.lang3.LangAssertions,True,True
src/test/java/org/apache/commons/lang3/ValidateTest.java,Extract And Move Method,6,1,1,d7279c1e6f7168544bcbf363afcdffaeee6655d6,98,179,Extract And Move Method public assertIllegalArgumentException(executable Executable) : IllegalArgumentException extracted from package shouldThrowIllegalArgumentExceptionWithDefaultMessageWhenValueIsAboveUpperBound() : void in class org.apache.commons.lang3.ValidateTest.InclusiveBetween.WithLong.WithoutMessage & moved to class org.apache.commons.lang3.LangAssertions,True,True
src/test/java/org/apache/commons/lang3/ValidateTest.java,Extract And Move Method,6,1,1,d7279c1e6f7168544bcbf363afcdffaeee6655d6,98,180,Extract And Move Method public assertIllegalArgumentException(executable Executable) : IllegalArgumentException extracted from package shouldThrowIllegalArgumentExceptionWithDefaultMessageWhenValueIsBelowLowerBound() : void in class org.apache.commons.lang3.ValidateTest.InclusiveBetween.WithLong.WithoutMessage & moved to class org.apache.commons.lang3.LangAssertions,True,True
src/test/java/org/apache/commons/lang3/ValidateTest.java,Extract And Move Method,6,1,1,d7279c1e6f7168544bcbf363afcdffaeee6655d6,98,181,Extract And Move Method public assertIllegalArgumentException(executable Executable) : IllegalArgumentException extracted from package shouldThrowIllegalArgumentExceptionWithGivenMessageWhenValueIsAboveUpperBound() : void in class org.apache.commons.lang3.ValidateTest.InclusiveBetween.WithLong.WithMessage & moved to class org.apache.commons.lang3.LangAssertions,True,True
src/test/java/org/apache/commons/lang3/ValidateTest.java,Extract And Move Method,6,1,1,d7279c1e6f7168544bcbf363afcdffaeee6655d6,98,182,Extract And Move Method public assertIllegalArgumentException(executable Executable) : IllegalArgumentException extracted from package shouldThrowIllegalArgumentExceptionWithGivenMessageWhenValueIsBelowLowerBound() : void in class org.apache.commons.lang3.ValidateTest.InclusiveBetween.WithLong.WithMessage & moved to class org.apache.commons.lang3.LangAssertions,True,True
src/test/java/org/apache/commons/lang3/ValidateTest.java,Extract And Move Method,5,1,1,d7279c1e6f7168544bcbf363afcdffaeee6655d6,98,183,Extract And Move Method public assertIllegalArgumentException(executable Executable) : IllegalArgumentException extracted from package shouldThrowIllegalArgumentExceptionWithDefaultMessageWhenClassIsNotAssignable() : void in class org.apache.commons.lang3.ValidateTest.IsAssignable.WithoutMessage & moved to class org.apache.commons.lang3.LangAssertions,True,True
src/test/java/org/apache/commons/lang3/ValidateTest.java,Extract And Move Method,5,1,1,d7279c1e6f7168544bcbf363afcdffaeee6655d6,98,184,Extract And Move Method public assertIllegalArgumentException(executable Executable) : IllegalArgumentException extracted from package shouldThrowIllegalArgumentExceptionWithNullSuperType() : void in class org.apache.commons.lang3.ValidateTest.IsAssignable.WithoutMessage & moved to class org.apache.commons.lang3.LangAssertions,True,True
src/test/java/org/apache/commons/lang3/ValidateTest.java,Extract And Move Method,5,1,1,d7279c1e6f7168544bcbf363afcdffaeee6655d6,98,185,Extract And Move Method public assertIllegalArgumentException(executable Executable) : IllegalArgumentException extracted from package shouldThrowIllegalArgumentExceptionWithNullType() : void in class org.apache.commons.lang3.ValidateTest.IsAssignable.WithoutMessage & moved to class org.apache.commons.lang3.LangAssertions,True,True
src/test/java/org/apache/commons/lang3/ValidateTest.java,Extract And Move Method,5,1,1,d7279c1e6f7168544bcbf363afcdffaeee6655d6,98,186,Extract And Move Method public assertIllegalArgumentException(executable Executable) : IllegalArgumentException extracted from package shouldThrowIllegalArgumentExceptionWithNullTypes() : void in class org.apache.commons.lang3.ValidateTest.IsAssignable.WithoutMessage & moved to class org.apache.commons.lang3.LangAssertions,True,True
src/test/java/org/apache/commons/lang3/ValidateTest.java,Extract And Move Method,6,1,1,d7279c1e6f7168544bcbf363afcdffaeee6655d6,98,187,Extract And Move Method public assertIllegalArgumentException(executable Executable) : IllegalArgumentException extracted from package shouldThrowIllegalArgumentExceptionWithGivenMessageWhenClassIsNotAssignable() : void in class org.apache.commons.lang3.ValidateTest.IsAssignable.WithMessage & moved to class org.apache.commons.lang3.LangAssertions,True,True
src/test/java/org/apache/commons/lang3/ValidateTest.java,Extract And Move Method,6,1,1,d7279c1e6f7168544bcbf363afcdffaeee6655d6,98,188,Extract And Move Method public assertIllegalArgumentException(executable Executable) : IllegalArgumentException extracted from package shouldThrowIllegalArgumentExceptionWithGivenMessageWhenValueIsNotInstanceOfClass() : void in class org.apache.commons.lang3.ValidateTest.IsInstanceOf.WithMessageTemplate & moved to class org.apache.commons.lang3.LangAssertions,True,True
src/test/java/org/apache/commons/lang3/ValidateTest.java,Extract And Move Method,5,1,1,d7279c1e6f7168544bcbf363afcdffaeee6655d6,98,189,Extract And Move Method public assertIllegalArgumentException(executable Executable) : IllegalArgumentException extracted from package shouldThrowIllegalArgumentExceptionWithDefaultMessageWhenValueIsNotInstanceOfClass() : void in class org.apache.commons.lang3.ValidateTest.IsInstanceOf.WithoutMessage & moved to class org.apache.commons.lang3.LangAssertions,True,True
src/test/java/org/apache/commons/lang3/ValidateTest.java,Extract And Move Method,5,1,1,d7279c1e6f7168544bcbf363afcdffaeee6655d6,98,190,Extract And Move Method public assertIllegalArgumentException(executable Executable) : IllegalArgumentException extracted from package shouldThrowIllegalArgumentExceptionWithGivenMessageWhenValueIsNotInstanceOfClass() : void in class org.apache.commons.lang3.ValidateTest.IsInstanceOf.WithMessage & moved to class org.apache.commons.lang3.LangAssertions,True,True
src/test/java/org/apache/commons/lang3/ValidateTest.java,Extract And Move Method,5,1,1,d7279c1e6f7168544bcbf363afcdffaeee6655d6,98,191,Extract And Move Method public assertIllegalArgumentException(executable Executable) : IllegalArgumentException extracted from package shouldThrowExceptionWithGivenMessageContainingSpecialCharacterForFalseExpression() : void in class org.apache.commons.lang3.ValidateTest.IsTrue.WithMessage & moved to class org.apache.commons.lang3.LangAssertions,True,True
src/test/java/org/apache/commons/lang3/ValidateTest.java,Extract And Move Method,5,1,1,d7279c1e6f7168544bcbf363afcdffaeee6655d6,98,192,Extract And Move Method public assertIllegalArgumentException(executable Executable) : IllegalArgumentException extracted from package shouldThrowExceptionWithGivenMessageForFalseExpression() : void in class org.apache.commons.lang3.ValidateTest.IsTrue.WithMessage & moved to class org.apache.commons.lang3.LangAssertions,True,True
src/test/java/org/apache/commons/lang3/ValidateTest.java,Extract And Move Method,6,1,1,d7279c1e6f7168544bcbf363afcdffaeee6655d6,98,193,Extract And Move Method public assertIllegalArgumentException(executable Executable) : IllegalArgumentException extracted from package shouldThrowExceptionWithDoubleInsertedIntoTemplateMessageForFalseExpression() : void in class org.apache.commons.lang3.ValidateTest.IsTrue.WithMessageSupplier & moved to class org.apache.commons.lang3.LangAssertions,True,True
src/test/java/org/apache/commons/lang3/ValidateTest.java,Extract And Move Method,6,1,1,d7279c1e6f7168544bcbf363afcdffaeee6655d6,98,194,Extract And Move Method public assertIllegalArgumentException(executable Executable) : IllegalArgumentException extracted from package shouldThrowExceptionWithDoubleInsertedIntoTemplateMessageForFalseExpression() : void in class org.apache.commons.lang3.ValidateTest.IsTrue.WithObjectTemplate & moved to class org.apache.commons.lang3.LangAssertions,True,True
src/test/java/org/apache/commons/lang3/ValidateTest.java,Extract And Move Method,5,1,1,d7279c1e6f7168544bcbf363afcdffaeee6655d6,98,195,Extract And Move Method public assertIllegalArgumentException(executable Executable) : IllegalArgumentException extracted from package shouldThrowExceptionWithDefaultMessageForFalseExpression() : void in class org.apache.commons.lang3.ValidateTest.IsTrue.WithoutMessage & moved to class org.apache.commons.lang3.LangAssertions,True,True
src/test/java/org/apache/commons/lang3/ValidateTest.java,Extract And Move Method,5,1,1,d7279c1e6f7168544bcbf363afcdffaeee6655d6,98,196,Extract And Move Method public assertIllegalArgumentException(executable Executable) : IllegalArgumentException extracted from package shouldThrowExceptionWithDoubleInsertedIntoTemplateMessageForFalseExpression() : void in class org.apache.commons.lang3.ValidateTest.IsTrue.WithDoubleTemplate & moved to class org.apache.commons.lang3.LangAssertions,True,True
src/test/java/org/apache/commons/lang3/ValidateTest.java,Extract And Move Method,5,1,1,d7279c1e6f7168544bcbf363afcdffaeee6655d6,98,197,Extract And Move Method public assertIllegalArgumentException(executable Executable) : IllegalArgumentException extracted from package shouldThrowIllegalArgumentExceptionWithDefaultMessageWhenStringDoesNotMatchPattern() : void in class org.apache.commons.lang3.ValidateTest.MatchesPattern.WithoutMessage & moved to class org.apache.commons.lang3.LangAssertions,True,True
src/test/java/org/apache/commons/lang3/ValidateTest.java,Extract And Move Method,5,1,1,d7279c1e6f7168544bcbf363afcdffaeee6655d6,98,198,Extract And Move Method public assertIllegalArgumentException(executable Executable) : IllegalArgumentException extracted from package shouldThrowIllegalArgumentExceptionWhenStringDoesNotMatchPattern() : void in class org.apache.commons.lang3.ValidateTest.MatchesPattern.WithMessage & moved to class org.apache.commons.lang3.LangAssertions,True,True
src/test/java/org/apache/commons/lang3/ValidateTest.java,Extract And Move Method,5,1,1,d7279c1e6f7168544bcbf363afcdffaeee6655d6,98,199,Extract And Move Method public assertIllegalArgumentException(executable Executable) : IllegalArgumentException extracted from package shouldThrowIllegalArgumentExceptionWithDefaultMessageForArrayWithNullElement() : void in class org.apache.commons.lang3.ValidateTest.NoNullElements.WithArray.WithoutMessage & moved to class org.apache.commons.lang3.LangAssertions,True,True
src/test/java/org/apache/commons/lang3/ValidateTest.java,Extract And Move Method,6,1,1,d7279c1e6f7168544bcbf363afcdffaeee6655d6,98,200,Extract And Move Method public assertIllegalArgumentException(executable Executable) : IllegalArgumentException extracted from package shouldThrowIllegalArgumentExceptionWithGivenMessageForArrayWithNullElement() : void in class org.apache.commons.lang3.ValidateTest.NoNullElements.WithArray.WithMessage & moved to class org.apache.commons.lang3.LangAssertions,True,True
src/test/java/org/apache/commons/lang3/ValidateTest.java,Extract And Move Method,6,1,1,d7279c1e6f7168544bcbf363afcdffaeee6655d6,98,201,Extract And Move Method public assertIllegalArgumentException(executable Executable) : IllegalArgumentException extracted from package shouldThrowIllegalArgumentExceptionWithDefaultMessageForCollectionWithNullElement() : void in class org.apache.commons.lang3.ValidateTest.NoNullElements.WithCollection.WithoutMessage & moved to class org.apache.commons.lang3.LangAssertions,True,True
src/test/java/org/apache/commons/lang3/ValidateTest.java,Extract And Move Method,6,1,1,d7279c1e6f7168544bcbf363afcdffaeee6655d6,98,202,Extract And Move Method public assertIllegalArgumentException(executable Executable) : IllegalArgumentException extracted from package shouldThrowIllegalArgumentExceptionWithGivenMessageForCollectionWithNullElement() : void in class org.apache.commons.lang3.ValidateTest.NoNullElements.WithCollection.WithMessage & moved to class org.apache.commons.lang3.LangAssertions,True,True
src/test/java/org/apache/commons/lang3/ValidateTest.java,Extract And Move Method,5,1,1,d7279c1e6f7168544bcbf363afcdffaeee6655d6,98,203,Extract And Move Method public assertIllegalArgumentException(executable Executable) : IllegalArgumentException extracted from package shouldThrowIllegalArgumentExceptionWithDefaultMessageForBlankString() : void in class org.apache.commons.lang3.ValidateTest.NotBlank.WithoutMessage & moved to class org.apache.commons.lang3.LangAssertions,True,True
src/test/java/org/apache/commons/lang3/ValidateTest.java,Extract And Move Method,5,1,1,d7279c1e6f7168544bcbf363afcdffaeee6655d6,98,204,Extract And Move Method public assertIllegalArgumentException(executable Executable) : IllegalArgumentException extracted from package shouldThrowIllegalArgumentExceptionWithDefaultMessageForEmptyString() : void in class org.apache.commons.lang3.ValidateTest.NotBlank.WithoutMessage & moved to class org.apache.commons.lang3.LangAssertions,True,True
src/test/java/org/apache/commons/lang3/ValidateTest.java,Extract And Move Method,5,1,1,d7279c1e6f7168544bcbf363afcdffaeee6655d6,98,205,Extract And Move Method public assertIllegalArgumentException(executable Executable) : IllegalArgumentException extracted from package shouldThrowIllegalArgumentExceptionWithDefaultMessageForStringContainingOnlyWhitespaceChars() : void in class org.apache.commons.lang3.ValidateTest.NotBlank.WithoutMessage & moved to class org.apache.commons.lang3.LangAssertions,True,True
src/test/java/org/apache/commons/lang3/ValidateTest.java,Extract And Move Method,5,1,1,d7279c1e6f7168544bcbf363afcdffaeee6655d6,98,206,Extract And Move Method public assertIllegalArgumentException(executable Executable) : IllegalArgumentException extracted from package shouldThrowIllegalArgumentExceptionWithGivenMessageForBlankString() : void in class org.apache.commons.lang3.ValidateTest.NotBlank.WithMessage & moved to class org.apache.commons.lang3.LangAssertions,True,True
src/test/java/org/apache/commons/lang3/ValidateTest.java,Extract And Move Method,5,1,1,d7279c1e6f7168544bcbf363afcdffaeee6655d6,98,207,Extract And Move Method public assertIllegalArgumentException(executable Executable) : IllegalArgumentException extracted from package shouldThrowIllegalArgumentExceptionWithGivenMessageForEmptyString() : void in class org.apache.commons.lang3.ValidateTest.NotBlank.WithMessage & moved to class org.apache.commons.lang3.LangAssertions,True,True
src/test/java/org/apache/commons/lang3/ValidateTest.java,Extract And Move Method,5,1,1,d7279c1e6f7168544bcbf363afcdffaeee6655d6,98,208,Extract And Move Method public assertIllegalArgumentException(executable Executable) : IllegalArgumentException extracted from package shouldThrowIllegalArgumentExceptionWithGivenMessageForStringContainingOnlyWhitespaceChars() : void in class org.apache.commons.lang3.ValidateTest.NotBlank.WithMessage & moved to class org.apache.commons.lang3.LangAssertions,True,True
src/test/java/org/apache/commons/lang3/ValidateTest.java,Extract And Move Method,5,1,1,d7279c1e6f7168544bcbf363afcdffaeee6655d6,98,209,Extract And Move Method public assertIllegalArgumentException(executable Executable) : IllegalArgumentException extracted from package shouldThrowIllegalArgumentExceptionWithDefaultMessageForEmptyArray() : void in class org.apache.commons.lang3.ValidateTest.NotEmpty.WithArray.WithoutMessage & moved to class org.apache.commons.lang3.LangAssertions,True,True
src/test/java/org/apache/commons/lang3/ValidateTest.java,Extract And Move Method,5,1,1,d7279c1e6f7168544bcbf363afcdffaeee6655d6,98,210,Extract And Move Method public assertIllegalArgumentException(executable Executable) : IllegalArgumentException extracted from package shouldThrowIllegalArgumentExceptionWithDefaultMessageForEmptyArray() : void in class org.apache.commons.lang3.ValidateTest.NotEmpty.WithArray.WithMessage & moved to class org.apache.commons.lang3.LangAssertions,True,True
src/test/java/org/apache/commons/lang3/ValidateTest.java,Extract And Move Method,5,1,1,d7279c1e6f7168544bcbf363afcdffaeee6655d6,98,211,Extract And Move Method public assertIllegalArgumentException(executable Executable) : IllegalArgumentException extracted from package shouldThrowIllegalArgumentExceptionWithDefaultMessageForEmptyString() : void in class org.apache.commons.lang3.ValidateTest.NotEmpty.WithCharSequence.WithoutMessage & moved to class org.apache.commons.lang3.LangAssertions,True,True
src/test/java/org/apache/commons/lang3/ValidateTest.java,Extract And Move Method,5,1,1,d7279c1e6f7168544bcbf363afcdffaeee6655d6,98,212,Extract And Move Method public assertIllegalArgumentException(executable Executable) : IllegalArgumentException extracted from package shouldThrowIllegalArgumentExceptionWithGivenMessageForEmptyString() : void in class org.apache.commons.lang3.ValidateTest.NotEmpty.WithCharSequence.WithMessage & moved to class org.apache.commons.lang3.LangAssertions,True,True
src/test/java/org/apache/commons/lang3/ValidateTest.java,Extract And Move Method,5,1,1,d7279c1e6f7168544bcbf363afcdffaeee6655d6,98,213,Extract And Move Method public assertIllegalArgumentException(executable Executable) : IllegalArgumentException extracted from package shouldThrowIllegalArgumentExceptionWithDefaultMessageForEmptyCollection() : void in class org.apache.commons.lang3.ValidateTest.NotEmpty.WithCollection.WithoutMessage & moved to class org.apache.commons.lang3.LangAssertions,True,True
src/test/java/org/apache/commons/lang3/ValidateTest.java,Extract And Move Method,5,1,1,d7279c1e6f7168544bcbf363afcdffaeee6655d6,98,214,Extract And Move Method public assertIllegalArgumentException(executable Executable) : IllegalArgumentException extracted from package shouldThrowIllegalArgumentExceptionWithGivenMessageForEmptyCollection() : void in class org.apache.commons.lang3.ValidateTest.NotEmpty.WithCollection.WithMessage & moved to class org.apache.commons.lang3.LangAssertions,True,True
src/test/java/org/apache/commons/lang3/ValidateTest.java,Extract And Move Method,5,1,1,d7279c1e6f7168544bcbf363afcdffaeee6655d6,98,215,Extract And Move Method public assertIllegalArgumentException(executable Executable) : IllegalArgumentException extracted from package shouldThrowIllegalArgumentExceptionWithDefaultMessageForEmptyMap() : void in class org.apache.commons.lang3.ValidateTest.NotEmpty.WithMap.WithoutMessage & moved to class org.apache.commons.lang3.LangAssertions,True,True
src/test/java/org/apache/commons/lang3/ValidateTest.java,Extract And Move Method,5,1,1,d7279c1e6f7168544bcbf363afcdffaeee6655d6,98,216,Extract And Move Method public assertIllegalArgumentException(executable Executable) : IllegalArgumentException extracted from package shouldThrowIllegalArgumentExceptionWithGivenMessageForEmptyMap() : void in class org.apache.commons.lang3.ValidateTest.NotEmpty.WithMap.WithMessage & moved to class org.apache.commons.lang3.LangAssertions,True,True
src/test/java/org/apache/commons/lang3/ValidateTest.java,Extract And Move Method,5,1,1,d7279c1e6f7168544bcbf363afcdffaeee6655d6,98,217,Extract And Move Method public assertIllegalArgumentException(executable Executable) : IllegalArgumentException extracted from package shouldThrowIllegalArgumentExceptionWithDefaultMessageForNaN() : void in class org.apache.commons.lang3.ValidateTest.NotNaN.WithoutMessage & moved to class org.apache.commons.lang3.LangAssertions,True,True
src/test/java/org/apache/commons/lang3/ValidateTest.java,Extract And Move Method,5,1,1,d7279c1e6f7168544bcbf363afcdffaeee6655d6,98,218,Extract And Move Method public assertIllegalArgumentException(executable Executable) : IllegalArgumentException extracted from package shouldThrowIllegalArgumentExceptionWithGivenMessageForNaN() : void in class org.apache.commons.lang3.ValidateTest.NotNaN.WithMessage & moved to class org.apache.commons.lang3.LangAssertions,True,True
src/test/java/org/apache/commons/lang3/builder/ConversionTest.java,Extract And Move Method,4,1,1,d7279c1e6f7168544bcbf363afcdffaeee6655d6,98,219,Extract And Move Method public assertIllegalArgumentException(executable Executable) : IllegalArgumentException extracted from package testHexToByte_IllegalArgument() : void in class org.apache.commons.lang3.builder.ConversionTest & moved to class org.apache.commons.lang3.LangAssertions,True,True
src/test/java/org/apache/commons/lang3/builder/HashCodeBuilderTest.java,Extract And Move Method,4,1,1,d7279c1e6f7168544bcbf363afcdffaeee6655d6,98,220,Extract And Move Method public assertIllegalArgumentException(executable Executable) : IllegalArgumentException extracted from package testConstructorExEvenFirst() : void in class org.apache.commons.lang3.builder.HashCodeBuilderTest & moved to class org.apache.commons.lang3.LangAssertions,True,True
src/test/java/org/apache/commons/lang3/builder/HashCodeBuilderTest.java,Extract And Move Method,4,1,1,d7279c1e6f7168544bcbf363afcdffaeee6655d6,98,221,Extract And Move Method public assertIllegalArgumentException(executable Executable) : IllegalArgumentException extracted from package testConstructorExEvenNegative() : void in class org.apache.commons.lang3.builder.HashCodeBuilderTest & moved to class org.apache.commons.lang3.LangAssertions,True,True
src/test/java/org/apache/commons/lang3/builder/HashCodeBuilderTest.java,Extract And Move Method,4,1,1,d7279c1e6f7168544bcbf363afcdffaeee6655d6,98,222,Extract And Move Method public assertIllegalArgumentException(executable Executable) : IllegalArgumentException extracted from package testConstructorExEvenSecond() : void in class org.apache.commons.lang3.builder.HashCodeBuilderTest & moved to class org.apache.commons.lang3.LangAssertions,True,True
src/test/java/org/apache/commons/lang3/builder/HashCodeBuilderTest.java,Extract And Move Method,4,1,1,d7279c1e6f7168544bcbf363afcdffaeee6655d6,98,223,Extract And Move Method public assertIllegalArgumentException(executable Executable) : IllegalArgumentException extracted from package testConstructorExZero() : void in class org.apache.commons.lang3.builder.HashCodeBuilderTest & moved to class org.apache.commons.lang3.LangAssertions,True,True
src/test/java/org/apache/commons/lang3/builder/HashCodeBuilderTest.java,Extract And Move Method,4,1,1,d7279c1e6f7168544bcbf363afcdffaeee6655d6,98,224,Extract And Move Method public assertIllegalArgumentException(executable Executable) : IllegalArgumentException extracted from package testReflectionHashCodeEx1() : void in class org.apache.commons.lang3.builder.HashCodeBuilderTest & moved to class org.apache.commons.lang3.LangAssertions,True,True
src/test/java/org/apache/commons/lang3/builder/HashCodeBuilderTest.java,Extract And Move Method,4,1,1,d7279c1e6f7168544bcbf363afcdffaeee6655d6,98,225,Extract And Move Method public assertIllegalArgumentException(executable Executable) : IllegalArgumentException extracted from package testReflectionHashCodeEx2() : void in class org.apache.commons.lang3.builder.HashCodeBuilderTest & moved to class org.apache.commons.lang3.LangAssertions,True,True
src/test/java/org/apache/commons/lang3/builder/HashCodeBuilderTest.java,Extract And Move Method,4,1,1,d7279c1e6f7168544bcbf363afcdffaeee6655d6,98,226,Extract And Move Method public assertIllegalArgumentException(executable Executable) : IllegalArgumentException extracted from package testReflectionHierarchyHashCodeEx1() : void in class org.apache.commons.lang3.builder.HashCodeBuilderTest & moved to class org.apache.commons.lang3.LangAssertions,True,True
src/test/java/org/apache/commons/lang3/builder/HashCodeBuilderTest.java,Extract And Move Method,4,1,1,d7279c1e6f7168544bcbf363afcdffaeee6655d6,98,227,Extract And Move Method public assertIllegalArgumentException(executable Executable) : IllegalArgumentException extracted from package testReflectionHierarchyHashCodeEx2() : void in class org.apache.commons.lang3.builder.HashCodeBuilderTest & moved to class org.apache.commons.lang3.LangAssertions,True,True
src/test/java/org/apache/commons/lang3/builder/ToStringBuilderTest.java,Extract And Move Method,10,1,1,d7279c1e6f7168544bcbf363afcdffaeee6655d6,98,228,Extract And Move Method public assertIllegalArgumentException(executable Executable) : IllegalArgumentException extracted from package test_setUpToClass_invalid() : void in class org.apache.commons.lang3.builder.ToStringBuilderTest & moved to class org.apache.commons.lang3.LangAssertions,True,True
src/test/java/org/apache/commons/lang3/concurrent/ConcurrentUtilsTest.java,Extract And Move Method,7,1,1,d7279c1e6f7168544bcbf363afcdffaeee6655d6,98,229,Extract And Move Method public assertIllegalArgumentException(executable Executable) : IllegalArgumentException extracted from package testConcurrentExceptionCauseError() : void in class org.apache.commons.lang3.concurrent.ConcurrentUtilsTest & moved to class org.apache.commons.lang3.LangAssertions,True,True
src/test/java/org/apache/commons/lang3/concurrent/ConcurrentUtilsTest.java,Extract And Move Method,7,1,1,d7279c1e6f7168544bcbf363afcdffaeee6655d6,98,230,Extract And Move Method public assertIllegalArgumentException(executable Executable) : IllegalArgumentException extracted from package testConcurrentExceptionCauseNull() : void in class org.apache.commons.lang3.concurrent.ConcurrentUtilsTest & moved to class org.apache.commons.lang3.LangAssertions,True,True
src/test/java/org/apache/commons/lang3/concurrent/ConcurrentUtilsTest.java,Extract And Move Method,7,1,1,d7279c1e6f7168544bcbf363afcdffaeee6655d6,98,231,Extract And Move Method public assertIllegalArgumentException(executable Executable) : IllegalArgumentException extracted from package testConcurrentExceptionCauseUnchecked() : void in class org.apache.commons.lang3.concurrent.ConcurrentUtilsTest & moved to class org.apache.commons.lang3.LangAssertions,True,True
src/test/java/org/apache/commons/lang3/concurrent/ConcurrentUtilsTest.java,Extract And Move Method,7,1,1,d7279c1e6f7168544bcbf363afcdffaeee6655d6,98,232,Extract And Move Method public assertIllegalArgumentException(executable Executable) : IllegalArgumentException extracted from package testConcurrentRuntimeExceptionCauseError() : void in class org.apache.commons.lang3.concurrent.ConcurrentUtilsTest & moved to class org.apache.commons.lang3.LangAssertions,True,True
src/test/java/org/apache/commons/lang3/concurrent/ConcurrentUtilsTest.java,Extract And Move Method,7,1,1,d7279c1e6f7168544bcbf363afcdffaeee6655d6,98,233,Extract And Move Method public assertIllegalArgumentException(executable Executable) : IllegalArgumentException extracted from package testConcurrentRuntimeExceptionCauseNull() : void in class org.apache.commons.lang3.concurrent.ConcurrentUtilsTest & moved to class org.apache.commons.lang3.LangAssertions,True,True
src/test/java/org/apache/commons/lang3/concurrent/ConcurrentUtilsTest.java,Extract And Move Method,7,1,1,d7279c1e6f7168544bcbf363afcdffaeee6655d6,98,234,Extract And Move Method public assertIllegalArgumentException(executable Executable) : IllegalArgumentException extracted from package testConcurrentRuntimeExceptionCauseUnchecked() : void in class org.apache.commons.lang3.concurrent.ConcurrentUtilsTest & moved to class org.apache.commons.lang3.LangAssertions,True,True
src/test/java/org/apache/commons/lang3/concurrent/MemoizerFunctionTest.java,Extract And Move Method,11,1,1,d7279c1e6f7168544bcbf363afcdffaeee6655d6,98,235,Extract And Move Method public assertIllegalArgumentException(executable Executable) : IllegalArgumentException extracted from package testDefaultBehaviourNotToRecalculateExecutionExceptions() : void in class org.apache.commons.lang3.concurrent.MemoizerFunctionTest & moved to class org.apache.commons.lang3.LangAssertions,True,True
src/test/java/org/apache/commons/lang3/concurrent/MemoizerFunctionTest.java,Extract And Move Method,11,1,1,d7279c1e6f7168544bcbf363afcdffaeee6655d6,98,236,Extract And Move Method public assertIllegalArgumentException(executable Executable) : IllegalArgumentException extracted from package testDoesNotRecalculateWhenSetToFalse() : void in class org.apache.commons.lang3.concurrent.MemoizerFunctionTest & moved to class org.apache.commons.lang3.LangAssertions,True,True
src/test/java/org/apache/commons/lang3/event/EventListenerSupportTest.java,Extract And Move Method,4,1,1,d7279c1e6f7168544bcbf363afcdffaeee6655d6,98,237,Extract And Move Method public assertIllegalArgumentException(executable Executable) : IllegalArgumentException extracted from package testCreateWithNonInterfaceParameter() : void in class org.apache.commons.lang3.event.EventListenerSupportTest & moved to class org.apache.commons.lang3.LangAssertions,True,True
src/test/java/org/apache/commons/lang3/concurrent/TimedSemaphoreTest.java,Extract And Move Method,8,1,1,d7279c1e6f7168544bcbf363afcdffaeee6655d6,98,238,Extract And Move Method public assertIllegalArgumentException(executable Executable) : IllegalArgumentException extracted from package testInitInvalidPeriod() : void in class org.apache.commons.lang3.concurrent.TimedSemaphoreTest & moved to class org.apache.commons.lang3.LangAssertions,True,True
src/test/java/org/apache/commons/lang3/event/EventUtilsTest.java,Extract And Move Method,10,1,1,d7279c1e6f7168544bcbf363afcdffaeee6655d6,98,239,Extract And Move Method public assertIllegalArgumentException(executable Executable) : IllegalArgumentException extracted from package testAddEventListenerWithNoAddMethod() : void in class org.apache.commons.lang3.event.EventUtilsTest & moved to class org.apache.commons.lang3.LangAssertions,True,True
src/test/java/org/apache/commons/lang3/event/EventUtilsTest.java,Extract And Move Method,10,1,1,d7279c1e6f7168544bcbf363afcdffaeee6655d6,98,240,Extract And Move Method public assertIllegalArgumentException(executable Executable) : IllegalArgumentException extracted from package testAddEventListenerWithPrivateAddMethod() : void in class org.apache.commons.lang3.event.EventUtilsTest & moved to class org.apache.commons.lang3.LangAssertions,True,True
src/test/java/org/apache/commons/lang3/math/NumberUtilsTest.java,Extract And Move Method,4,1,1,d7279c1e6f7168544bcbf363afcdffaeee6655d6,98,241,Extract And Move Method public assertIllegalArgumentException(executable Executable) : IllegalArgumentException extracted from package testMaxByte_emptyArray() : void in class org.apache.commons.lang3.math.NumberUtilsTest & moved to class org.apache.commons.lang3.LangAssertions,True,True
src/test/java/org/apache/commons/lang3/math/NumberUtilsTest.java,Extract And Move Method,4,1,1,d7279c1e6f7168544bcbf363afcdffaeee6655d6,98,242,Extract And Move Method public assertIllegalArgumentException(executable Executable) : IllegalArgumentException extracted from package testMaxDouble_emptyArray() : void in class org.apache.commons.lang3.math.NumberUtilsTest & moved to class org.apache.commons.lang3.LangAssertions,True,True
src/test/java/org/apache/commons/lang3/math/NumberUtilsTest.java,Extract And Move Method,4,1,1,d7279c1e6f7168544bcbf363afcdffaeee6655d6,98,243,Extract And Move Method public assertIllegalArgumentException(executable Executable) : IllegalArgumentException extracted from package testMaxFloat_emptyArray() : void in class org.apache.commons.lang3.math.NumberUtilsTest & moved to class org.apache.commons.lang3.LangAssertions,True,True
src/test/java/org/apache/commons/lang3/math/NumberUtilsTest.java,Extract And Move Method,4,1,1,d7279c1e6f7168544bcbf363afcdffaeee6655d6,98,244,Extract And Move Method public assertIllegalArgumentException(executable Executable) : IllegalArgumentException extracted from package testMaxInt_emptyArray() : void in class org.apache.commons.lang3.math.NumberUtilsTest & moved to class org.apache.commons.lang3.LangAssertions,True,True
src/test/java/org/apache/commons/lang3/math/NumberUtilsTest.java,Extract And Move Method,4,1,1,d7279c1e6f7168544bcbf363afcdffaeee6655d6,98,245,Extract And Move Method public assertIllegalArgumentException(executable Executable) : IllegalArgumentException extracted from package testMaxLong_emptyArray() : void in class org.apache.commons.lang3.math.NumberUtilsTest & moved to class org.apache.commons.lang3.LangAssertions,True,True
src/test/java/org/apache/commons/lang3/math/NumberUtilsTest.java,Extract And Move Method,4,1,1,d7279c1e6f7168544bcbf363afcdffaeee6655d6,98,246,Extract And Move Method public assertIllegalArgumentException(executable Executable) : IllegalArgumentException extracted from package testMaxShort_emptyArray() : void in class org.apache.commons.lang3.math.NumberUtilsTest & moved to class org.apache.commons.lang3.LangAssertions,True,True
src/test/java/org/apache/commons/lang3/math/NumberUtilsTest.java,Extract And Move Method,4,1,1,d7279c1e6f7168544bcbf363afcdffaeee6655d6,98,247,Extract And Move Method public assertIllegalArgumentException(executable Executable) : IllegalArgumentException extracted from package testMinByte_emptyArray() : void in class org.apache.commons.lang3.math.NumberUtilsTest & moved to class org.apache.commons.lang3.LangAssertions,True,True
src/test/java/org/apache/commons/lang3/math/NumberUtilsTest.java,Extract And Move Method,4,1,1,d7279c1e6f7168544bcbf363afcdffaeee6655d6,98,248,Extract And Move Method public assertIllegalArgumentException(executable Executable) : IllegalArgumentException extracted from package testMinDouble_emptyArray() : void in class org.apache.commons.lang3.math.NumberUtilsTest & moved to class org.apache.commons.lang3.LangAssertions,True,True
src/test/java/org/apache/commons/lang3/math/NumberUtilsTest.java,Extract And Move Method,4,1,1,d7279c1e6f7168544bcbf363afcdffaeee6655d6,98,249,Extract And Move Method public assertIllegalArgumentException(executable Executable) : IllegalArgumentException extracted from package testMinFloat_emptyArray() : void in class org.apache.commons.lang3.math.NumberUtilsTest & moved to class org.apache.commons.lang3.LangAssertions,True,True
src/test/java/org/apache/commons/lang3/math/NumberUtilsTest.java,Extract And Move Method,4,1,1,d7279c1e6f7168544bcbf363afcdffaeee6655d6,98,250,Extract And Move Method public assertIllegalArgumentException(executable Executable) : IllegalArgumentException extracted from package testMinInt_emptyArray() : void in class org.apache.commons.lang3.math.NumberUtilsTest & moved to class org.apache.commons.lang3.LangAssertions,True,True
src/test/java/org/apache/commons/lang3/math/NumberUtilsTest.java,Extract And Move Method,4,1,1,d7279c1e6f7168544bcbf363afcdffaeee6655d6,98,251,Extract And Move Method public assertIllegalArgumentException(executable Executable) : IllegalArgumentException extracted from package testMinLong_emptyArray() : void in class org.apache.commons.lang3.math.NumberUtilsTest & moved to class org.apache.commons.lang3.LangAssertions,True,True
src/test/java/org/apache/commons/lang3/math/NumberUtilsTest.java,Extract And Move Method,4,1,1,d7279c1e6f7168544bcbf363afcdffaeee6655d6,98,252,Extract And Move Method public assertIllegalArgumentException(executable Executable) : IllegalArgumentException extracted from package testMinShort_emptyArray() : void in class org.apache.commons.lang3.math.NumberUtilsTest & moved to class org.apache.commons.lang3.LangAssertions,True,True
src/test/java/org/apache/commons/lang3/reflect/FieldUtilsTest.java,Extract And Move Method,4,1,1,d7279c1e6f7168544bcbf363afcdffaeee6655d6,98,253,Extract And Move Method public assertIllegalArgumentException(executable Executable) : IllegalArgumentException extracted from package testAmbig() : void in class org.apache.commons.lang3.reflect.FieldUtilsTest & moved to class org.apache.commons.lang3.LangAssertions,True,True
src/test/java/org/apache/commons/lang3/reflect/FieldUtilsTest.java,Extract And Move Method,4,1,1,d7279c1e6f7168544bcbf363afcdffaeee6655d6,98,254,Extract And Move Method public assertIllegalArgumentException(executable Executable) : IllegalArgumentException extracted from package testGetDeclaredFieldAccessIllegalArgumentException1() : void in class org.apache.commons.lang3.reflect.FieldUtilsTest & moved to class org.apache.commons.lang3.LangAssertions,True,True
src/test/java/org/apache/commons/lang3/reflect/FieldUtilsTest.java,Extract And Move Method,4,1,1,d7279c1e6f7168544bcbf363afcdffaeee6655d6,98,255,Extract And Move Method public assertIllegalArgumentException(executable Executable) : IllegalArgumentException extracted from package testGetDeclaredFieldAccessIllegalArgumentException2() : void in class org.apache.commons.lang3.reflect.FieldUtilsTest & moved to class org.apache.commons.lang3.LangAssertions,True,True
src/test/java/org/apache/commons/lang3/reflect/FieldUtilsTest.java,Extract And Move Method,4,1,1,d7279c1e6f7168544bcbf363afcdffaeee6655d6,98,256,Extract And Move Method public assertIllegalArgumentException(executable Executable) : IllegalArgumentException extracted from package testGetDeclaredFieldAccessIllegalArgumentException3() : void in class org.apache.commons.lang3.reflect.FieldUtilsTest & moved to class org.apache.commons.lang3.LangAssertions,True,True
src/test/java/org/apache/commons/lang3/reflect/FieldUtilsTest.java,Extract And Move Method,4,1,1,d7279c1e6f7168544bcbf363afcdffaeee6655d6,98,257,Extract And Move Method public assertIllegalArgumentException(executable Executable) : IllegalArgumentException extracted from package testGetDeclaredFieldForceAccessIllegalArgumentException1() : void in class org.apache.commons.lang3.reflect.FieldUtilsTest & moved to class org.apache.commons.lang3.LangAssertions,True,True
src/test/java/org/apache/commons/lang3/reflect/FieldUtilsTest.java,Extract And Move Method,4,1,1,d7279c1e6f7168544bcbf363afcdffaeee6655d6,98,258,Extract And Move Method public assertIllegalArgumentException(executable Executable) : IllegalArgumentException extracted from package testGetDeclaredFieldForceAccessIllegalArgumentException2() : void in class org.apache.commons.lang3.reflect.FieldUtilsTest & moved to class org.apache.commons.lang3.LangAssertions,True,True
src/test/java/org/apache/commons/lang3/reflect/FieldUtilsTest.java,Extract And Move Method,4,1,1,d7279c1e6f7168544bcbf363afcdffaeee6655d6,98,259,Extract And Move Method public assertIllegalArgumentException(executable Executable) : IllegalArgumentException extracted from package testGetDeclaredFieldForceAccessIllegalArgumentException3() : void in class org.apache.commons.lang3.reflect.FieldUtilsTest & moved to class org.apache.commons.lang3.LangAssertions,True,True
src/test/java/org/apache/commons/lang3/reflect/FieldUtilsTest.java,Extract And Move Method,4,1,1,d7279c1e6f7168544bcbf363afcdffaeee6655d6,98,260,Extract And Move Method public assertIllegalArgumentException(executable Executable) : IllegalArgumentException extracted from package testGetFieldForceAccessIllegalArgumentException1() : void in class org.apache.commons.lang3.reflect.FieldUtilsTest & moved to class org.apache.commons.lang3.LangAssertions,True,True
src/test/java/org/apache/commons/lang3/reflect/FieldUtilsTest.java,Extract And Move Method,4,1,1,d7279c1e6f7168544bcbf363afcdffaeee6655d6,98,261,Extract And Move Method public assertIllegalArgumentException(executable Executable) : IllegalArgumentException extracted from package testGetFieldForceAccessIllegalArgumentException2() : void in class org.apache.commons.lang3.reflect.FieldUtilsTest & moved to class org.apache.commons.lang3.LangAssertions,True,True
src/test/java/org/apache/commons/lang3/reflect/FieldUtilsTest.java,Extract And Move Method,4,1,1,d7279c1e6f7168544bcbf363afcdffaeee6655d6,98,262,Extract And Move Method public assertIllegalArgumentException(executable Executable) : IllegalArgumentException extracted from package testGetFieldForceAccessIllegalArgumentException3() : void in class org.apache.commons.lang3.reflect.FieldUtilsTest & moved to class org.apache.commons.lang3.LangAssertions,True,True
src/test/java/org/apache/commons/lang3/reflect/FieldUtilsTest.java,Extract And Move Method,4,1,1,d7279c1e6f7168544bcbf363afcdffaeee6655d6,98,263,Extract And Move Method public assertIllegalArgumentException(executable Executable) : IllegalArgumentException extracted from package testGetFieldIllegalArgumentException1() : void in class org.apache.commons.lang3.reflect.FieldUtilsTest & moved to class org.apache.commons.lang3.LangAssertions,True,True
src/test/java/org/apache/commons/lang3/reflect/FieldUtilsTest.java,Extract And Move Method,4,1,1,d7279c1e6f7168544bcbf363afcdffaeee6655d6,98,264,Extract And Move Method public assertIllegalArgumentException(executable Executable) : IllegalArgumentException extracted from package testGetFieldIllegalArgumentException2() : void in class org.apache.commons.lang3.reflect.FieldUtilsTest & moved to class org.apache.commons.lang3.LangAssertions,True,True
src/test/java/org/apache/commons/lang3/reflect/FieldUtilsTest.java,Extract And Move Method,4,1,1,d7279c1e6f7168544bcbf363afcdffaeee6655d6,98,265,Extract And Move Method public assertIllegalArgumentException(executable Executable) : IllegalArgumentException extracted from package testGetFieldIllegalArgumentException3() : void in class org.apache.commons.lang3.reflect.FieldUtilsTest & moved to class org.apache.commons.lang3.LangAssertions,True,True
src/test/java/org/apache/commons/lang3/reflect/FieldUtilsTest.java,Extract And Move Method,35,1,1,d7279c1e6f7168544bcbf363afcdffaeee6655d6,98,266,Extract And Move Method public assertIllegalArgumentException(executable Executable) : IllegalArgumentException extracted from package testReadDeclaredNamedField() : void in class org.apache.commons.lang3.reflect.FieldUtilsTest & moved to class org.apache.commons.lang3.LangAssertions,True,True
src/test/java/org/apache/commons/lang3/reflect/FieldUtilsTest.java,Extract And Move Method,35,1,1,d7279c1e6f7168544bcbf363afcdffaeee6655d6,98,267,Extract And Move Method public assertIllegalArgumentException(executable Executable) : IllegalArgumentException extracted from package testReadDeclaredNamedField() : void in class org.apache.commons.lang3.reflect.FieldUtilsTest & moved to class org.apache.commons.lang3.LangAssertions,True,True
src/test/java/org/apache/commons/lang3/reflect/FieldUtilsTest.java,Extract And Move Method,35,1,1,d7279c1e6f7168544bcbf363afcdffaeee6655d6,98,268,Extract And Move Method public assertIllegalArgumentException(executable Executable) : IllegalArgumentException extracted from package testReadDeclaredNamedField() : void in class org.apache.commons.lang3.reflect.FieldUtilsTest & moved to class org.apache.commons.lang3.LangAssertions,True,True
src/test/java/org/apache/commons/lang3/reflect/FieldUtilsTest.java,Extract And Move Method,35,1,1,d7279c1e6f7168544bcbf363afcdffaeee6655d6,98,269,Extract And Move Method public assertIllegalArgumentException(executable Executable) : IllegalArgumentException extracted from package testReadDeclaredNamedField() : void in class org.apache.commons.lang3.reflect.FieldUtilsTest & moved to class org.apache.commons.lang3.LangAssertions,True,True
src/test/java/org/apache/commons/lang3/reflect/FieldUtilsTest.java,Extract And Move Method,35,1,1,d7279c1e6f7168544bcbf363afcdffaeee6655d6,98,270,Extract And Move Method public assertIllegalArgumentException(executable Executable) : IllegalArgumentException extracted from package testReadDeclaredNamedField() : void in class org.apache.commons.lang3.reflect.FieldUtilsTest & moved to class org.apache.commons.lang3.LangAssertions,True,True
src/test/java/org/apache/commons/lang3/reflect/FieldUtilsTest.java,Extract And Move Method,35,1,1,d7279c1e6f7168544bcbf363afcdffaeee6655d6,98,271,Extract And Move Method public assertIllegalArgumentException(executable Executable) : IllegalArgumentException extracted from package testReadDeclaredNamedField() : void in class org.apache.commons.lang3.reflect.FieldUtilsTest & moved to class org.apache.commons.lang3.LangAssertions,True,True
src/test/java/org/apache/commons/lang3/reflect/FieldUtilsTest.java,Extract And Move Method,35,1,1,d7279c1e6f7168544bcbf363afcdffaeee6655d6,98,272,Extract And Move Method public assertIllegalArgumentException(executable Executable) : IllegalArgumentException extracted from package testReadDeclaredNamedField() : void in class org.apache.commons.lang3.reflect.FieldUtilsTest & moved to class org.apache.commons.lang3.LangAssertions,True,True
src/test/java/org/apache/commons/lang3/reflect/FieldUtilsTest.java,Extract And Move Method,35,1,1,d7279c1e6f7168544bcbf363afcdffaeee6655d6,98,273,Extract And Move Method public assertIllegalArgumentException(executable Executable) : IllegalArgumentException extracted from package testReadDeclaredNamedField() : void in class org.apache.commons.lang3.reflect.FieldUtilsTest & moved to class org.apache.commons.lang3.LangAssertions,True,True
src/test/java/org/apache/commons/lang3/reflect/FieldUtilsTest.java,Extract And Move Method,35,1,1,d7279c1e6f7168544bcbf363afcdffaeee6655d6,98,274,Extract And Move Method public assertIllegalArgumentException(executable Executable) : IllegalArgumentException extracted from package testReadDeclaredNamedFieldForceAccess() : void in class org.apache.commons.lang3.reflect.FieldUtilsTest & moved to class org.apache.commons.lang3.LangAssertions,True,True
src/test/java/org/apache/commons/lang3/reflect/FieldUtilsTest.java,Extract And Move Method,35,1,1,d7279c1e6f7168544bcbf363afcdffaeee6655d6,98,275,Extract And Move Method public assertIllegalArgumentException(executable Executable) : IllegalArgumentException extracted from package testReadDeclaredNamedFieldForceAccess() : void in class org.apache.commons.lang3.reflect.FieldUtilsTest & moved to class org.apache.commons.lang3.LangAssertions,True,True
src/test/java/org/apache/commons/lang3/reflect/FieldUtilsTest.java,Extract And Move Method,35,1,1,d7279c1e6f7168544bcbf363afcdffaeee6655d6,98,276,Extract And Move Method public assertIllegalArgumentException(executable Executable) : IllegalArgumentException extracted from package testReadDeclaredNamedFieldForceAccess() : void in class org.apache.commons.lang3.reflect.FieldUtilsTest & moved to class org.apache.commons.lang3.LangAssertions,True,True
src/test/java/org/apache/commons/lang3/reflect/FieldUtilsTest.java,Extract And Move Method,35,1,1,d7279c1e6f7168544bcbf363afcdffaeee6655d6,98,277,Extract And Move Method public assertIllegalArgumentException(executable Executable) : IllegalArgumentException extracted from package testReadDeclaredNamedFieldForceAccess() : void in class org.apache.commons.lang3.reflect.FieldUtilsTest & moved to class org.apache.commons.lang3.LangAssertions,True,True
src/test/java/org/apache/commons/lang3/reflect/FieldUtilsTest.java,Extract And Move Method,25,1,1,d7279c1e6f7168544bcbf363afcdffaeee6655d6,98,278,Extract And Move Method public assertIllegalArgumentException(executable Executable) : IllegalArgumentException extracted from package testReadDeclaredNamedStaticField() : void in class org.apache.commons.lang3.reflect.FieldUtilsTest & moved to class org.apache.commons.lang3.LangAssertions,True,True
src/test/java/org/apache/commons/lang3/reflect/FieldUtilsTest.java,Extract And Move Method,25,1,1,d7279c1e6f7168544bcbf363afcdffaeee6655d6,98,279,Extract And Move Method public assertIllegalArgumentException(executable Executable) : IllegalArgumentException extracted from package testReadDeclaredNamedStaticField() : void in class org.apache.commons.lang3.reflect.FieldUtilsTest & moved to class org.apache.commons.lang3.LangAssertions,True,True
src/test/java/org/apache/commons/lang3/reflect/FieldUtilsTest.java,Extract And Move Method,25,1,1,d7279c1e6f7168544bcbf363afcdffaeee6655d6,98,280,Extract And Move Method public assertIllegalArgumentException(executable Executable) : IllegalArgumentException extracted from package testReadDeclaredNamedStaticField() : void in class org.apache.commons.lang3.reflect.FieldUtilsTest & moved to class org.apache.commons.lang3.LangAssertions,True,True
src/test/java/org/apache/commons/lang3/reflect/FieldUtilsTest.java,Extract And Move Method,20,1,1,d7279c1e6f7168544bcbf363afcdffaeee6655d6,98,281,Extract And Move Method public assertIllegalArgumentException(executable Executable) : IllegalArgumentException extracted from package testReadDeclaredNamedStaticFieldForceAccess() : void in class org.apache.commons.lang3.reflect.FieldUtilsTest & moved to class org.apache.commons.lang3.LangAssertions,True,True
src/test/java/org/apache/commons/lang3/reflect/FieldUtilsTest.java,Extract And Move Method,20,1,1,d7279c1e6f7168544bcbf363afcdffaeee6655d6,98,282,Extract And Move Method public assertIllegalArgumentException(executable Executable) : IllegalArgumentException extracted from package testReadDeclaredNamedStaticFieldForceAccess() : void in class org.apache.commons.lang3.reflect.FieldUtilsTest & moved to class org.apache.commons.lang3.LangAssertions,True,True
src/test/java/org/apache/commons/lang3/reflect/FieldUtilsTest.java,Extract And Move Method,20,1,1,d7279c1e6f7168544bcbf363afcdffaeee6655d6,98,283,Extract And Move Method public assertIllegalArgumentException(executable Executable) : IllegalArgumentException extracted from package testReadDeclaredNamedStaticFieldForceAccess() : void in class org.apache.commons.lang3.reflect.FieldUtilsTest & moved to class org.apache.commons.lang3.LangAssertions,True,True
src/test/java/org/apache/commons/lang3/reflect/FieldUtilsTest.java,Extract And Move Method,37,1,1,d7279c1e6f7168544bcbf363afcdffaeee6655d6,98,284,Extract And Move Method public assertIllegalArgumentException(executable Executable) : IllegalArgumentException extracted from package testReadNamedField() : void in class org.apache.commons.lang3.reflect.FieldUtilsTest & moved to class org.apache.commons.lang3.LangAssertions,True,True
src/test/java/org/apache/commons/lang3/reflect/FieldUtilsTest.java,Extract And Move Method,37,1,1,d7279c1e6f7168544bcbf363afcdffaeee6655d6,98,285,Extract And Move Method public assertIllegalArgumentException(executable Executable) : IllegalArgumentException extracted from package testReadNamedField() : void in class org.apache.commons.lang3.reflect.FieldUtilsTest & moved to class org.apache.commons.lang3.LangAssertions,True,True
src/test/java/org/apache/commons/lang3/reflect/FieldUtilsTest.java,Extract And Move Method,37,1,1,d7279c1e6f7168544bcbf363afcdffaeee6655d6,98,286,Extract And Move Method public assertIllegalArgumentException(executable Executable) : IllegalArgumentException extracted from package testReadNamedField() : void in class org.apache.commons.lang3.reflect.FieldUtilsTest & moved to class org.apache.commons.lang3.LangAssertions,True,True
src/test/java/org/apache/commons/lang3/reflect/FieldUtilsTest.java,Extract And Move Method,37,1,1,d7279c1e6f7168544bcbf363afcdffaeee6655d6,98,287,Extract And Move Method public assertIllegalArgumentException(executable Executable) : IllegalArgumentException extracted from package testReadNamedField() : void in class org.apache.commons.lang3.reflect.FieldUtilsTest & moved to class org.apache.commons.lang3.LangAssertions,True,True
src/test/java/org/apache/commons/lang3/reflect/FieldUtilsTest.java,Extract And Move Method,37,1,1,d7279c1e6f7168544bcbf363afcdffaeee6655d6,98,288,Extract And Move Method public assertIllegalArgumentException(executable Executable) : IllegalArgumentException extracted from package testReadNamedField() : void in class org.apache.commons.lang3.reflect.FieldUtilsTest & moved to class org.apache.commons.lang3.LangAssertions,True,True
src/test/java/org/apache/commons/lang3/reflect/FieldUtilsTest.java,Extract And Move Method,37,1,1,d7279c1e6f7168544bcbf363afcdffaeee6655d6,98,289,Extract And Move Method public assertIllegalArgumentException(executable Executable) : IllegalArgumentException extracted from package testReadNamedField() : void in class org.apache.commons.lang3.reflect.FieldUtilsTest & moved to class org.apache.commons.lang3.LangAssertions,True,True
src/test/java/org/apache/commons/lang3/reflect/FieldUtilsTest.java,Extract And Move Method,6,1,1,d7279c1e6f7168544bcbf363afcdffaeee6655d6,98,290,Extract And Move Method public assertIllegalArgumentException(executable Executable) : IllegalArgumentException extracted from package testReadStaticFieldForceAccessIllegalArgumentException() : void in class org.apache.commons.lang3.reflect.FieldUtilsTest & moved to class org.apache.commons.lang3.LangAssertions,True,True
src/test/java/org/apache/commons/lang3/reflect/FieldUtilsTest.java,Extract And Move Method,7,1,1,d7279c1e6f7168544bcbf363afcdffaeee6655d6,98,291,Extract And Move Method public assertIllegalArgumentException(executable Executable) : IllegalArgumentException extracted from package testReadStaticFieldIllegalArgumentException() : void in class org.apache.commons.lang3.reflect.FieldUtilsTest & moved to class org.apache.commons.lang3.LangAssertions,True,True
src/test/java/org/apache/commons/lang3/reflect/FieldUtilsTest.java,Extract And Move Method,46,1,1,d7279c1e6f7168544bcbf363afcdffaeee6655d6,98,292,Extract And Move Method public assertIllegalArgumentException(executable Executable) : IllegalArgumentException extracted from package testWriteDeclaredNamedField() : void in class org.apache.commons.lang3.reflect.FieldUtilsTest & moved to class org.apache.commons.lang3.LangAssertions,True,True
src/test/java/org/apache/commons/lang3/reflect/FieldUtilsTest.java,Extract And Move Method,46,1,1,d7279c1e6f7168544bcbf363afcdffaeee6655d6,98,293,Extract And Move Method public assertIllegalArgumentException(executable Executable) : IllegalArgumentException extracted from package testWriteDeclaredNamedField() : void in class org.apache.commons.lang3.reflect.FieldUtilsTest & moved to class org.apache.commons.lang3.LangAssertions,True,True
src/test/java/org/apache/commons/lang3/reflect/FieldUtilsTest.java,Extract And Move Method,46,1,1,d7279c1e6f7168544bcbf363afcdffaeee6655d6,98,294,Extract And Move Method public assertIllegalArgumentException(executable Executable) : IllegalArgumentException extracted from package testWriteDeclaredNamedField() : void in class org.apache.commons.lang3.reflect.FieldUtilsTest & moved to class org.apache.commons.lang3.LangAssertions,True,True
src/test/java/org/apache/commons/lang3/reflect/FieldUtilsTest.java,Extract And Move Method,46,1,1,d7279c1e6f7168544bcbf363afcdffaeee6655d6,98,295,Extract And Move Method public assertIllegalArgumentException(executable Executable) : IllegalArgumentException extracted from package testWriteDeclaredNamedField() : void in class org.apache.commons.lang3.reflect.FieldUtilsTest & moved to class org.apache.commons.lang3.LangAssertions,True,True
src/test/java/org/apache/commons/lang3/reflect/FieldUtilsTest.java,Extract And Move Method,46,1,1,d7279c1e6f7168544bcbf363afcdffaeee6655d6,98,296,Extract And Move Method public assertIllegalArgumentException(executable Executable) : IllegalArgumentException extracted from package testWriteDeclaredNamedField() : void in class org.apache.commons.lang3.reflect.FieldUtilsTest & moved to class org.apache.commons.lang3.LangAssertions,True,True
src/test/java/org/apache/commons/lang3/reflect/FieldUtilsTest.java,Extract And Move Method,46,1,1,d7279c1e6f7168544bcbf363afcdffaeee6655d6,98,297,Extract And Move Method public assertIllegalArgumentException(executable Executable) : IllegalArgumentException extracted from package testWriteDeclaredNamedField() : void in class org.apache.commons.lang3.reflect.FieldUtilsTest & moved to class org.apache.commons.lang3.LangAssertions,True,True
src/test/java/org/apache/commons/lang3/reflect/FieldUtilsTest.java,Extract And Move Method,46,1,1,d7279c1e6f7168544bcbf363afcdffaeee6655d6,98,298,Extract And Move Method public assertIllegalArgumentException(executable Executable) : IllegalArgumentException extracted from package testWriteDeclaredNamedField() : void in class org.apache.commons.lang3.reflect.FieldUtilsTest & moved to class org.apache.commons.lang3.LangAssertions,True,True
src/test/java/org/apache/commons/lang3/reflect/FieldUtilsTest.java,Extract And Move Method,46,1,1,d7279c1e6f7168544bcbf363afcdffaeee6655d6,98,299,Extract And Move Method public assertIllegalArgumentException(executable Executable) : IllegalArgumentException extracted from package testWriteDeclaredNamedField() : void in class org.apache.commons.lang3.reflect.FieldUtilsTest & moved to class org.apache.commons.lang3.LangAssertions,True,True
src/test/java/org/apache/commons/lang3/reflect/FieldUtilsTest.java,Extract And Move Method,46,1,1,d7279c1e6f7168544bcbf363afcdffaeee6655d6,98,300,Extract And Move Method public assertIllegalArgumentException(executable Executable) : IllegalArgumentException extracted from package testWriteDeclaredNamedField() : void in class org.apache.commons.lang3.reflect.FieldUtilsTest & moved to class org.apache.commons.lang3.LangAssertions,True,True
src/test/java/org/apache/commons/lang3/reflect/FieldUtilsTest.java,Extract And Move Method,46,1,1,d7279c1e6f7168544bcbf363afcdffaeee6655d6,98,301,Extract And Move Method public assertIllegalArgumentException(executable Executable) : IllegalArgumentException extracted from package testWriteDeclaredNamedField() : void in class org.apache.commons.lang3.reflect.FieldUtilsTest & moved to class org.apache.commons.lang3.LangAssertions,True,True
src/test/java/org/apache/commons/lang3/reflect/FieldUtilsTest.java,Extract And Move Method,46,1,1,d7279c1e6f7168544bcbf363afcdffaeee6655d6,98,302,Extract And Move Method public assertIllegalArgumentException(executable Executable) : IllegalArgumentException extracted from package testWriteDeclaredNamedField() : void in class org.apache.commons.lang3.reflect.FieldUtilsTest & moved to class org.apache.commons.lang3.LangAssertions,True,True
src/test/java/org/apache/commons/lang3/reflect/FieldUtilsTest.java,Extract And Move Method,44,1,1,d7279c1e6f7168544bcbf363afcdffaeee6655d6,98,303,Extract And Move Method public assertIllegalArgumentException(executable Executable) : IllegalArgumentException extracted from package testWriteDeclaredNamedFieldForceAccess() : void in class org.apache.commons.lang3.reflect.FieldUtilsTest & moved to class org.apache.commons.lang3.LangAssertions,True,True
src/test/java/org/apache/commons/lang3/reflect/FieldUtilsTest.java,Extract And Move Method,44,1,1,d7279c1e6f7168544bcbf363afcdffaeee6655d6,98,304,Extract And Move Method public assertIllegalArgumentException(executable Executable) : IllegalArgumentException extracted from package testWriteDeclaredNamedFieldForceAccess() : void in class org.apache.commons.lang3.reflect.FieldUtilsTest & moved to class org.apache.commons.lang3.LangAssertions,True,True
src/test/java/org/apache/commons/lang3/reflect/FieldUtilsTest.java,Extract And Move Method,44,1,1,d7279c1e6f7168544bcbf363afcdffaeee6655d6,98,305,Extract And Move Method public assertIllegalArgumentException(executable Executable) : IllegalArgumentException extracted from package testWriteDeclaredNamedFieldForceAccess() : void in class org.apache.commons.lang3.reflect.FieldUtilsTest & moved to class org.apache.commons.lang3.LangAssertions,True,True
src/test/java/org/apache/commons/lang3/reflect/FieldUtilsTest.java,Extract And Move Method,44,1,1,d7279c1e6f7168544bcbf363afcdffaeee6655d6,98,306,Extract And Move Method public assertIllegalArgumentException(executable Executable) : IllegalArgumentException extracted from package testWriteDeclaredNamedFieldForceAccess() : void in class org.apache.commons.lang3.reflect.FieldUtilsTest & moved to class org.apache.commons.lang3.LangAssertions,True,True
src/test/java/org/apache/commons/lang3/reflect/FieldUtilsTest.java,Extract And Move Method,44,1,1,d7279c1e6f7168544bcbf363afcdffaeee6655d6,98,307,Extract And Move Method public assertIllegalArgumentException(executable Executable) : IllegalArgumentException extracted from package testWriteDeclaredNamedFieldForceAccess() : void in class org.apache.commons.lang3.reflect.FieldUtilsTest & moved to class org.apache.commons.lang3.LangAssertions,True,True
src/test/java/org/apache/commons/lang3/reflect/FieldUtilsTest.java,Extract And Move Method,44,1,1,d7279c1e6f7168544bcbf363afcdffaeee6655d6,98,308,Extract And Move Method public assertIllegalArgumentException(executable Executable) : IllegalArgumentException extracted from package testWriteDeclaredNamedFieldForceAccess() : void in class org.apache.commons.lang3.reflect.FieldUtilsTest & moved to class org.apache.commons.lang3.LangAssertions,True,True
src/test/java/org/apache/commons/lang3/reflect/FieldUtilsTest.java,Extract And Move Method,44,1,1,d7279c1e6f7168544bcbf363afcdffaeee6655d6,98,309,Extract And Move Method public assertIllegalArgumentException(executable Executable) : IllegalArgumentException extracted from package testWriteDeclaredNamedFieldForceAccess() : void in class org.apache.commons.lang3.reflect.FieldUtilsTest & moved to class org.apache.commons.lang3.LangAssertions,True,True
src/test/java/org/apache/commons/lang3/reflect/FieldUtilsTest.java,Extract And Move Method,39,1,1,d7279c1e6f7168544bcbf363afcdffaeee6655d6,98,310,Extract And Move Method public assertIllegalArgumentException(executable Executable) : IllegalArgumentException extracted from package testWriteDeclaredNamedStaticField() : void in class org.apache.commons.lang3.reflect.FieldUtilsTest & moved to class org.apache.commons.lang3.LangAssertions,True,True
src/test/java/org/apache/commons/lang3/reflect/FieldUtilsTest.java,Extract And Move Method,39,1,1,d7279c1e6f7168544bcbf363afcdffaeee6655d6,98,311,Extract And Move Method public assertIllegalArgumentException(executable Executable) : IllegalArgumentException extracted from package testWriteDeclaredNamedStaticField() : void in class org.apache.commons.lang3.reflect.FieldUtilsTest & moved to class org.apache.commons.lang3.LangAssertions,True,True
src/test/java/org/apache/commons/lang3/reflect/FieldUtilsTest.java,Extract And Move Method,39,1,1,d7279c1e6f7168544bcbf363afcdffaeee6655d6,98,312,Extract And Move Method public assertIllegalArgumentException(executable Executable) : IllegalArgumentException extracted from package testWriteDeclaredNamedStaticField() : void in class org.apache.commons.lang3.reflect.FieldUtilsTest & moved to class org.apache.commons.lang3.LangAssertions,True,True
src/test/java/org/apache/commons/lang3/reflect/FieldUtilsTest.java,Extract And Move Method,36,1,1,d7279c1e6f7168544bcbf363afcdffaeee6655d6,98,313,Extract And Move Method public assertIllegalArgumentException(executable Executable) : IllegalArgumentException extracted from package testWriteDeclaredNamedStaticFieldForceAccess() : void in class org.apache.commons.lang3.reflect.FieldUtilsTest & moved to class org.apache.commons.lang3.LangAssertions,True,True
src/test/java/org/apache/commons/lang3/reflect/FieldUtilsTest.java,Extract And Move Method,36,1,1,d7279c1e6f7168544bcbf363afcdffaeee6655d6,98,314,Extract And Move Method public assertIllegalArgumentException(executable Executable) : IllegalArgumentException extracted from package testWriteDeclaredNamedStaticFieldForceAccess() : void in class org.apache.commons.lang3.reflect.FieldUtilsTest & moved to class org.apache.commons.lang3.LangAssertions,True,True
src/test/java/org/apache/commons/lang3/reflect/FieldUtilsTest.java,Extract And Move Method,36,1,1,d7279c1e6f7168544bcbf363afcdffaeee6655d6,98,315,Extract And Move Method public assertIllegalArgumentException(executable Executable) : IllegalArgumentException extracted from package testWriteDeclaredNamedStaticFieldForceAccess() : void in class org.apache.commons.lang3.reflect.FieldUtilsTest & moved to class org.apache.commons.lang3.LangAssertions,True,True
src/test/java/org/apache/commons/lang3/reflect/FieldUtilsTest.java,Extract And Move Method,43,1,1,d7279c1e6f7168544bcbf363afcdffaeee6655d6,98,316,Extract And Move Method public assertIllegalArgumentException(executable Executable) : IllegalArgumentException extracted from package testWriteNamedField() : void in class org.apache.commons.lang3.reflect.FieldUtilsTest & moved to class org.apache.commons.lang3.LangAssertions,True,True
src/test/java/org/apache/commons/lang3/reflect/FieldUtilsTest.java,Extract And Move Method,43,1,1,d7279c1e6f7168544bcbf363afcdffaeee6655d6,98,317,Extract And Move Method public assertIllegalArgumentException(executable Executable) : IllegalArgumentException extracted from package testWriteNamedField() : void in class org.apache.commons.lang3.reflect.FieldUtilsTest & moved to class org.apache.commons.lang3.LangAssertions,True,True
src/test/java/org/apache/commons/lang3/reflect/FieldUtilsTest.java,Extract And Move Method,43,1,1,d7279c1e6f7168544bcbf363afcdffaeee6655d6,98,318,Extract And Move Method public assertIllegalArgumentException(executable Executable) : IllegalArgumentException extracted from package testWriteNamedField() : void in class org.apache.commons.lang3.reflect.FieldUtilsTest & moved to class org.apache.commons.lang3.LangAssertions,True,True
src/test/java/org/apache/commons/lang3/reflect/FieldUtilsTest.java,Extract And Move Method,43,1,1,d7279c1e6f7168544bcbf363afcdffaeee6655d6,98,319,Extract And Move Method public assertIllegalArgumentException(executable Executable) : IllegalArgumentException extracted from package testWriteNamedField() : void in class org.apache.commons.lang3.reflect.FieldUtilsTest & moved to class org.apache.commons.lang3.LangAssertions,True,True
src/test/java/org/apache/commons/lang3/reflect/FieldUtilsTest.java,Extract And Move Method,43,1,1,d7279c1e6f7168544bcbf363afcdffaeee6655d6,98,320,Extract And Move Method public assertIllegalArgumentException(executable Executable) : IllegalArgumentException extracted from package testWriteNamedField() : void in class org.apache.commons.lang3.reflect.FieldUtilsTest & moved to class org.apache.commons.lang3.LangAssertions,True,True
src/test/java/org/apache/commons/lang3/reflect/FieldUtilsTest.java,Extract And Move Method,43,1,1,d7279c1e6f7168544bcbf363afcdffaeee6655d6,98,321,Extract And Move Method public assertIllegalArgumentException(executable Executable) : IllegalArgumentException extracted from package testWriteNamedField() : void in class org.apache.commons.lang3.reflect.FieldUtilsTest & moved to class org.apache.commons.lang3.LangAssertions,True,True
src/test/java/org/apache/commons/lang3/reflect/FieldUtilsTest.java,Extract And Move Method,43,1,1,d7279c1e6f7168544bcbf363afcdffaeee6655d6,98,322,Extract And Move Method public assertIllegalArgumentException(executable Executable) : IllegalArgumentException extracted from package testWriteNamedField() : void in class org.apache.commons.lang3.reflect.FieldUtilsTest & moved to class org.apache.commons.lang3.LangAssertions,True,True
src/test/java/org/apache/commons/lang3/reflect/FieldUtilsTest.java,Extract And Move Method,43,1,1,d7279c1e6f7168544bcbf363afcdffaeee6655d6,98,323,Extract And Move Method public assertIllegalArgumentException(executable Executable) : IllegalArgumentException extracted from package testWriteNamedField() : void in class org.apache.commons.lang3.reflect.FieldUtilsTest & moved to class org.apache.commons.lang3.LangAssertions,True,True
src/test/java/org/apache/commons/lang3/reflect/FieldUtilsTest.java,Extract And Move Method,43,1,1,d7279c1e6f7168544bcbf363afcdffaeee6655d6,98,324,Extract And Move Method public assertIllegalArgumentException(executable Executable) : IllegalArgumentException extracted from package testWriteNamedField() : void in class org.apache.commons.lang3.reflect.FieldUtilsTest & moved to class org.apache.commons.lang3.LangAssertions,True,True
src/test/java/org/apache/commons/lang3/reflect/FieldUtilsTest.java,Extract And Move Method,42,1,1,d7279c1e6f7168544bcbf363afcdffaeee6655d6,98,325,Extract And Move Method public assertIllegalArgumentException(executable Executable) : IllegalArgumentException extracted from package testWriteNamedFieldForceAccess() : void in class org.apache.commons.lang3.reflect.FieldUtilsTest & moved to class org.apache.commons.lang3.LangAssertions,True,True
src/test/java/org/apache/commons/lang3/reflect/FieldUtilsTest.java,Extract And Move Method,42,1,1,d7279c1e6f7168544bcbf363afcdffaeee6655d6,98,326,Extract And Move Method public assertIllegalArgumentException(executable Executable) : IllegalArgumentException extracted from package testWriteNamedFieldForceAccess() : void in class org.apache.commons.lang3.reflect.FieldUtilsTest & moved to class org.apache.commons.lang3.LangAssertions,True,True
src/test/java/org/apache/commons/lang3/reflect/FieldUtilsTest.java,Extract And Move Method,42,1,1,d7279c1e6f7168544bcbf363afcdffaeee6655d6,98,327,Extract And Move Method public assertIllegalArgumentException(executable Executable) : IllegalArgumentException extracted from package testWriteNamedFieldForceAccess() : void in class org.apache.commons.lang3.reflect.FieldUtilsTest & moved to class org.apache.commons.lang3.LangAssertions,True,True
src/test/java/org/apache/commons/lang3/reflect/FieldUtilsTest.java,Extract And Move Method,39,1,1,d7279c1e6f7168544bcbf363afcdffaeee6655d6,98,328,Extract And Move Method public assertIllegalArgumentException(executable Executable) : IllegalArgumentException extracted from package testWriteNamedStaticField() : void in class org.apache.commons.lang3.reflect.FieldUtilsTest & moved to class org.apache.commons.lang3.LangAssertions,True,True
src/test/java/org/apache/commons/lang3/reflect/FieldUtilsTest.java,Extract And Move Method,39,1,1,d7279c1e6f7168544bcbf363afcdffaeee6655d6,98,329,Extract And Move Method public assertIllegalArgumentException(executable Executable) : IllegalArgumentException extracted from package testWriteNamedStaticField() : void in class org.apache.commons.lang3.reflect.FieldUtilsTest & moved to class org.apache.commons.lang3.LangAssertions,True,True
src/test/java/org/apache/commons/lang3/reflect/FieldUtilsTest.java,Extract And Move Method,39,1,1,d7279c1e6f7168544bcbf363afcdffaeee6655d6,98,330,Extract And Move Method public assertIllegalArgumentException(executable Executable) : IllegalArgumentException extracted from package testWriteNamedStaticField() : void in class org.apache.commons.lang3.reflect.FieldUtilsTest & moved to class org.apache.commons.lang3.LangAssertions,True,True
src/test/java/org/apache/commons/lang3/reflect/FieldUtilsTest.java,Extract And Move Method,36,1,1,d7279c1e6f7168544bcbf363afcdffaeee6655d6,98,331,Extract And Move Method public assertIllegalArgumentException(executable Executable) : IllegalArgumentException extracted from package testWriteNamedStaticFieldForceAccess() : void in class org.apache.commons.lang3.reflect.FieldUtilsTest & moved to class org.apache.commons.lang3.LangAssertions,True,True
src/test/java/org/apache/commons/lang3/reflect/FieldUtilsTest.java,Extract And Move Method,36,1,1,d7279c1e6f7168544bcbf363afcdffaeee6655d6,98,332,Extract And Move Method public assertIllegalArgumentException(executable Executable) : IllegalArgumentException extracted from package testWriteNamedStaticFieldForceAccess() : void in class org.apache.commons.lang3.reflect.FieldUtilsTest & moved to class org.apache.commons.lang3.LangAssertions,True,True
src/test/java/org/apache/commons/lang3/reflect/FieldUtilsTest.java,Extract And Move Method,36,1,1,d7279c1e6f7168544bcbf363afcdffaeee6655d6,98,333,Extract And Move Method public assertIllegalArgumentException(executable Executable) : IllegalArgumentException extracted from package testWriteNamedStaticFieldForceAccess() : void in class org.apache.commons.lang3.reflect.FieldUtilsTest & moved to class org.apache.commons.lang3.LangAssertions,True,True
src/test/java/org/apache/commons/lang3/reflect/TypeUtilsTest.java,Extract And Move Method,7,1,1,d7279c1e6f7168544bcbf363afcdffaeee6655d6,98,334,Extract And Move Method public assertIllegalArgumentException(executable Executable) : IllegalArgumentException extracted from package testToString() : void in class org.apache.commons.lang3.reflect.TypeUtilsTest & moved to class org.apache.commons.lang3.LangAssertions,True,True
src/test/java/org/apache/commons/lang3/stream/StreamsTest.java,Extract And Move Method,26,1,1,d7279c1e6f7168544bcbf363afcdffaeee6655d6,98,335,Extract And Move Method public assertIllegalArgumentException(executable Executable) : IllegalArgumentException extracted from public simpleStreamFilterFailing() : Stream<DynamicTest> in class org.apache.commons.lang3.stream.StreamsTest & moved to class org.apache.commons.lang3.LangAssertions,True,True
src/test/java/org/apache/commons/lang3/stream/StreamsTest.java,Extract And Move Method,24,1,1,d7279c1e6f7168544bcbf363afcdffaeee6655d6,98,336,Extract And Move Method public assertIllegalArgumentException(executable Executable) : IllegalArgumentException extracted from public simpleStreamForEachFailing() : Stream<DynamicTest> in class org.apache.commons.lang3.stream.StreamsTest & moved to class org.apache.commons.lang3.LangAssertions,True,True
src/test/java/org/apache/commons/lang3/text/FormattableUtilsTest.java,Extract And Move Method,4,1,1,d7279c1e6f7168544bcbf363afcdffaeee6655d6,98,337,Extract And Move Method public assertIllegalArgumentException(executable Executable) : IllegalArgumentException extracted from package testIllegalEllipsis() : void in class org.apache.commons.lang3.text.FormattableUtilsTest & moved to class org.apache.commons.lang3.LangAssertions,True,True
src/test/java/org/apache/commons/lang3/time/DateUtilsFragmentTest.java,Extract And Move Method,8,1,1,d7279c1e6f7168544bcbf363afcdffaeee6655d6,98,338,Extract And Move Method public assertIllegalArgumentException(executable Executable) : IllegalArgumentException extracted from package testInvalidFragmentWithCalendar() : void in class org.apache.commons.lang3.time.DateUtilsFragmentTest & moved to class org.apache.commons.lang3.LangAssertions,True,True
src/test/java/org/apache/commons/lang3/time/DateUtilsFragmentTest.java,Extract And Move Method,8,1,1,d7279c1e6f7168544bcbf363afcdffaeee6655d6,98,339,Extract And Move Method public assertIllegalArgumentException(executable Executable) : IllegalArgumentException extracted from package testInvalidFragmentWithCalendar() : void in class org.apache.commons.lang3.time.DateUtilsFragmentTest & moved to class org.apache.commons.lang3.LangAssertions,True,True
src/test/java/org/apache/commons/lang3/time/DateUtilsFragmentTest.java,Extract And Move Method,8,1,1,d7279c1e6f7168544bcbf363afcdffaeee6655d6,98,340,Extract And Move Method public assertIllegalArgumentException(executable Executable) : IllegalArgumentException extracted from package testInvalidFragmentWithCalendar() : void in class org.apache.commons.lang3.time.DateUtilsFragmentTest & moved to class org.apache.commons.lang3.LangAssertions,True,True
src/test/java/org/apache/commons/lang3/time/DateUtilsFragmentTest.java,Extract And Move Method,8,1,1,d7279c1e6f7168544bcbf363afcdffaeee6655d6,98,341,Extract And Move Method public assertIllegalArgumentException(executable Executable) : IllegalArgumentException extracted from package testInvalidFragmentWithCalendar() : void in class org.apache.commons.lang3.time.DateUtilsFragmentTest & moved to class org.apache.commons.lang3.LangAssertions,True,True
src/test/java/org/apache/commons/lang3/time/DateUtilsFragmentTest.java,Extract And Move Method,8,1,1,d7279c1e6f7168544bcbf363afcdffaeee6655d6,98,342,Extract And Move Method public assertIllegalArgumentException(executable Executable) : IllegalArgumentException extracted from package testInvalidFragmentWithCalendar() : void in class org.apache.commons.lang3.time.DateUtilsFragmentTest & moved to class org.apache.commons.lang3.LangAssertions,True,True
src/test/java/org/apache/commons/lang3/time/DateUtilsFragmentTest.java,Extract And Move Method,8,1,1,d7279c1e6f7168544bcbf363afcdffaeee6655d6,98,343,Extract And Move Method public assertIllegalArgumentException(executable Executable) : IllegalArgumentException extracted from package testInvalidFragmentWithDate() : void in class org.apache.commons.lang3.time.DateUtilsFragmentTest & moved to class org.apache.commons.lang3.LangAssertions,True,True
src/test/java/org/apache/commons/lang3/time/DateUtilsFragmentTest.java,Extract And Move Method,8,1,1,d7279c1e6f7168544bcbf363afcdffaeee6655d6,98,344,Extract And Move Method public assertIllegalArgumentException(executable Executable) : IllegalArgumentException extracted from package testInvalidFragmentWithDate() : void in class org.apache.commons.lang3.time.DateUtilsFragmentTest & moved to class org.apache.commons.lang3.LangAssertions,True,True
src/test/java/org/apache/commons/lang3/time/DateUtilsFragmentTest.java,Extract And Move Method,8,1,1,d7279c1e6f7168544bcbf363afcdffaeee6655d6,98,345,Extract And Move Method public assertIllegalArgumentException(executable Executable) : IllegalArgumentException extracted from package testInvalidFragmentWithDate() : void in class org.apache.commons.lang3.time.DateUtilsFragmentTest & moved to class org.apache.commons.lang3.LangAssertions,True,True
src/test/java/org/apache/commons/lang3/time/DateUtilsFragmentTest.java,Extract And Move Method,8,1,1,d7279c1e6f7168544bcbf363afcdffaeee6655d6,98,346,Extract And Move Method public assertIllegalArgumentException(executable Executable) : IllegalArgumentException extracted from package testInvalidFragmentWithDate() : void in class org.apache.commons.lang3.time.DateUtilsFragmentTest & moved to class org.apache.commons.lang3.LangAssertions,True,True
src/test/java/org/apache/commons/lang3/time/DateUtilsFragmentTest.java,Extract And Move Method,8,1,1,d7279c1e6f7168544bcbf363afcdffaeee6655d6,98,347,Extract And Move Method public assertIllegalArgumentException(executable Executable) : IllegalArgumentException extracted from package testInvalidFragmentWithDate() : void in class org.apache.commons.lang3.time.DateUtilsFragmentTest & moved to class org.apache.commons.lang3.LangAssertions,True,True
src/test/java/org/apache/commons/lang3/text/translate/NumericEntityUnescaperTest.java,Extract And Move Method,24,1,1,d7279c1e6f7168544bcbf363afcdffaeee6655d6,98,348,Extract And Move Method public assertIllegalArgumentException(executable Executable) : IllegalArgumentException extracted from package testUnfinishedEntity() : void in class org.apache.commons.lang3.text.translate.NumericEntityUnescaperTest & moved to class org.apache.commons.lang3.LangAssertions,True,True
src/test/java/org/apache/commons/lang3/time/DateUtilsTest.java,Extract And Move Method,158,1,1,d7279c1e6f7168544bcbf363afcdffaeee6655d6,98,349,Extract And Move Method public assertIllegalArgumentException(executable Executable) : IllegalArgumentException extracted from package testCeiling() : void in class org.apache.commons.lang3.time.DateUtilsTest & moved to class org.apache.commons.lang3.LangAssertions,True,True
src/test/java/org/apache/commons/lang3/time/DateUtilsTest.java,Extract And Move Method,11,1,1,d7279c1e6f7168544bcbf363afcdffaeee6655d6,98,350,Extract And Move Method public assertIllegalArgumentException(executable Executable) : IllegalArgumentException extracted from package testIteratorEx() : void in class org.apache.commons.lang3.time.DateUtilsTest & moved to class org.apache.commons.lang3.LangAssertions,True,True
src/test/java/org/apache/commons/lang3/time/DateUtilsTest.java,Extract And Move Method,62,1,1,d7279c1e6f7168544bcbf363afcdffaeee6655d6,98,351,Extract And Move Method public assertIllegalArgumentException(executable Executable) : IllegalArgumentException extracted from package testRound() : void in class org.apache.commons.lang3.time.DateUtilsTest & moved to class org.apache.commons.lang3.LangAssertions,True,True
src/test/java/org/apache/commons/lang3/time/DurationFormatUtilsTest.java,Extract And Move Method,4,1,1,d7279c1e6f7168544bcbf363afcdffaeee6655d6,98,352,Extract And Move Method public assertIllegalArgumentException(executable Executable) : IllegalArgumentException extracted from package testFormatNegativeDuration() : void in class org.apache.commons.lang3.time.DurationFormatUtilsTest & moved to class org.apache.commons.lang3.LangAssertions,True,True
src/test/java/org/apache/commons/lang3/time/DurationFormatUtilsTest.java,Extract And Move Method,4,1,1,d7279c1e6f7168544bcbf363afcdffaeee6655d6,98,353,Extract And Move Method public assertIllegalArgumentException(executable Executable) : IllegalArgumentException extracted from package testFormatNegativeDurationHMS() : void in class org.apache.commons.lang3.time.DurationFormatUtilsTest & moved to class org.apache.commons.lang3.LangAssertions,True,True
src/test/java/org/apache/commons/lang3/time/DurationFormatUtilsTest.java,Extract And Move Method,4,1,1,d7279c1e6f7168544bcbf363afcdffaeee6655d6,98,354,Extract And Move Method public assertIllegalArgumentException(executable Executable) : IllegalArgumentException extracted from package testFormatNegativeDurationISO() : void in class org.apache.commons.lang3.time.DurationFormatUtilsTest & moved to class org.apache.commons.lang3.LangAssertions,True,True
src/test/java/org/apache/commons/lang3/time/DurationFormatUtilsTest.java,Extract And Move Method,4,1,1,d7279c1e6f7168544bcbf363afcdffaeee6655d6,98,355,Extract And Move Method public assertIllegalArgumentException(executable Executable) : IllegalArgumentException extracted from package testFormatNegativeDurationWords() : void in class org.apache.commons.lang3.time.DurationFormatUtilsTest & moved to class org.apache.commons.lang3.LangAssertions,True,True
src/test/java/org/apache/commons/lang3/time/DurationFormatUtilsTest.java,Extract And Move Method,4,1,1,d7279c1e6f7168544bcbf363afcdffaeee6655d6,98,356,Extract And Move Method public assertIllegalArgumentException(executable Executable) : IllegalArgumentException extracted from package testFormatPeriodeStartGreaterEnd() : void in class org.apache.commons.lang3.time.DurationFormatUtilsTest & moved to class org.apache.commons.lang3.LangAssertions,True,True
src/test/java/org/apache/commons/lang3/time/DurationFormatUtilsTest.java,Extract And Move Method,4,1,1,d7279c1e6f7168544bcbf363afcdffaeee6655d6,98,357,Extract And Move Method public assertIllegalArgumentException(executable Executable) : IllegalArgumentException extracted from package testFormatPeriodISOStartGreaterEnd() : void in class org.apache.commons.lang3.time.DurationFormatUtilsTest & moved to class org.apache.commons.lang3.LangAssertions,True,True
src/test/java/org/apache/commons/lang3/time/DurationFormatUtilsTest.java,Extract And Move Method,4,1,1,d7279c1e6f7168544bcbf363afcdffaeee6655d6,98,358,Extract And Move Method public assertIllegalArgumentException(executable Executable) : IllegalArgumentException extracted from package testLANG981() : void in class org.apache.commons.lang3.time.DurationFormatUtilsTest & moved to class org.apache.commons.lang3.LangAssertions,True,True
src/test/java/org/apache/commons/lang3/time/DurationFormatUtilsTest.java,Extract And Move Method,6,1,1,d7279c1e6f7168544bcbf363afcdffaeee6655d6,98,359,Extract And Move Method public assertIllegalArgumentException(executable Executable) : IllegalArgumentException extracted from package testUnmatchedOptionalTokens() : void in class org.apache.commons.lang3.time.DurationFormatUtilsTest & moved to class org.apache.commons.lang3.LangAssertions,True,True
src/test/java/org/apache/commons/lang3/time/DurationFormatUtilsTest.java,Extract And Move Method,6,1,1,d7279c1e6f7168544bcbf363afcdffaeee6655d6,98,360,Extract And Move Method public assertIllegalArgumentException(executable Executable) : IllegalArgumentException extracted from package testUnmatchedOptionalTokens() : void in class org.apache.commons.lang3.time.DurationFormatUtilsTest & moved to class org.apache.commons.lang3.LangAssertions,True,True
src/test/java/org/apache/commons/lang3/time/DurationFormatUtilsTest.java,Extract And Move Method,6,1,1,d7279c1e6f7168544bcbf363afcdffaeee6655d6,98,361,Extract And Move Method public assertIllegalArgumentException(executable Executable) : IllegalArgumentException extracted from package testUnmatchedOptionalTokens() : void in class org.apache.commons.lang3.time.DurationFormatUtilsTest & moved to class org.apache.commons.lang3.LangAssertions,True,True
src/test/java/org/apache/commons/lang3/time/FastDateParserTest.java,Extract And Move Method,4,1,1,d7279c1e6f7168544bcbf363afcdffaeee6655d6,98,362,Extract And Move Method public assertIllegalArgumentException(executable Executable) : IllegalArgumentException extracted from package test1806Argument() : void in class org.apache.commons.lang3.time.FastDateParserTest & moved to class org.apache.commons.lang3.LangAssertions,True,True
src/test/java/org/apache/commons/lang3/time/FastDatePrinterTest.java,Extract And Move Method,4,1,1,d7279c1e6f7168544bcbf363afcdffaeee6655d6,98,363,Extract And Move Method public assertIllegalArgumentException(executable Executable) : IllegalArgumentException extracted from package test1806Argument() : void in class org.apache.commons.lang3.time.FastDatePrinterTest & moved to class org.apache.commons.lang3.LangAssertions,True,True
src/test/java/org/apache/commons/lang3/time/GmtTimeZoneTest.java,Extract And Move Method,4,1,1,d7279c1e6f7168544bcbf363afcdffaeee6655d6,98,364,Extract And Move Method public assertIllegalArgumentException(executable Executable) : IllegalArgumentException extracted from package testHoursOutOfRange() : void in class org.apache.commons.lang3.time.GmtTimeZoneTest & moved to class org.apache.commons.lang3.LangAssertions,True,True
src/test/java/org/apache/commons/lang3/time/GmtTimeZoneTest.java,Extract And Move Method,4,1,1,d7279c1e6f7168544bcbf363afcdffaeee6655d6,98,365,Extract And Move Method public assertIllegalArgumentException(executable Executable) : IllegalArgumentException extracted from package testMinutesOutOfRange() : void in class org.apache.commons.lang3.time.GmtTimeZoneTest & moved to class org.apache.commons.lang3.LangAssertions,True,True
src/test/java/org/apache/commons/lang3/math/IEEE754rUtilsTest.java,Extract And Move Method,42,1,1,d7279c1e6f7168544bcbf363afcdffaeee6655d6,98,366,"Extract And Move Method public assertIllegalArgumentException(executable Executable, message String) : IllegalArgumentException extracted from package testEnforceExceptions() : void in class org.apache.commons.lang3.math.IEEE754rUtilsTest & moved to class org.apache.commons.lang3.LangAssertions",True,True
src/test/java/org/apache/commons/lang3/math/IEEE754rUtilsTest.java,Extract And Move Method,42,1,1,d7279c1e6f7168544bcbf363afcdffaeee6655d6,98,367,"Extract And Move Method public assertIllegalArgumentException(executable Executable, message String) : IllegalArgumentException extracted from package testEnforceExceptions() : void in class org.apache.commons.lang3.math.IEEE754rUtilsTest & moved to class org.apache.commons.lang3.LangAssertions",True,True
src/test/java/org/apache/commons/lang3/math/IEEE754rUtilsTest.java,Extract And Move Method,42,1,1,d7279c1e6f7168544bcbf363afcdffaeee6655d6,98,368,"Extract And Move Method public assertIllegalArgumentException(executable Executable, message String) : IllegalArgumentException extracted from package testEnforceExceptions() : void in class org.apache.commons.lang3.math.IEEE754rUtilsTest & moved to class org.apache.commons.lang3.LangAssertions",True,True
src/test/java/org/apache/commons/lang3/math/IEEE754rUtilsTest.java,Extract And Move Method,42,1,1,d7279c1e6f7168544bcbf363afcdffaeee6655d6,98,369,"Extract And Move Method public assertIllegalArgumentException(executable Executable, message String) : IllegalArgumentException extracted from package testEnforceExceptions() : void in class org.apache.commons.lang3.math.IEEE754rUtilsTest & moved to class org.apache.commons.lang3.LangAssertions",True,True
src/test/java/org/apache/commons/lang3/LocaleUtilsTest.java,Extract And Move Method,37,1,1,d7279c1e6f7168544bcbf363afcdffaeee6655d6,98,370,"Extract And Move Method public assertIllegalArgumentException(executable Executable, message String) : IllegalArgumentException extracted from package testLang865() : void in class org.apache.commons.lang3.LocaleUtilsTest & moved to class org.apache.commons.lang3.LangAssertions",True,True
src/test/java/org/apache/commons/lang3/LocaleUtilsTest.java,Extract And Move Method,37,1,1,d7279c1e6f7168544bcbf363afcdffaeee6655d6,98,371,"Extract And Move Method public assertIllegalArgumentException(executable Executable, message String) : IllegalArgumentException extracted from package testLang865() : void in class org.apache.commons.lang3.LocaleUtilsTest & moved to class org.apache.commons.lang3.LangAssertions",True,True
src/test/java/org/apache/commons/lang3/LocaleUtilsTest.java,Extract And Move Method,37,1,1,d7279c1e6f7168544bcbf363afcdffaeee6655d6,98,372,"Extract And Move Method public assertIllegalArgumentException(executable Executable, message String) : IllegalArgumentException extracted from package testLang865() : void in class org.apache.commons.lang3.LocaleUtilsTest & moved to class org.apache.commons.lang3.LangAssertions",True,True
src/test/java/org/apache/commons/lang3/LocaleUtilsTest.java,Extract And Move Method,37,1,1,d7279c1e6f7168544bcbf363afcdffaeee6655d6,98,373,"Extract And Move Method public assertIllegalArgumentException(executable Executable, message String) : IllegalArgumentException extracted from package testLang865() : void in class org.apache.commons.lang3.LocaleUtilsTest & moved to class org.apache.commons.lang3.LangAssertions",True,True
src/test/java/org/apache/commons/lang3/LocaleUtilsTest.java,Extract And Move Method,37,1,1,d7279c1e6f7168544bcbf363afcdffaeee6655d6,98,374,"Extract And Move Method public assertIllegalArgumentException(executable Executable, message String) : IllegalArgumentException extracted from package testLang865() : void in class org.apache.commons.lang3.LocaleUtilsTest & moved to class org.apache.commons.lang3.LangAssertions",True,True
src/test/java/org/apache/commons/lang3/LocaleUtilsTest.java,Extract And Move Method,37,1,1,d7279c1e6f7168544bcbf363afcdffaeee6655d6,98,375,"Extract And Move Method public assertIllegalArgumentException(executable Executable, message String) : IllegalArgumentException extracted from package testLang865() : void in class org.apache.commons.lang3.LocaleUtilsTest & moved to class org.apache.commons.lang3.LangAssertions",True,True
src/test/java/org/apache/commons/lang3/LocaleUtilsTest.java,Extract And Move Method,37,1,1,d7279c1e6f7168544bcbf363afcdffaeee6655d6,98,376,"Extract And Move Method public assertIllegalArgumentException(executable Executable, message String) : IllegalArgumentException extracted from package testLang865() : void in class org.apache.commons.lang3.LocaleUtilsTest & moved to class org.apache.commons.lang3.LangAssertions",True,True
src/test/java/org/apache/commons/lang3/LocaleUtilsTest.java,Extract And Move Method,24,1,1,d7279c1e6f7168544bcbf363afcdffaeee6655d6,98,377,"Extract And Move Method public assertIllegalArgumentException(executable Executable, message String) : IllegalArgumentException extracted from package testToLocale_1Part() : void in class org.apache.commons.lang3.LocaleUtilsTest & moved to class org.apache.commons.lang3.LangAssertions",True,True
src/test/java/org/apache/commons/lang3/LocaleUtilsTest.java,Extract And Move Method,24,1,1,d7279c1e6f7168544bcbf363afcdffaeee6655d6,98,378,"Extract And Move Method public assertIllegalArgumentException(executable Executable, message String) : IllegalArgumentException extracted from package testToLocale_1Part() : void in class org.apache.commons.lang3.LocaleUtilsTest & moved to class org.apache.commons.lang3.LangAssertions",True,True
src/test/java/org/apache/commons/lang3/LocaleUtilsTest.java,Extract And Move Method,24,1,1,d7279c1e6f7168544bcbf363afcdffaeee6655d6,98,379,"Extract And Move Method public assertIllegalArgumentException(executable Executable, message String) : IllegalArgumentException extracted from package testToLocale_1Part() : void in class org.apache.commons.lang3.LocaleUtilsTest & moved to class org.apache.commons.lang3.LangAssertions",True,True
src/test/java/org/apache/commons/lang3/LocaleUtilsTest.java,Extract And Move Method,24,1,1,d7279c1e6f7168544bcbf363afcdffaeee6655d6,98,380,"Extract And Move Method public assertIllegalArgumentException(executable Executable, message String) : IllegalArgumentException extracted from package testToLocale_1Part() : void in class org.apache.commons.lang3.LocaleUtilsTest & moved to class org.apache.commons.lang3.LangAssertions",True,True
src/test/java/org/apache/commons/lang3/LocaleUtilsTest.java,Extract And Move Method,24,1,1,d7279c1e6f7168544bcbf363afcdffaeee6655d6,98,381,"Extract And Move Method public assertIllegalArgumentException(executable Executable, message String) : IllegalArgumentException extracted from package testToLocale_1Part() : void in class org.apache.commons.lang3.LocaleUtilsTest & moved to class org.apache.commons.lang3.LangAssertions",True,True
src/test/java/org/apache/commons/lang3/LocaleUtilsTest.java,Extract And Move Method,31,1,1,d7279c1e6f7168544bcbf363afcdffaeee6655d6,98,382,"Extract And Move Method public assertIllegalArgumentException(executable Executable, message String) : IllegalArgumentException extracted from package testToLocale_2Part() : void in class org.apache.commons.lang3.LocaleUtilsTest & moved to class org.apache.commons.lang3.LangAssertions",True,True
src/test/java/org/apache/commons/lang3/LocaleUtilsTest.java,Extract And Move Method,31,1,1,d7279c1e6f7168544bcbf363afcdffaeee6655d6,98,383,"Extract And Move Method public assertIllegalArgumentException(executable Executable, message String) : IllegalArgumentException extracted from package testToLocale_2Part() : void in class org.apache.commons.lang3.LocaleUtilsTest & moved to class org.apache.commons.lang3.LangAssertions",True,True
src/test/java/org/apache/commons/lang3/LocaleUtilsTest.java,Extract And Move Method,31,1,1,d7279c1e6f7168544bcbf363afcdffaeee6655d6,98,384,"Extract And Move Method public assertIllegalArgumentException(executable Executable, message String) : IllegalArgumentException extracted from package testToLocale_2Part() : void in class org.apache.commons.lang3.LocaleUtilsTest & moved to class org.apache.commons.lang3.LangAssertions",True,True
src/test/java/org/apache/commons/lang3/LocaleUtilsTest.java,Extract And Move Method,31,1,1,d7279c1e6f7168544bcbf363afcdffaeee6655d6,98,385,"Extract And Move Method public assertIllegalArgumentException(executable Executable, message String) : IllegalArgumentException extracted from package testToLocale_2Part() : void in class org.apache.commons.lang3.LocaleUtilsTest & moved to class org.apache.commons.lang3.LangAssertions",True,True
src/test/java/org/apache/commons/lang3/LocaleUtilsTest.java,Extract And Move Method,31,1,1,d7279c1e6f7168544bcbf363afcdffaeee6655d6,98,386,"Extract And Move Method public assertIllegalArgumentException(executable Executable, message String) : IllegalArgumentException extracted from package testToLocale_2Part() : void in class org.apache.commons.lang3.LocaleUtilsTest & moved to class org.apache.commons.lang3.LangAssertions",True,True
src/test/java/org/apache/commons/lang3/LocaleUtilsTest.java,Extract And Move Method,21,1,1,d7279c1e6f7168544bcbf363afcdffaeee6655d6,98,387,"Extract And Move Method public assertIllegalArgumentException(executable Executable, message String) : IllegalArgumentException extracted from package testToLocale_3Part() : void in class org.apache.commons.lang3.LocaleUtilsTest & moved to class org.apache.commons.lang3.LangAssertions",True,True
src/test/java/org/apache/commons/lang3/LocaleUtilsTest.java,Extract And Move Method,21,1,1,d7279c1e6f7168544bcbf363afcdffaeee6655d6,98,388,"Extract And Move Method public assertIllegalArgumentException(executable Executable, message String) : IllegalArgumentException extracted from package testToLocale_3Part() : void in class org.apache.commons.lang3.LocaleUtilsTest & moved to class org.apache.commons.lang3.LangAssertions",True,True
src/test/java/org/apache/commons/lang3/ObjectUtilsTest.java,Extract And Move Method,66,1,1,d7279c1e6f7168544bcbf363afcdffaeee6655d6,98,389,"Extract And Move Method public assertIllegalArgumentException(executable Executable, message String) : IllegalArgumentException extracted from package testConstMethods() : void in class org.apache.commons.lang3.ObjectUtilsTest & moved to class org.apache.commons.lang3.LangAssertions",True,True
src/test/java/org/apache/commons/lang3/ObjectUtilsTest.java,Extract And Move Method,66,1,1,d7279c1e6f7168544bcbf363afcdffaeee6655d6,98,390,"Extract And Move Method public assertIllegalArgumentException(executable Executable, message String) : IllegalArgumentException extracted from package testConstMethods() : void in class org.apache.commons.lang3.ObjectUtilsTest & moved to class org.apache.commons.lang3.LangAssertions",True,True
src/test/java/org/apache/commons/lang3/ObjectUtilsTest.java,Extract And Move Method,66,1,1,d7279c1e6f7168544bcbf363afcdffaeee6655d6,98,391,"Extract And Move Method public assertIllegalArgumentException(executable Executable, message String) : IllegalArgumentException extracted from package testConstMethods() : void in class org.apache.commons.lang3.ObjectUtilsTest & moved to class org.apache.commons.lang3.LangAssertions",True,True
src/test/java/org/apache/commons/lang3/ObjectUtilsTest.java,Extract And Move Method,66,1,1,d7279c1e6f7168544bcbf363afcdffaeee6655d6,98,392,"Extract And Move Method public assertIllegalArgumentException(executable Executable, message String) : IllegalArgumentException extracted from package testConstMethods() : void in class org.apache.commons.lang3.ObjectUtilsTest & moved to class org.apache.commons.lang3.LangAssertions",True,True
src/test/java/org/apache/commons/lang3/StringUtilsAbbreviateTest.java,Extract And Move Method,17,1,1,d7279c1e6f7168544bcbf363afcdffaeee6655d6,98,393,"Extract And Move Method public assertIllegalArgumentException(executable Executable, message String) : IllegalArgumentException extracted from package testAbbreviate_StringInt() : void in class org.apache.commons.lang3.StringUtilsAbbreviateTest & moved to class org.apache.commons.lang3.LangAssertions",True,True
src/test/java/org/apache/commons/lang3/StringUtilsAbbreviateTest.java,Extract And Move Method,32,1,1,d7279c1e6f7168544bcbf363afcdffaeee6655d6,98,394,"Extract And Move Method public assertIllegalArgumentException(executable Executable, message String) : IllegalArgumentException extracted from package testAbbreviate_StringIntInt() : void in class org.apache.commons.lang3.StringUtilsAbbreviateTest & moved to class org.apache.commons.lang3.LangAssertions",True,True
src/test/java/org/apache/commons/lang3/StringUtilsAbbreviateTest.java,Extract And Move Method,32,1,1,d7279c1e6f7168544bcbf363afcdffaeee6655d6,98,395,"Extract And Move Method public assertIllegalArgumentException(executable Executable, message String) : IllegalArgumentException extracted from package testAbbreviate_StringIntInt() : void in class org.apache.commons.lang3.StringUtilsAbbreviateTest & moved to class org.apache.commons.lang3.LangAssertions",True,True
src/test/java/org/apache/commons/lang3/StringUtilsAbbreviateTest.java,Extract And Move Method,20,1,1,d7279c1e6f7168544bcbf363afcdffaeee6655d6,98,396,"Extract And Move Method public assertIllegalArgumentException(executable Executable, message String) : IllegalArgumentException extracted from package testAbbreviate_StringStringInt() : void in class org.apache.commons.lang3.StringUtilsAbbreviateTest & moved to class org.apache.commons.lang3.LangAssertions",True,True
src/test/java/org/apache/commons/lang3/StringUtilsAbbreviateTest.java,Extract And Move Method,34,1,1,d7279c1e6f7168544bcbf363afcdffaeee6655d6,98,397,"Extract And Move Method public assertIllegalArgumentException(executable Executable, message String) : IllegalArgumentException extracted from package testAbbreviate_StringStringIntInt() : void in class org.apache.commons.lang3.StringUtilsAbbreviateTest & moved to class org.apache.commons.lang3.LangAssertions",True,True
src/test/java/org/apache/commons/lang3/StringUtilsAbbreviateTest.java,Extract And Move Method,34,1,1,d7279c1e6f7168544bcbf363afcdffaeee6655d6,98,398,"Extract And Move Method public assertIllegalArgumentException(executable Executable, message String) : IllegalArgumentException extracted from package testAbbreviate_StringStringIntInt() : void in class org.apache.commons.lang3.StringUtilsAbbreviateTest & moved to class org.apache.commons.lang3.LangAssertions",True,True
src/test/java/org/apache/commons/lang3/StringUtilsTest.java,Extract And Move Method,39,1,1,d7279c1e6f7168544bcbf363afcdffaeee6655d6,98,399,"Extract And Move Method public assertIllegalArgumentException(executable Executable, message String) : IllegalArgumentException extracted from package testReplace_StringStringArrayStringArray() : void in class org.apache.commons.lang3.StringUtilsTest & moved to class org.apache.commons.lang3.LangAssertions",True,True
src/test/java/org/apache/commons/lang3/StringUtilsTest.java,Extract And Move Method,32,1,1,d7279c1e6f7168544bcbf363afcdffaeee6655d6,98,400,"Extract And Move Method public assertIllegalArgumentException(executable Executable, message String) : IllegalArgumentException extracted from package testTruncate_StringInt() : void in class org.apache.commons.lang3.StringUtilsTest & moved to class org.apache.commons.lang3.LangAssertions",True,True
src/test/java/org/apache/commons/lang3/StringUtilsTest.java,Extract And Move Method,32,1,1,d7279c1e6f7168544bcbf363afcdffaeee6655d6,98,401,"Extract And Move Method public assertIllegalArgumentException(executable Executable, message String) : IllegalArgumentException extracted from package testTruncate_StringInt() : void in class org.apache.commons.lang3.StringUtilsTest & moved to class org.apache.commons.lang3.LangAssertions",True,True
src/test/java/org/apache/commons/lang3/StringUtilsTest.java,Extract And Move Method,32,1,1,d7279c1e6f7168544bcbf363afcdffaeee6655d6,98,402,"Extract And Move Method public assertIllegalArgumentException(executable Executable, message String) : IllegalArgumentException extracted from package testTruncate_StringInt() : void in class org.apache.commons.lang3.StringUtilsTest & moved to class org.apache.commons.lang3.LangAssertions",True,True
src/test/java/org/apache/commons/lang3/StringUtilsTest.java,Extract And Move Method,32,1,1,d7279c1e6f7168544bcbf363afcdffaeee6655d6,98,403,"Extract And Move Method public assertIllegalArgumentException(executable Executable, message String) : IllegalArgumentException extracted from package testTruncate_StringInt() : void in class org.apache.commons.lang3.StringUtilsTest & moved to class org.apache.commons.lang3.LangAssertions",True,True
src/test/java/org/apache/commons/lang3/StringUtilsTest.java,Extract And Move Method,32,1,1,d7279c1e6f7168544bcbf363afcdffaeee6655d6,98,404,"Extract And Move Method public assertIllegalArgumentException(executable Executable, message String) : IllegalArgumentException extracted from package testTruncate_StringInt() : void in class org.apache.commons.lang3.StringUtilsTest & moved to class org.apache.commons.lang3.LangAssertions",True,True
src/test/java/org/apache/commons/lang3/StringUtilsTest.java,Extract And Move Method,32,1,1,d7279c1e6f7168544bcbf363afcdffaeee6655d6,98,405,"Extract And Move Method public assertIllegalArgumentException(executable Executable, message String) : IllegalArgumentException extracted from package testTruncate_StringInt() : void in class org.apache.commons.lang3.StringUtilsTest & moved to class org.apache.commons.lang3.LangAssertions",True,True
src/test/java/org/apache/commons/lang3/StringUtilsTest.java,Extract And Move Method,92,1,1,d7279c1e6f7168544bcbf363afcdffaeee6655d6,98,406,"Extract And Move Method public assertIllegalArgumentException(executable Executable, message String) : IllegalArgumentException extracted from package testTruncate_StringIntInt() : void in class org.apache.commons.lang3.StringUtilsTest & moved to class org.apache.commons.lang3.LangAssertions",True,True
src/test/java/org/apache/commons/lang3/StringUtilsTest.java,Extract And Move Method,92,1,1,d7279c1e6f7168544bcbf363afcdffaeee6655d6,98,407,"Extract And Move Method public assertIllegalArgumentException(executable Executable, message String) : IllegalArgumentException extracted from package testTruncate_StringIntInt() : void in class org.apache.commons.lang3.StringUtilsTest & moved to class org.apache.commons.lang3.LangAssertions",True,True
src/test/java/org/apache/commons/lang3/StringUtilsTest.java,Extract And Move Method,92,1,1,d7279c1e6f7168544bcbf363afcdffaeee6655d6,98,408,"Extract And Move Method public assertIllegalArgumentException(executable Executable, message String) : IllegalArgumentException extracted from package testTruncate_StringIntInt() : void in class org.apache.commons.lang3.StringUtilsTest & moved to class org.apache.commons.lang3.LangAssertions",True,True
src/test/java/org/apache/commons/lang3/StringUtilsTest.java,Extract And Move Method,92,1,1,d7279c1e6f7168544bcbf363afcdffaeee6655d6,98,409,"Extract And Move Method public assertIllegalArgumentException(executable Executable, message String) : IllegalArgumentException extracted from package testTruncate_StringIntInt() : void in class org.apache.commons.lang3.StringUtilsTest & moved to class org.apache.commons.lang3.LangAssertions",True,True
src/test/java/org/apache/commons/lang3/StringUtilsTest.java,Extract And Move Method,92,1,1,d7279c1e6f7168544bcbf363afcdffaeee6655d6,98,410,"Extract And Move Method public assertIllegalArgumentException(executable Executable, message String) : IllegalArgumentException extracted from package testTruncate_StringIntInt() : void in class org.apache.commons.lang3.StringUtilsTest & moved to class org.apache.commons.lang3.LangAssertions",True,True
src/test/java/org/apache/commons/lang3/StringUtilsTest.java,Extract And Move Method,92,1,1,d7279c1e6f7168544bcbf363afcdffaeee6655d6,98,411,"Extract And Move Method public assertIllegalArgumentException(executable Executable, message String) : IllegalArgumentException extracted from package testTruncate_StringIntInt() : void in class org.apache.commons.lang3.StringUtilsTest & moved to class org.apache.commons.lang3.LangAssertions",True,True
src/test/java/org/apache/commons/lang3/StringUtilsTest.java,Extract And Move Method,92,1,1,d7279c1e6f7168544bcbf363afcdffaeee6655d6,98,412,"Extract And Move Method public assertIllegalArgumentException(executable Executable, message String) : IllegalArgumentException extracted from package testTruncate_StringIntInt() : void in class org.apache.commons.lang3.StringUtilsTest & moved to class org.apache.commons.lang3.LangAssertions",True,True
src/test/java/org/apache/commons/lang3/StringUtilsTest.java,Extract And Move Method,92,1,1,d7279c1e6f7168544bcbf363afcdffaeee6655d6,98,413,"Extract And Move Method public assertIllegalArgumentException(executable Executable, message String) : IllegalArgumentException extracted from package testTruncate_StringIntInt() : void in class org.apache.commons.lang3.StringUtilsTest & moved to class org.apache.commons.lang3.LangAssertions",True,True
src/test/java/org/apache/commons/lang3/StringUtilsTest.java,Extract And Move Method,92,1,1,d7279c1e6f7168544bcbf363afcdffaeee6655d6,98,414,"Extract And Move Method public assertIllegalArgumentException(executable Executable, message String) : IllegalArgumentException extracted from package testTruncate_StringIntInt() : void in class org.apache.commons.lang3.StringUtilsTest & moved to class org.apache.commons.lang3.LangAssertions",True,True
src/test/java/org/apache/commons/lang3/StringUtilsTest.java,Extract And Move Method,92,1,1,d7279c1e6f7168544bcbf363afcdffaeee6655d6,98,415,"Extract And Move Method public assertIllegalArgumentException(executable Executable, message String) : IllegalArgumentException extracted from package testTruncate_StringIntInt() : void in class org.apache.commons.lang3.StringUtilsTest & moved to class org.apache.commons.lang3.LangAssertions",True,True
src/test/java/org/apache/commons/lang3/StringUtilsTest.java,Extract And Move Method,92,1,1,d7279c1e6f7168544bcbf363afcdffaeee6655d6,98,416,"Extract And Move Method public assertIllegalArgumentException(executable Executable, message String) : IllegalArgumentException extracted from package testTruncate_StringIntInt() : void in class org.apache.commons.lang3.StringUtilsTest & moved to class org.apache.commons.lang3.LangAssertions",True,True
src/test/java/org/apache/commons/lang3/StringUtilsTest.java,Extract And Move Method,92,1,1,d7279c1e6f7168544bcbf363afcdffaeee6655d6,98,417,"Extract And Move Method public assertIllegalArgumentException(executable Executable, message String) : IllegalArgumentException extracted from package testTruncate_StringIntInt() : void in class org.apache.commons.lang3.StringUtilsTest & moved to class org.apache.commons.lang3.LangAssertions",True,True
src/test/java/org/apache/commons/lang3/StringUtilsTest.java,Extract And Move Method,92,1,1,d7279c1e6f7168544bcbf363afcdffaeee6655d6,98,418,"Extract And Move Method public assertIllegalArgumentException(executable Executable, message String) : IllegalArgumentException extracted from package testTruncate_StringIntInt() : void in class org.apache.commons.lang3.StringUtilsTest & moved to class org.apache.commons.lang3.LangAssertions",True,True
src/test/java/org/apache/commons/lang3/StringUtilsTest.java,Extract And Move Method,92,1,1,d7279c1e6f7168544bcbf363afcdffaeee6655d6,98,419,"Extract And Move Method public assertIllegalArgumentException(executable Executable, message String) : IllegalArgumentException extracted from package testTruncate_StringIntInt() : void in class org.apache.commons.lang3.StringUtilsTest & moved to class org.apache.commons.lang3.LangAssertions",True,True
src/test/java/org/apache/commons/lang3/StringUtilsTest.java,Extract And Move Method,92,1,1,d7279c1e6f7168544bcbf363afcdffaeee6655d6,98,420,"Extract And Move Method public assertIllegalArgumentException(executable Executable, message String) : IllegalArgumentException extracted from package testTruncate_StringIntInt() : void in class org.apache.commons.lang3.StringUtilsTest & moved to class org.apache.commons.lang3.LangAssertions",True,True
src/test/java/org/apache/commons/lang3/StringUtilsTest.java,Extract And Move Method,92,1,1,d7279c1e6f7168544bcbf363afcdffaeee6655d6,98,421,"Extract And Move Method public assertIllegalArgumentException(executable Executable, message String) : IllegalArgumentException extracted from package testTruncate_StringIntInt() : void in class org.apache.commons.lang3.StringUtilsTest & moved to class org.apache.commons.lang3.LangAssertions",True,True
src/test/java/org/apache/commons/lang3/math/NumberUtilsTest.java,Extract And Move Method,13,1,1,d7279c1e6f7168544bcbf363afcdffaeee6655d6,98,422,"Extract And Move Method public assertIllegalArgumentException(executable Executable, message String) : IllegalArgumentException extracted from package testMaxDouble() : void in class org.apache.commons.lang3.math.NumberUtilsTest & moved to class org.apache.commons.lang3.LangAssertions",True,True
src/test/java/org/apache/commons/lang3/reflect/FieldUtilsTest.java,Extract And Move Method,35,1,1,d7279c1e6f7168544bcbf363afcdffaeee6655d6,98,423,"Extract And Move Method public assertIllegalArgumentException(executable Executable, message String) : IllegalArgumentException extracted from package testReadDeclaredNamedField() : void in class org.apache.commons.lang3.reflect.FieldUtilsTest & moved to class org.apache.commons.lang3.LangAssertions",True,True
src/test/java/org/apache/commons/lang3/reflect/FieldUtilsTest.java,Extract And Move Method,35,1,1,d7279c1e6f7168544bcbf363afcdffaeee6655d6,98,424,"Extract And Move Method public assertIllegalArgumentException(executable Executable, message String) : IllegalArgumentException extracted from package testReadDeclaredNamedField() : void in class org.apache.commons.lang3.reflect.FieldUtilsTest & moved to class org.apache.commons.lang3.LangAssertions",True,True
src/test/java/org/apache/commons/lang3/reflect/FieldUtilsTest.java,Extract And Move Method,35,1,1,d7279c1e6f7168544bcbf363afcdffaeee6655d6,98,425,"Extract And Move Method public assertIllegalArgumentException(executable Executable, message String) : IllegalArgumentException extracted from package testReadDeclaredNamedField() : void in class org.apache.commons.lang3.reflect.FieldUtilsTest & moved to class org.apache.commons.lang3.LangAssertions",True,True
src/test/java/org/apache/commons/lang3/reflect/FieldUtilsTest.java,Extract And Move Method,35,1,1,d7279c1e6f7168544bcbf363afcdffaeee6655d6,98,426,"Extract And Move Method public assertIllegalArgumentException(executable Executable, message String) : IllegalArgumentException extracted from package testReadDeclaredNamedFieldForceAccess() : void in class org.apache.commons.lang3.reflect.FieldUtilsTest & moved to class org.apache.commons.lang3.LangAssertions",True,True
src/test/java/org/apache/commons/lang3/reflect/FieldUtilsTest.java,Extract And Move Method,35,1,1,d7279c1e6f7168544bcbf363afcdffaeee6655d6,98,427,"Extract And Move Method public assertIllegalArgumentException(executable Executable, message String) : IllegalArgumentException extracted from package testReadDeclaredNamedFieldForceAccess() : void in class org.apache.commons.lang3.reflect.FieldUtilsTest & moved to class org.apache.commons.lang3.LangAssertions",True,True
src/test/java/org/apache/commons/lang3/reflect/FieldUtilsTest.java,Extract And Move Method,35,1,1,d7279c1e6f7168544bcbf363afcdffaeee6655d6,98,428,"Extract And Move Method public assertIllegalArgumentException(executable Executable, message String) : IllegalArgumentException extracted from package testReadDeclaredNamedFieldForceAccess() : void in class org.apache.commons.lang3.reflect.FieldUtilsTest & moved to class org.apache.commons.lang3.LangAssertions",True,True
src/test/java/org/apache/commons/lang3/reflect/FieldUtilsTest.java,Extract And Move Method,37,1,1,d7279c1e6f7168544bcbf363afcdffaeee6655d6,98,429,"Extract And Move Method public assertIllegalArgumentException(executable Executable, message String) : IllegalArgumentException extracted from package testReadNamedField() : void in class org.apache.commons.lang3.reflect.FieldUtilsTest & moved to class org.apache.commons.lang3.LangAssertions",True,True
src/test/java/org/apache/commons/lang3/reflect/FieldUtilsTest.java,Extract And Move Method,37,1,1,d7279c1e6f7168544bcbf363afcdffaeee6655d6,98,430,"Extract And Move Method public assertIllegalArgumentException(executable Executable, message String) : IllegalArgumentException extracted from package testReadNamedField() : void in class org.apache.commons.lang3.reflect.FieldUtilsTest & moved to class org.apache.commons.lang3.LangAssertions",True,True
src/test/java/org/apache/commons/lang3/reflect/FieldUtilsTest.java,Extract And Move Method,37,1,1,d7279c1e6f7168544bcbf363afcdffaeee6655d6,98,431,"Extract And Move Method public assertIllegalArgumentException(executable Executable, message String) : IllegalArgumentException extracted from package testReadNamedField() : void in class org.apache.commons.lang3.reflect.FieldUtilsTest & moved to class org.apache.commons.lang3.LangAssertions",True,True
src/test/java/org/apache/commons/lang3/reflect/FieldUtilsTest.java,Extract And Move Method,35,1,1,d7279c1e6f7168544bcbf363afcdffaeee6655d6,98,432,"Extract And Move Method public assertIllegalArgumentException(executable Executable, message String) : IllegalArgumentException extracted from package testReadNamedFieldForceAccess() : void in class org.apache.commons.lang3.reflect.FieldUtilsTest & moved to class org.apache.commons.lang3.LangAssertions",True,True
src/test/java/org/apache/commons/lang3/reflect/FieldUtilsTest.java,Extract And Move Method,35,1,1,d7279c1e6f7168544bcbf363afcdffaeee6655d6,98,433,"Extract And Move Method public assertIllegalArgumentException(executable Executable, message String) : IllegalArgumentException extracted from package testReadNamedFieldForceAccess() : void in class org.apache.commons.lang3.reflect.FieldUtilsTest & moved to class org.apache.commons.lang3.LangAssertions",True,True
src/test/java/org/apache/commons/lang3/reflect/FieldUtilsTest.java,Extract And Move Method,35,1,1,d7279c1e6f7168544bcbf363afcdffaeee6655d6,98,434,"Extract And Move Method public assertIllegalArgumentException(executable Executable, message String) : IllegalArgumentException extracted from package testReadNamedFieldForceAccess() : void in class org.apache.commons.lang3.reflect.FieldUtilsTest & moved to class org.apache.commons.lang3.LangAssertions",True,True
src/test/java/org/apache/commons/lang3/reflect/FieldUtilsTest.java,Extract And Move Method,37,1,1,d7279c1e6f7168544bcbf363afcdffaeee6655d6,98,435,"Extract And Move Method public assertIllegalArgumentException(executable Executable, message String) : IllegalArgumentException extracted from package testReadNamedStaticField() : void in class org.apache.commons.lang3.reflect.FieldUtilsTest & moved to class org.apache.commons.lang3.LangAssertions",True,True
src/test/java/org/apache/commons/lang3/reflect/FieldUtilsTest.java,Extract And Move Method,37,1,1,d7279c1e6f7168544bcbf363afcdffaeee6655d6,98,436,"Extract And Move Method public assertIllegalArgumentException(executable Executable, message String) : IllegalArgumentException extracted from package testReadNamedStaticField() : void in class org.apache.commons.lang3.reflect.FieldUtilsTest & moved to class org.apache.commons.lang3.LangAssertions",True,True
src/test/java/org/apache/commons/lang3/reflect/FieldUtilsTest.java,Extract And Move Method,37,1,1,d7279c1e6f7168544bcbf363afcdffaeee6655d6,98,437,"Extract And Move Method public assertIllegalArgumentException(executable Executable, message String) : IllegalArgumentException extracted from package testReadNamedStaticField() : void in class org.apache.commons.lang3.reflect.FieldUtilsTest & moved to class org.apache.commons.lang3.LangAssertions",True,True
src/test/java/org/apache/commons/lang3/reflect/FieldUtilsTest.java,Extract And Move Method,37,1,1,d7279c1e6f7168544bcbf363afcdffaeee6655d6,98,438,"Extract And Move Method public assertIllegalArgumentException(executable Executable, message String) : IllegalArgumentException extracted from package testReadNamedStaticField() : void in class org.apache.commons.lang3.reflect.FieldUtilsTest & moved to class org.apache.commons.lang3.LangAssertions",True,True
src/test/java/org/apache/commons/lang3/reflect/FieldUtilsTest.java,Extract And Move Method,37,1,1,d7279c1e6f7168544bcbf363afcdffaeee6655d6,98,439,"Extract And Move Method public assertIllegalArgumentException(executable Executable, message String) : IllegalArgumentException extracted from package testReadNamedStaticFieldForceAccess() : void in class org.apache.commons.lang3.reflect.FieldUtilsTest & moved to class org.apache.commons.lang3.LangAssertions",True,True
src/test/java/org/apache/commons/lang3/reflect/FieldUtilsTest.java,Extract And Move Method,37,1,1,d7279c1e6f7168544bcbf363afcdffaeee6655d6,98,440,"Extract And Move Method public assertIllegalArgumentException(executable Executable, message String) : IllegalArgumentException extracted from package testReadNamedStaticFieldForceAccess() : void in class org.apache.commons.lang3.reflect.FieldUtilsTest & moved to class org.apache.commons.lang3.LangAssertions",True,True
src/test/java/org/apache/commons/lang3/reflect/FieldUtilsTest.java,Extract And Move Method,37,1,1,d7279c1e6f7168544bcbf363afcdffaeee6655d6,98,441,"Extract And Move Method public assertIllegalArgumentException(executable Executable, message String) : IllegalArgumentException extracted from package testReadNamedStaticFieldForceAccess() : void in class org.apache.commons.lang3.reflect.FieldUtilsTest & moved to class org.apache.commons.lang3.LangAssertions",True,True
src/test/java/org/apache/commons/lang3/reflect/FieldUtilsTest.java,Extract And Move Method,37,1,1,d7279c1e6f7168544bcbf363afcdffaeee6655d6,98,442,"Extract And Move Method public assertIllegalArgumentException(executable Executable, message String) : IllegalArgumentException extracted from package testReadNamedStaticFieldForceAccess() : void in class org.apache.commons.lang3.reflect.FieldUtilsTest & moved to class org.apache.commons.lang3.LangAssertions",True,True
src/test/java/org/apache/commons/lang3/time/DateUtilsTest.java,Extract And Move Method,24,1,1,d7279c1e6f7168544bcbf363afcdffaeee6655d6,98,443,"Extract And Move Method public assertIllegalArgumentException(executable Executable, message String) : IllegalArgumentException extracted from package testSetDays() : void in class org.apache.commons.lang3.time.DateUtilsTest & moved to class org.apache.commons.lang3.LangAssertions",True,True
src/test/java/org/apache/commons/lang3/time/DateUtilsTest.java,Extract And Move Method,24,1,1,d7279c1e6f7168544bcbf363afcdffaeee6655d6,98,444,"Extract And Move Method public assertIllegalArgumentException(executable Executable, message String) : IllegalArgumentException extracted from package testSetDays() : void in class org.apache.commons.lang3.time.DateUtilsTest & moved to class org.apache.commons.lang3.LangAssertions",True,True
src/test/java/org/apache/commons/lang3/time/DateUtilsTest.java,Parameterize Variable,1,1,1,d7279c1e6f7168544bcbf363afcdffaeee6655d6,98,445,"Parameterize Variable outsideOfRangeAssertionMessage : String to message : String in method public assertIllegalArgumentException(executable Executable, message String) : IllegalArgumentException from class org.apache.commons.lang3.LangAssertions",True,True
src/test/java/org/apache/commons/lang3/time/DateUtilsTest.java,Parameterize Variable,1,1,1,d7279c1e6f7168544bcbf363afcdffaeee6655d6,98,446,"Parameterize Variable outsideOfRangeAssertionMessage : String to message : String in method public assertIllegalArgumentException(executable Executable, message String) : IllegalArgumentException from class org.apache.commons.lang3.LangAssertions",True,True
src/test/java/org/apache/commons/lang3/time/DateUtilsTest.java,Parameterize Variable,1,1,1,d7279c1e6f7168544bcbf363afcdffaeee6655d6,98,447,"Parameterize Variable outsideOfRangeAssertionMessage : String to message : String in method public assertIllegalArgumentException(executable Executable, message String) : IllegalArgumentException from class org.apache.commons.lang3.LangAssertions",True,True
src/test/java/org/apache/commons/lang3/time/DateUtilsTest.java,Parameterize Variable,1,1,1,d7279c1e6f7168544bcbf363afcdffaeee6655d6,98,448,"Parameterize Variable outsideOfRangeAssertionMessage : String to message : String in method public assertIllegalArgumentException(executable Executable, message String) : IllegalArgumentException from class org.apache.commons.lang3.LangAssertions",True,True
src/test/java/org/apache/commons/lang3/time/DateUtilsTest.java,Parameterize Variable,1,1,1,d7279c1e6f7168544bcbf363afcdffaeee6655d6,98,449,"Parameterize Variable outsideOfRangeAssertionMessage : String to message : String in method public assertIllegalArgumentException(executable Executable, message String) : IllegalArgumentException from class org.apache.commons.lang3.LangAssertions",True,True
src/test/java/org/apache/commons/lang3/time/DateUtilsTest.java,Parameterize Variable,1,1,1,d7279c1e6f7168544bcbf363afcdffaeee6655d6,98,450,"Parameterize Variable outsideOfRangeAssertionMessage : String to message : String in method public assertIllegalArgumentException(executable Executable, message String) : IllegalArgumentException from class org.apache.commons.lang3.LangAssertions",True,True
src/test/java/org/apache/commons/lang3/time/DateUtilsTest.java,Extract And Move Method,24,1,1,d7279c1e6f7168544bcbf363afcdffaeee6655d6,98,451,"Extract And Move Method public assertIllegalArgumentException(executable Executable, message String) : IllegalArgumentException extracted from package testSetHours() : void in class org.apache.commons.lang3.time.DateUtilsTest & moved to class org.apache.commons.lang3.LangAssertions",True,True
src/test/java/org/apache/commons/lang3/time/DateUtilsTest.java,Extract And Move Method,24,1,1,d7279c1e6f7168544bcbf363afcdffaeee6655d6,98,452,"Extract And Move Method public assertIllegalArgumentException(executable Executable, message String) : IllegalArgumentException extracted from package testSetHours() : void in class org.apache.commons.lang3.time.DateUtilsTest & moved to class org.apache.commons.lang3.LangAssertions",True,True
src/test/java/org/apache/commons/lang3/time/DateUtilsTest.java,Extract And Move Method,24,1,1,d7279c1e6f7168544bcbf363afcdffaeee6655d6,98,453,"Extract And Move Method public assertIllegalArgumentException(executable Executable, message String) : IllegalArgumentException extracted from package testSetMilliseconds() : void in class org.apache.commons.lang3.time.DateUtilsTest & moved to class org.apache.commons.lang3.LangAssertions",True,True
src/test/java/org/apache/commons/lang3/time/DateUtilsTest.java,Extract And Move Method,24,1,1,d7279c1e6f7168544bcbf363afcdffaeee6655d6,98,454,"Extract And Move Method public assertIllegalArgumentException(executable Executable, message String) : IllegalArgumentException extracted from package testSetMilliseconds() : void in class org.apache.commons.lang3.time.DateUtilsTest & moved to class org.apache.commons.lang3.LangAssertions",True,True
src/test/java/org/apache/commons/lang3/time/DateUtilsTest.java,Extract And Move Method,24,1,1,d7279c1e6f7168544bcbf363afcdffaeee6655d6,98,455,"Extract And Move Method public assertIllegalArgumentException(executable Executable, message String) : IllegalArgumentException extracted from package testSetMinutes() : void in class org.apache.commons.lang3.time.DateUtilsTest & moved to class org.apache.commons.lang3.LangAssertions",True,True
src/test/java/org/apache/commons/lang3/time/DateUtilsTest.java,Extract And Move Method,24,1,1,d7279c1e6f7168544bcbf363afcdffaeee6655d6,98,456,"Extract And Move Method public assertIllegalArgumentException(executable Executable, message String) : IllegalArgumentException extracted from package testSetMinutes() : void in class org.apache.commons.lang3.time.DateUtilsTest & moved to class org.apache.commons.lang3.LangAssertions",True,True
src/test/java/org/apache/commons/lang3/time/DateUtilsTest.java,Extract And Move Method,29,1,1,d7279c1e6f7168544bcbf363afcdffaeee6655d6,98,457,"Extract And Move Method public assertIllegalArgumentException(executable Executable, message String) : IllegalArgumentException extracted from package testSetMonths() : void in class org.apache.commons.lang3.time.DateUtilsTest & moved to class org.apache.commons.lang3.LangAssertions",True,True
src/test/java/org/apache/commons/lang3/time/DateUtilsTest.java,Extract And Move Method,29,1,1,d7279c1e6f7168544bcbf363afcdffaeee6655d6,98,458,"Extract And Move Method public assertIllegalArgumentException(executable Executable, message String) : IllegalArgumentException extracted from package testSetMonths() : void in class org.apache.commons.lang3.time.DateUtilsTest & moved to class org.apache.commons.lang3.LangAssertions",True,True
src/test/java/org/apache/commons/lang3/time/DateUtilsTest.java,Extract And Move Method,24,1,1,d7279c1e6f7168544bcbf363afcdffaeee6655d6,98,459,"Extract And Move Method public assertIllegalArgumentException(executable Executable, message String) : IllegalArgumentException extracted from package testSetSeconds() : void in class org.apache.commons.lang3.time.DateUtilsTest & moved to class org.apache.commons.lang3.LangAssertions",True,True
src/test/java/org/apache/commons/lang3/time/DateUtilsTest.java,Extract And Move Method,24,1,1,d7279c1e6f7168544bcbf363afcdffaeee6655d6,98,460,"Extract And Move Method public assertIllegalArgumentException(executable Executable, message String) : IllegalArgumentException extracted from package testSetSeconds() : void in class org.apache.commons.lang3.time.DateUtilsTest & moved to class org.apache.commons.lang3.LangAssertions",True,True
src/test/java/org/apache/commons/lang3/ArrayUtilsAddTest.java,Extract And Move Method,170,1,1,d7279c1e6f7168544bcbf363afcdffaeee6655d6,98,461,Extract And Move Method public assertIndexOutOfBoundsException(executable Executable) : IndexOutOfBoundsException extracted from package testAddObjectAtIndex() : void in class org.apache.commons.lang3.ArrayUtilsAddTest & moved to class org.apache.commons.lang3.LangAssertions,True,True
src/test/java/org/apache/commons/lang3/ArrayUtilsAddTest.java,Extract And Move Method,170,1,1,d7279c1e6f7168544bcbf363afcdffaeee6655d6,98,462,Extract And Move Method public assertIndexOutOfBoundsException(executable Executable) : IndexOutOfBoundsException extracted from package testAddObjectAtIndex() : void in class org.apache.commons.lang3.ArrayUtilsAddTest & moved to class org.apache.commons.lang3.LangAssertions,True,True
src/test/java/org/apache/commons/lang3/ArrayUtilsAddTest.java,Extract And Move Method,170,1,1,d7279c1e6f7168544bcbf363afcdffaeee6655d6,98,463,Extract And Move Method public assertIndexOutOfBoundsException(executable Executable) : IndexOutOfBoundsException extracted from package testAddObjectAtIndex() : void in class org.apache.commons.lang3.ArrayUtilsAddTest & moved to class org.apache.commons.lang3.LangAssertions,True,True
src/test/java/org/apache/commons/lang3/ArrayUtilsAddTest.java,Extract And Move Method,170,1,1,d7279c1e6f7168544bcbf363afcdffaeee6655d6,98,464,Extract And Move Method public assertIndexOutOfBoundsException(executable Executable) : IndexOutOfBoundsException extracted from package testAddObjectAtIndex() : void in class org.apache.commons.lang3.ArrayUtilsAddTest & moved to class org.apache.commons.lang3.LangAssertions,True,True
src/test/java/org/apache/commons/lang3/ArrayUtilsAddTest.java,Extract And Move Method,170,1,1,d7279c1e6f7168544bcbf363afcdffaeee6655d6,98,465,Extract And Move Method public assertIndexOutOfBoundsException(executable Executable) : IndexOutOfBoundsException extracted from package testAddObjectAtIndex() : void in class org.apache.commons.lang3.ArrayUtilsAddTest & moved to class org.apache.commons.lang3.LangAssertions,True,True
src/test/java/org/apache/commons/lang3/ArrayUtilsAddTest.java,Extract And Move Method,170,1,1,d7279c1e6f7168544bcbf363afcdffaeee6655d6,98,466,Extract And Move Method public assertIndexOutOfBoundsException(executable Executable) : IndexOutOfBoundsException extracted from package testAddObjectAtIndex() : void in class org.apache.commons.lang3.ArrayUtilsAddTest & moved to class org.apache.commons.lang3.LangAssertions,True,True
src/test/java/org/apache/commons/lang3/ArrayUtilsAddTest.java,Extract And Move Method,170,1,1,d7279c1e6f7168544bcbf363afcdffaeee6655d6,98,467,Extract And Move Method public assertIndexOutOfBoundsException(executable Executable) : IndexOutOfBoundsException extracted from package testAddObjectAtIndex() : void in class org.apache.commons.lang3.ArrayUtilsAddTest & moved to class org.apache.commons.lang3.LangAssertions,True,True
src/test/java/org/apache/commons/lang3/ArrayUtilsAddTest.java,Extract And Move Method,170,1,1,d7279c1e6f7168544bcbf363afcdffaeee6655d6,98,468,Extract And Move Method public assertIndexOutOfBoundsException(executable Executable) : IndexOutOfBoundsException extracted from package testAddObjectAtIndex() : void in class org.apache.commons.lang3.ArrayUtilsAddTest & moved to class org.apache.commons.lang3.LangAssertions,True,True
src/test/java/org/apache/commons/lang3/ArrayUtilsAddTest.java,Extract And Move Method,170,1,1,d7279c1e6f7168544bcbf363afcdffaeee6655d6,98,469,Extract And Move Method public assertIndexOutOfBoundsException(executable Executable) : IndexOutOfBoundsException extracted from package testAddObjectAtIndex() : void in class org.apache.commons.lang3.ArrayUtilsAddTest & moved to class org.apache.commons.lang3.LangAssertions,True,True
src/test/java/org/apache/commons/lang3/ArrayUtilsAddTest.java,Extract And Move Method,170,1,1,d7279c1e6f7168544bcbf363afcdffaeee6655d6,98,470,Extract And Move Method public assertIndexOutOfBoundsException(executable Executable) : IndexOutOfBoundsException extracted from package testAddObjectAtIndex() : void in class org.apache.commons.lang3.ArrayUtilsAddTest & moved to class org.apache.commons.lang3.LangAssertions,True,True
src/test/java/org/apache/commons/lang3/ArrayUtilsAddTest.java,Extract And Move Method,170,1,1,d7279c1e6f7168544bcbf363afcdffaeee6655d6,98,471,Extract And Move Method public assertIndexOutOfBoundsException(executable Executable) : IndexOutOfBoundsException extracted from package testAddObjectAtIndex() : void in class org.apache.commons.lang3.ArrayUtilsAddTest & moved to class org.apache.commons.lang3.LangAssertions,True,True
src/test/java/org/apache/commons/lang3/ArrayUtilsAddTest.java,Extract And Move Method,170,1,1,d7279c1e6f7168544bcbf363afcdffaeee6655d6,98,472,Extract And Move Method public assertIndexOutOfBoundsException(executable Executable) : IndexOutOfBoundsException extracted from package testAddObjectAtIndex() : void in class org.apache.commons.lang3.ArrayUtilsAddTest & moved to class org.apache.commons.lang3.LangAssertions,True,True
src/test/java/org/apache/commons/lang3/ArrayUtilsAddTest.java,Extract And Move Method,170,1,1,d7279c1e6f7168544bcbf363afcdffaeee6655d6,98,473,Extract And Move Method public assertIndexOutOfBoundsException(executable Executable) : IndexOutOfBoundsException extracted from package testAddObjectAtIndex() : void in class org.apache.commons.lang3.ArrayUtilsAddTest & moved to class org.apache.commons.lang3.LangAssertions,True,True
src/test/java/org/apache/commons/lang3/ArrayUtilsAddTest.java,Extract And Move Method,170,1,1,d7279c1e6f7168544bcbf363afcdffaeee6655d6,98,474,Extract And Move Method public assertIndexOutOfBoundsException(executable Executable) : IndexOutOfBoundsException extracted from package testAddObjectAtIndex() : void in class org.apache.commons.lang3.ArrayUtilsAddTest & moved to class org.apache.commons.lang3.LangAssertions,True,True
src/test/java/org/apache/commons/lang3/ArrayUtilsAddTest.java,Extract And Move Method,170,1,1,d7279c1e6f7168544bcbf363afcdffaeee6655d6,98,475,Extract And Move Method public assertIndexOutOfBoundsException(executable Executable) : IndexOutOfBoundsException extracted from package testAddObjectAtIndex() : void in class org.apache.commons.lang3.ArrayUtilsAddTest & moved to class org.apache.commons.lang3.LangAssertions,True,True
src/test/java/org/apache/commons/lang3/ArrayUtilsAddTest.java,Extract And Move Method,170,1,1,d7279c1e6f7168544bcbf363afcdffaeee6655d6,98,476,Extract And Move Method public assertIndexOutOfBoundsException(executable Executable) : IndexOutOfBoundsException extracted from package testAddObjectAtIndex() : void in class org.apache.commons.lang3.ArrayUtilsAddTest & moved to class org.apache.commons.lang3.LangAssertions,True,True
src/test/java/org/apache/commons/lang3/ArrayUtilsAddTest.java,Extract And Move Method,170,1,1,d7279c1e6f7168544bcbf363afcdffaeee6655d6,98,477,Extract And Move Method public assertIndexOutOfBoundsException(executable Executable) : IndexOutOfBoundsException extracted from package testAddObjectAtIndex() : void in class org.apache.commons.lang3.ArrayUtilsAddTest & moved to class org.apache.commons.lang3.LangAssertions,True,True
src/test/java/org/apache/commons/lang3/ArrayUtilsAddTest.java,Extract And Move Method,170,1,1,d7279c1e6f7168544bcbf363afcdffaeee6655d6,98,478,Extract And Move Method public assertIndexOutOfBoundsException(executable Executable) : IndexOutOfBoundsException extracted from package testAddObjectAtIndex() : void in class org.apache.commons.lang3.ArrayUtilsAddTest & moved to class org.apache.commons.lang3.LangAssertions,True,True
src/test/java/org/apache/commons/lang3/ArrayUtilsAddTest.java,Extract And Move Method,170,1,1,d7279c1e6f7168544bcbf363afcdffaeee6655d6,98,479,Extract And Move Method public assertIndexOutOfBoundsException(executable Executable) : IndexOutOfBoundsException extracted from package testAddObjectAtIndex() : void in class org.apache.commons.lang3.ArrayUtilsAddTest & moved to class org.apache.commons.lang3.LangAssertions,True,True
src/test/java/org/apache/commons/lang3/ArrayUtilsAddTest.java,Extract And Move Method,170,1,1,d7279c1e6f7168544bcbf363afcdffaeee6655d6,98,480,Extract And Move Method public assertIndexOutOfBoundsException(executable Executable) : IndexOutOfBoundsException extracted from package testAddObjectAtIndex() : void in class org.apache.commons.lang3.ArrayUtilsAddTest & moved to class org.apache.commons.lang3.LangAssertions,True,True
src/test/java/org/apache/commons/lang3/ArrayUtilsAddTest.java,Extract And Move Method,170,1,1,d7279c1e6f7168544bcbf363afcdffaeee6655d6,98,481,Extract And Move Method public assertIndexOutOfBoundsException(executable Executable) : IndexOutOfBoundsException extracted from package testAddObjectAtIndex() : void in class org.apache.commons.lang3.ArrayUtilsAddTest & moved to class org.apache.commons.lang3.LangAssertions,True,True
src/test/java/org/apache/commons/lang3/ArrayUtilsAddTest.java,Extract And Move Method,170,1,1,d7279c1e6f7168544bcbf363afcdffaeee6655d6,98,482,Extract And Move Method public assertIndexOutOfBoundsException(executable Executable) : IndexOutOfBoundsException extracted from package testAddObjectAtIndex() : void in class org.apache.commons.lang3.ArrayUtilsAddTest & moved to class org.apache.commons.lang3.LangAssertions,True,True
src/test/java/org/apache/commons/lang3/ArrayUtilsAddTest.java,Extract And Move Method,170,1,1,d7279c1e6f7168544bcbf363afcdffaeee6655d6,98,483,Extract And Move Method public assertIndexOutOfBoundsException(executable Executable) : IndexOutOfBoundsException extracted from package testAddObjectAtIndex() : void in class org.apache.commons.lang3.ArrayUtilsAddTest & moved to class org.apache.commons.lang3.LangAssertions,True,True
src/test/java/org/apache/commons/lang3/ArrayUtilsAddTest.java,Extract And Move Method,170,1,1,d7279c1e6f7168544bcbf363afcdffaeee6655d6,98,484,Extract And Move Method public assertIndexOutOfBoundsException(executable Executable) : IndexOutOfBoundsException extracted from package testAddObjectAtIndex() : void in class org.apache.commons.lang3.ArrayUtilsAddTest & moved to class org.apache.commons.lang3.LangAssertions,True,True
src/test/java/org/apache/commons/lang3/ArrayUtilsInsertTest.java,Extract And Move Method,23,1,1,d7279c1e6f7168544bcbf363afcdffaeee6655d6,98,485,Extract And Move Method public assertIndexOutOfBoundsException(executable Executable) : IndexOutOfBoundsException extracted from package testInsertBooleans() : void in class org.apache.commons.lang3.ArrayUtilsInsertTest & moved to class org.apache.commons.lang3.LangAssertions,True,True
src/test/java/org/apache/commons/lang3/ArrayUtilsInsertTest.java,Extract And Move Method,23,1,1,d7279c1e6f7168544bcbf363afcdffaeee6655d6,98,486,Extract And Move Method public assertIndexOutOfBoundsException(executable Executable) : IndexOutOfBoundsException extracted from package testInsertBooleans() : void in class org.apache.commons.lang3.ArrayUtilsInsertTest & moved to class org.apache.commons.lang3.LangAssertions,True,True
src/test/java/org/apache/commons/lang3/ArrayUtilsInsertTest.java,Extract And Move Method,23,1,1,d7279c1e6f7168544bcbf363afcdffaeee6655d6,98,487,Extract And Move Method public assertIndexOutOfBoundsException(executable Executable) : IndexOutOfBoundsException extracted from package testInsertBytes() : void in class org.apache.commons.lang3.ArrayUtilsInsertTest & moved to class org.apache.commons.lang3.LangAssertions,True,True
src/test/java/org/apache/commons/lang3/ArrayUtilsInsertTest.java,Extract And Move Method,23,1,1,d7279c1e6f7168544bcbf363afcdffaeee6655d6,98,488,Extract And Move Method public assertIndexOutOfBoundsException(executable Executable) : IndexOutOfBoundsException extracted from package testInsertBytes() : void in class org.apache.commons.lang3.ArrayUtilsInsertTest & moved to class org.apache.commons.lang3.LangAssertions,True,True
src/test/java/org/apache/commons/lang3/ArrayUtilsInsertTest.java,Extract And Move Method,23,1,1,d7279c1e6f7168544bcbf363afcdffaeee6655d6,98,489,Extract And Move Method public assertIndexOutOfBoundsException(executable Executable) : IndexOutOfBoundsException extracted from package testInsertChars() : void in class org.apache.commons.lang3.ArrayUtilsInsertTest & moved to class org.apache.commons.lang3.LangAssertions,True,True
src/test/java/org/apache/commons/lang3/ArrayUtilsInsertTest.java,Extract And Move Method,23,1,1,d7279c1e6f7168544bcbf363afcdffaeee6655d6,98,490,Extract And Move Method public assertIndexOutOfBoundsException(executable Executable) : IndexOutOfBoundsException extracted from package testInsertChars() : void in class org.apache.commons.lang3.ArrayUtilsInsertTest & moved to class org.apache.commons.lang3.LangAssertions,True,True
src/test/java/org/apache/commons/lang3/ArrayUtilsInsertTest.java,Extract And Move Method,24,1,1,d7279c1e6f7168544bcbf363afcdffaeee6655d6,98,491,Extract And Move Method public assertIndexOutOfBoundsException(executable Executable) : IndexOutOfBoundsException extracted from package testInsertDoubles() : void in class org.apache.commons.lang3.ArrayUtilsInsertTest & moved to class org.apache.commons.lang3.LangAssertions,True,True
src/test/java/org/apache/commons/lang3/ArrayUtilsInsertTest.java,Extract And Move Method,24,1,1,d7279c1e6f7168544bcbf363afcdffaeee6655d6,98,492,Extract And Move Method public assertIndexOutOfBoundsException(executable Executable) : IndexOutOfBoundsException extracted from package testInsertDoubles() : void in class org.apache.commons.lang3.ArrayUtilsInsertTest & moved to class org.apache.commons.lang3.LangAssertions,True,True
src/test/java/org/apache/commons/lang3/ArrayUtilsInsertTest.java,Extract And Move Method,24,1,1,d7279c1e6f7168544bcbf363afcdffaeee6655d6,98,493,Extract And Move Method public assertIndexOutOfBoundsException(executable Executable) : IndexOutOfBoundsException extracted from package testInsertFloats() : void in class org.apache.commons.lang3.ArrayUtilsInsertTest & moved to class org.apache.commons.lang3.LangAssertions,True,True
src/test/java/org/apache/commons/lang3/ArrayUtilsInsertTest.java,Extract And Move Method,24,1,1,d7279c1e6f7168544bcbf363afcdffaeee6655d6,98,494,Extract And Move Method public assertIndexOutOfBoundsException(executable Executable) : IndexOutOfBoundsException extracted from package testInsertFloats() : void in class org.apache.commons.lang3.ArrayUtilsInsertTest & moved to class org.apache.commons.lang3.LangAssertions,True,True
src/test/java/org/apache/commons/lang3/ArrayUtilsInsertTest.java,Extract And Move Method,23,1,1,d7279c1e6f7168544bcbf363afcdffaeee6655d6,98,495,Extract And Move Method public assertIndexOutOfBoundsException(executable Executable) : IndexOutOfBoundsException extracted from package testInsertGenericArray() : void in class org.apache.commons.lang3.ArrayUtilsInsertTest & moved to class org.apache.commons.lang3.LangAssertions,True,True
src/test/java/org/apache/commons/lang3/ArrayUtilsInsertTest.java,Extract And Move Method,23,1,1,d7279c1e6f7168544bcbf363afcdffaeee6655d6,98,496,Extract And Move Method public assertIndexOutOfBoundsException(executable Executable) : IndexOutOfBoundsException extracted from package testInsertGenericArray() : void in class org.apache.commons.lang3.ArrayUtilsInsertTest & moved to class org.apache.commons.lang3.LangAssertions,True,True
src/test/java/org/apache/commons/lang3/ArrayUtilsInsertTest.java,Extract And Move Method,23,1,1,d7279c1e6f7168544bcbf363afcdffaeee6655d6,98,497,Extract And Move Method public assertIndexOutOfBoundsException(executable Executable) : IndexOutOfBoundsException extracted from package testInsertInts() : void in class org.apache.commons.lang3.ArrayUtilsInsertTest & moved to class org.apache.commons.lang3.LangAssertions,True,True
src/test/java/org/apache/commons/lang3/ArrayUtilsInsertTest.java,Extract And Move Method,23,1,1,d7279c1e6f7168544bcbf363afcdffaeee6655d6,98,498,Extract And Move Method public assertIndexOutOfBoundsException(executable Executable) : IndexOutOfBoundsException extracted from package testInsertInts() : void in class org.apache.commons.lang3.ArrayUtilsInsertTest & moved to class org.apache.commons.lang3.LangAssertions,True,True
src/test/java/org/apache/commons/lang3/ArrayUtilsInsertTest.java,Extract And Move Method,23,1,1,d7279c1e6f7168544bcbf363afcdffaeee6655d6,98,499,Extract And Move Method public assertIndexOutOfBoundsException(executable Executable) : IndexOutOfBoundsException extracted from package testInsertLongs() : void in class org.apache.commons.lang3.ArrayUtilsInsertTest & moved to class org.apache.commons.lang3.LangAssertions,True,True
src/test/java/org/apache/commons/lang3/ArrayUtilsInsertTest.java,Extract And Move Method,23,1,1,d7279c1e6f7168544bcbf363afcdffaeee6655d6,98,500,Extract And Move Method public assertIndexOutOfBoundsException(executable Executable) : IndexOutOfBoundsException extracted from package testInsertLongs() : void in class org.apache.commons.lang3.ArrayUtilsInsertTest & moved to class org.apache.commons.lang3.LangAssertions,True,True
src/test/java/org/apache/commons/lang3/ArrayUtilsInsertTest.java,Extract And Move Method,23,1,1,d7279c1e6f7168544bcbf363afcdffaeee6655d6,98,501,Extract And Move Method public assertIndexOutOfBoundsException(executable Executable) : IndexOutOfBoundsException extracted from package testInsertShorts() : void in class org.apache.commons.lang3.ArrayUtilsInsertTest & moved to class org.apache.commons.lang3.LangAssertions,True,True
src/test/java/org/apache/commons/lang3/ArrayUtilsInsertTest.java,Extract And Move Method,23,1,1,d7279c1e6f7168544bcbf363afcdffaeee6655d6,98,502,Extract And Move Method public assertIndexOutOfBoundsException(executable Executable) : IndexOutOfBoundsException extracted from package testInsertShorts() : void in class org.apache.commons.lang3.ArrayUtilsInsertTest & moved to class org.apache.commons.lang3.LangAssertions,True,True
src/test/java/org/apache/commons/lang3/ArrayUtilsRemoveMultipleTest.java,Extract And Move Method,4,1,1,d7279c1e6f7168544bcbf363afcdffaeee6655d6,98,503,Extract And Move Method public assertIndexOutOfBoundsException(executable Executable) : IndexOutOfBoundsException extracted from package testRemoveAllBooleanArrayNegativeIndex() : void in class org.apache.commons.lang3.ArrayUtilsRemoveMultipleTest & moved to class org.apache.commons.lang3.LangAssertions,True,True
src/test/java/org/apache/commons/lang3/ArrayUtilsRemoveMultipleTest.java,Extract And Move Method,4,1,1,d7279c1e6f7168544bcbf363afcdffaeee6655d6,98,504,Extract And Move Method public assertIndexOutOfBoundsException(executable Executable) : IndexOutOfBoundsException extracted from package testRemoveAllBooleanArrayOutOfBoundsIndex() : void in class org.apache.commons.lang3.ArrayUtilsRemoveMultipleTest & moved to class org.apache.commons.lang3.LangAssertions,True,True
src/test/java/org/apache/commons/lang3/ArrayUtilsRemoveMultipleTest.java,Extract And Move Method,4,1,1,d7279c1e6f7168544bcbf363afcdffaeee6655d6,98,505,Extract And Move Method public assertIndexOutOfBoundsException(executable Executable) : IndexOutOfBoundsException extracted from package testRemoveAllByteArrayNegativeIndex() : void in class org.apache.commons.lang3.ArrayUtilsRemoveMultipleTest & moved to class org.apache.commons.lang3.LangAssertions,True,True
src/test/java/org/apache/commons/lang3/ArrayUtilsRemoveMultipleTest.java,Extract And Move Method,4,1,1,d7279c1e6f7168544bcbf363afcdffaeee6655d6,98,506,Extract And Move Method public assertIndexOutOfBoundsException(executable Executable) : IndexOutOfBoundsException extracted from package testRemoveAllByteArrayOutOfBoundsIndex() : void in class org.apache.commons.lang3.ArrayUtilsRemoveMultipleTest & moved to class org.apache.commons.lang3.LangAssertions,True,True
src/test/java/org/apache/commons/lang3/ArrayUtilsRemoveMultipleTest.java,Extract And Move Method,4,1,1,d7279c1e6f7168544bcbf363afcdffaeee6655d6,98,507,Extract And Move Method public assertIndexOutOfBoundsException(executable Executable) : IndexOutOfBoundsException extracted from package testRemoveAllCharArrayNegativeIndex() : void in class org.apache.commons.lang3.ArrayUtilsRemoveMultipleTest & moved to class org.apache.commons.lang3.LangAssertions,True,True
src/test/java/org/apache/commons/lang3/ArrayUtilsRemoveMultipleTest.java,Extract And Move Method,4,1,1,d7279c1e6f7168544bcbf363afcdffaeee6655d6,98,508,Extract And Move Method public assertIndexOutOfBoundsException(executable Executable) : IndexOutOfBoundsException extracted from package testRemoveAllCharArrayOutOfBoundsIndex() : void in class org.apache.commons.lang3.ArrayUtilsRemoveMultipleTest & moved to class org.apache.commons.lang3.LangAssertions,True,True
src/test/java/org/apache/commons/lang3/ArrayUtilsRemoveMultipleTest.java,Extract And Move Method,4,1,1,d7279c1e6f7168544bcbf363afcdffaeee6655d6,98,509,Extract And Move Method public assertIndexOutOfBoundsException(executable Executable) : IndexOutOfBoundsException extracted from package testRemoveAllDoubleArrayNegativeIndex() : void in class org.apache.commons.lang3.ArrayUtilsRemoveMultipleTest & moved to class org.apache.commons.lang3.LangAssertions,True,True
src/test/java/org/apache/commons/lang3/ArrayUtilsRemoveMultipleTest.java,Extract And Move Method,4,1,1,d7279c1e6f7168544bcbf363afcdffaeee6655d6,98,510,Extract And Move Method public assertIndexOutOfBoundsException(executable Executable) : IndexOutOfBoundsException extracted from package testRemoveAllDoubleArrayOutOfBoundsIndex() : void in class org.apache.commons.lang3.ArrayUtilsRemoveMultipleTest & moved to class org.apache.commons.lang3.LangAssertions,True,True
src/test/java/org/apache/commons/lang3/ArrayUtilsRemoveMultipleTest.java,Extract And Move Method,4,1,1,d7279c1e6f7168544bcbf363afcdffaeee6655d6,98,511,Extract And Move Method public assertIndexOutOfBoundsException(executable Executable) : IndexOutOfBoundsException extracted from package testRemoveAllFloatArrayNegativeIndex() : void in class org.apache.commons.lang3.ArrayUtilsRemoveMultipleTest & moved to class org.apache.commons.lang3.LangAssertions,True,True
src/test/java/org/apache/commons/lang3/ArrayUtilsRemoveMultipleTest.java,Extract And Move Method,4,1,1,d7279c1e6f7168544bcbf363afcdffaeee6655d6,98,512,Extract And Move Method public assertIndexOutOfBoundsException(executable Executable) : IndexOutOfBoundsException extracted from package testRemoveAllFloatArrayOutOfBoundsIndex() : void in class org.apache.commons.lang3.ArrayUtilsRemoveMultipleTest & moved to class org.apache.commons.lang3.LangAssertions,True,True
src/test/java/org/apache/commons/lang3/ArrayUtilsRemoveMultipleTest.java,Extract And Move Method,4,1,1,d7279c1e6f7168544bcbf363afcdffaeee6655d6,98,513,Extract And Move Method public assertIndexOutOfBoundsException(executable Executable) : IndexOutOfBoundsException extracted from package testRemoveAllIntArrayNegativeIndex() : void in class org.apache.commons.lang3.ArrayUtilsRemoveMultipleTest & moved to class org.apache.commons.lang3.LangAssertions,True,True
src/test/java/org/apache/commons/lang3/ArrayUtilsRemoveMultipleTest.java,Extract And Move Method,4,1,1,d7279c1e6f7168544bcbf363afcdffaeee6655d6,98,514,Extract And Move Method public assertIndexOutOfBoundsException(executable Executable) : IndexOutOfBoundsException extracted from package testRemoveAllIntArrayOutOfBoundsIndex() : void in class org.apache.commons.lang3.ArrayUtilsRemoveMultipleTest & moved to class org.apache.commons.lang3.LangAssertions,True,True
src/test/java/org/apache/commons/lang3/ArrayUtilsRemoveMultipleTest.java,Extract And Move Method,4,1,1,d7279c1e6f7168544bcbf363afcdffaeee6655d6,98,515,Extract And Move Method public assertIndexOutOfBoundsException(executable Executable) : IndexOutOfBoundsException extracted from package testRemoveAllLongArrayNegativeIndex() : void in class org.apache.commons.lang3.ArrayUtilsRemoveMultipleTest & moved to class org.apache.commons.lang3.LangAssertions,True,True
src/test/java/org/apache/commons/lang3/ArrayUtilsRemoveMultipleTest.java,Extract And Move Method,4,1,1,d7279c1e6f7168544bcbf363afcdffaeee6655d6,98,516,Extract And Move Method public assertIndexOutOfBoundsException(executable Executable) : IndexOutOfBoundsException extracted from package testRemoveAllLongArrayOutOfBoundsIndex() : void in class org.apache.commons.lang3.ArrayUtilsRemoveMultipleTest & moved to class org.apache.commons.lang3.LangAssertions,True,True
src/test/java/org/apache/commons/lang3/ArrayUtilsRemoveMultipleTest.java,Extract And Move Method,4,1,1,d7279c1e6f7168544bcbf363afcdffaeee6655d6,98,517,Extract And Move Method public assertIndexOutOfBoundsException(executable Executable) : IndexOutOfBoundsException extracted from package testRemoveAllObjectArrayNegativeIndex() : void in class org.apache.commons.lang3.ArrayUtilsRemoveMultipleTest & moved to class org.apache.commons.lang3.LangAssertions,True,True
src/test/java/org/apache/commons/lang3/ArrayUtilsRemoveMultipleTest.java,Extract And Move Method,4,1,1,d7279c1e6f7168544bcbf363afcdffaeee6655d6,98,518,Extract And Move Method public assertIndexOutOfBoundsException(executable Executable) : IndexOutOfBoundsException extracted from package testRemoveAllObjectArrayOutOfBoundsIndex() : void in class org.apache.commons.lang3.ArrayUtilsRemoveMultipleTest & moved to class org.apache.commons.lang3.LangAssertions,True,True
src/test/java/org/apache/commons/lang3/ArrayUtilsRemoveMultipleTest.java,Extract And Move Method,4,1,1,d7279c1e6f7168544bcbf363afcdffaeee6655d6,98,519,Extract And Move Method public assertIndexOutOfBoundsException(executable Executable) : IndexOutOfBoundsException extracted from package testRemoveAllShortArrayNegativeIndex() : void in class org.apache.commons.lang3.ArrayUtilsRemoveMultipleTest & moved to class org.apache.commons.lang3.LangAssertions,True,True
src/test/java/org/apache/commons/lang3/ArrayUtilsRemoveMultipleTest.java,Extract And Move Method,4,1,1,d7279c1e6f7168544bcbf363afcdffaeee6655d6,98,520,Extract And Move Method public assertIndexOutOfBoundsException(executable Executable) : IndexOutOfBoundsException extracted from package testRemoveAllShortArrayOutOfBoundsIndex() : void in class org.apache.commons.lang3.ArrayUtilsRemoveMultipleTest & moved to class org.apache.commons.lang3.LangAssertions,True,True
src/test/java/org/apache/commons/lang3/ArrayUtilsRemoveTest.java,Extract And Move Method,19,1,1,d7279c1e6f7168544bcbf363afcdffaeee6655d6,98,521,Extract And Move Method public assertIndexOutOfBoundsException(executable Executable) : IndexOutOfBoundsException extracted from package testRemoveBooleanArray() : void in class org.apache.commons.lang3.ArrayUtilsRemoveTest & moved to class org.apache.commons.lang3.LangAssertions,True,True
src/test/java/org/apache/commons/lang3/ArrayUtilsRemoveTest.java,Extract And Move Method,19,1,1,d7279c1e6f7168544bcbf363afcdffaeee6655d6,98,522,Extract And Move Method public assertIndexOutOfBoundsException(executable Executable) : IndexOutOfBoundsException extracted from package testRemoveBooleanArray() : void in class org.apache.commons.lang3.ArrayUtilsRemoveTest & moved to class org.apache.commons.lang3.LangAssertions,True,True
src/test/java/org/apache/commons/lang3/ArrayUtilsRemoveTest.java,Extract And Move Method,19,1,1,d7279c1e6f7168544bcbf363afcdffaeee6655d6,98,523,Extract And Move Method public assertIndexOutOfBoundsException(executable Executable) : IndexOutOfBoundsException extracted from package testRemoveBooleanArray() : void in class org.apache.commons.lang3.ArrayUtilsRemoveTest & moved to class org.apache.commons.lang3.LangAssertions,True,True
src/test/java/org/apache/commons/lang3/ArrayUtilsRemoveTest.java,Extract And Move Method,19,1,1,d7279c1e6f7168544bcbf363afcdffaeee6655d6,98,524,Extract And Move Method public assertIndexOutOfBoundsException(executable Executable) : IndexOutOfBoundsException extracted from package testRemoveByteArray() : void in class org.apache.commons.lang3.ArrayUtilsRemoveTest & moved to class org.apache.commons.lang3.LangAssertions,True,True
src/test/java/org/apache/commons/lang3/ArrayUtilsRemoveTest.java,Extract And Move Method,19,1,1,d7279c1e6f7168544bcbf363afcdffaeee6655d6,98,525,Extract And Move Method public assertIndexOutOfBoundsException(executable Executable) : IndexOutOfBoundsException extracted from package testRemoveByteArray() : void in class org.apache.commons.lang3.ArrayUtilsRemoveTest & moved to class org.apache.commons.lang3.LangAssertions,True,True
src/test/java/org/apache/commons/lang3/ArrayUtilsRemoveTest.java,Extract And Move Method,19,1,1,d7279c1e6f7168544bcbf363afcdffaeee6655d6,98,526,Extract And Move Method public assertIndexOutOfBoundsException(executable Executable) : IndexOutOfBoundsException extracted from package testRemoveByteArray() : void in class org.apache.commons.lang3.ArrayUtilsRemoveTest & moved to class org.apache.commons.lang3.LangAssertions,True,True
src/test/java/org/apache/commons/lang3/ArrayUtilsRemoveTest.java,Extract And Move Method,19,1,1,d7279c1e6f7168544bcbf363afcdffaeee6655d6,98,527,Extract And Move Method public assertIndexOutOfBoundsException(executable Executable) : IndexOutOfBoundsException extracted from package testRemoveCharArray() : void in class org.apache.commons.lang3.ArrayUtilsRemoveTest & moved to class org.apache.commons.lang3.LangAssertions,True,True
src/test/java/org/apache/commons/lang3/ArrayUtilsRemoveTest.java,Extract And Move Method,19,1,1,d7279c1e6f7168544bcbf363afcdffaeee6655d6,98,528,Extract And Move Method public assertIndexOutOfBoundsException(executable Executable) : IndexOutOfBoundsException extracted from package testRemoveCharArray() : void in class org.apache.commons.lang3.ArrayUtilsRemoveTest & moved to class org.apache.commons.lang3.LangAssertions,True,True
src/test/java/org/apache/commons/lang3/ArrayUtilsRemoveTest.java,Extract And Move Method,19,1,1,d7279c1e6f7168544bcbf363afcdffaeee6655d6,98,529,Extract And Move Method public assertIndexOutOfBoundsException(executable Executable) : IndexOutOfBoundsException extracted from package testRemoveCharArray() : void in class org.apache.commons.lang3.ArrayUtilsRemoveTest & moved to class org.apache.commons.lang3.LangAssertions,True,True
src/test/java/org/apache/commons/lang3/ArrayUtilsRemoveTest.java,Extract And Move Method,19,1,1,d7279c1e6f7168544bcbf363afcdffaeee6655d6,98,530,Extract And Move Method public assertIndexOutOfBoundsException(executable Executable) : IndexOutOfBoundsException extracted from package testRemoveDoubleArray() : void in class org.apache.commons.lang3.ArrayUtilsRemoveTest & moved to class org.apache.commons.lang3.LangAssertions,True,True
src/test/java/org/apache/commons/lang3/ArrayUtilsRemoveTest.java,Extract And Move Method,19,1,1,d7279c1e6f7168544bcbf363afcdffaeee6655d6,98,531,Extract And Move Method public assertIndexOutOfBoundsException(executable Executable) : IndexOutOfBoundsException extracted from package testRemoveDoubleArray() : void in class org.apache.commons.lang3.ArrayUtilsRemoveTest & moved to class org.apache.commons.lang3.LangAssertions,True,True
src/test/java/org/apache/commons/lang3/ArrayUtilsRemoveTest.java,Extract And Move Method,19,1,1,d7279c1e6f7168544bcbf363afcdffaeee6655d6,98,532,Extract And Move Method public assertIndexOutOfBoundsException(executable Executable) : IndexOutOfBoundsException extracted from package testRemoveDoubleArray() : void in class org.apache.commons.lang3.ArrayUtilsRemoveTest & moved to class org.apache.commons.lang3.LangAssertions,True,True
src/test/java/org/apache/commons/lang3/ArrayUtilsRemoveTest.java,Extract And Move Method,19,1,1,d7279c1e6f7168544bcbf363afcdffaeee6655d6,98,533,Extract And Move Method public assertIndexOutOfBoundsException(executable Executable) : IndexOutOfBoundsException extracted from package testRemoveFloatArray() : void in class org.apache.commons.lang3.ArrayUtilsRemoveTest & moved to class org.apache.commons.lang3.LangAssertions,True,True
src/test/java/org/apache/commons/lang3/ArrayUtilsRemoveTest.java,Extract And Move Method,19,1,1,d7279c1e6f7168544bcbf363afcdffaeee6655d6,98,534,Extract And Move Method public assertIndexOutOfBoundsException(executable Executable) : IndexOutOfBoundsException extracted from package testRemoveFloatArray() : void in class org.apache.commons.lang3.ArrayUtilsRemoveTest & moved to class org.apache.commons.lang3.LangAssertions,True,True
src/test/java/org/apache/commons/lang3/ArrayUtilsRemoveTest.java,Extract And Move Method,19,1,1,d7279c1e6f7168544bcbf363afcdffaeee6655d6,98,535,Extract And Move Method public assertIndexOutOfBoundsException(executable Executable) : IndexOutOfBoundsException extracted from package testRemoveFloatArray() : void in class org.apache.commons.lang3.ArrayUtilsRemoveTest & moved to class org.apache.commons.lang3.LangAssertions,True,True
src/test/java/org/apache/commons/lang3/ArrayUtilsRemoveTest.java,Extract And Move Method,19,1,1,d7279c1e6f7168544bcbf363afcdffaeee6655d6,98,536,Extract And Move Method public assertIndexOutOfBoundsException(executable Executable) : IndexOutOfBoundsException extracted from package testRemoveIntArray() : void in class org.apache.commons.lang3.ArrayUtilsRemoveTest & moved to class org.apache.commons.lang3.LangAssertions,True,True
src/test/java/org/apache/commons/lang3/ArrayUtilsRemoveTest.java,Extract And Move Method,19,1,1,d7279c1e6f7168544bcbf363afcdffaeee6655d6,98,537,Extract And Move Method public assertIndexOutOfBoundsException(executable Executable) : IndexOutOfBoundsException extracted from package testRemoveIntArray() : void in class org.apache.commons.lang3.ArrayUtilsRemoveTest & moved to class org.apache.commons.lang3.LangAssertions,True,True
src/test/java/org/apache/commons/lang3/ArrayUtilsRemoveTest.java,Extract And Move Method,19,1,1,d7279c1e6f7168544bcbf363afcdffaeee6655d6,98,538,Extract And Move Method public assertIndexOutOfBoundsException(executable Executable) : IndexOutOfBoundsException extracted from package testRemoveIntArray() : void in class org.apache.commons.lang3.ArrayUtilsRemoveTest & moved to class org.apache.commons.lang3.LangAssertions,True,True
src/test/java/org/apache/commons/lang3/ArrayUtilsRemoveTest.java,Extract And Move Method,19,1,1,d7279c1e6f7168544bcbf363afcdffaeee6655d6,98,539,Extract And Move Method public assertIndexOutOfBoundsException(executable Executable) : IndexOutOfBoundsException extracted from package testRemoveLongArray() : void in class org.apache.commons.lang3.ArrayUtilsRemoveTest & moved to class org.apache.commons.lang3.LangAssertions,True,True
src/test/java/org/apache/commons/lang3/ArrayUtilsRemoveTest.java,Extract And Move Method,19,1,1,d7279c1e6f7168544bcbf363afcdffaeee6655d6,98,540,Extract And Move Method public assertIndexOutOfBoundsException(executable Executable) : IndexOutOfBoundsException extracted from package testRemoveLongArray() : void in class org.apache.commons.lang3.ArrayUtilsRemoveTest & moved to class org.apache.commons.lang3.LangAssertions,True,True
src/test/java/org/apache/commons/lang3/ArrayUtilsRemoveTest.java,Extract And Move Method,19,1,1,d7279c1e6f7168544bcbf363afcdffaeee6655d6,98,541,Extract And Move Method public assertIndexOutOfBoundsException(executable Executable) : IndexOutOfBoundsException extracted from package testRemoveLongArray() : void in class org.apache.commons.lang3.ArrayUtilsRemoveTest & moved to class org.apache.commons.lang3.LangAssertions,True,True
src/test/java/org/apache/commons/lang3/ArrayUtilsRemoveTest.java,Extract And Move Method,19,1,1,d7279c1e6f7168544bcbf363afcdffaeee6655d6,98,542,Extract And Move Method public assertIndexOutOfBoundsException(executable Executable) : IndexOutOfBoundsException extracted from package testRemoveObjectArray() : void in class org.apache.commons.lang3.ArrayUtilsRemoveTest & moved to class org.apache.commons.lang3.LangAssertions,True,True
src/test/java/org/apache/commons/lang3/ArrayUtilsRemoveTest.java,Extract And Move Method,19,1,1,d7279c1e6f7168544bcbf363afcdffaeee6655d6,98,543,Extract And Move Method public assertIndexOutOfBoundsException(executable Executable) : IndexOutOfBoundsException extracted from package testRemoveObjectArray() : void in class org.apache.commons.lang3.ArrayUtilsRemoveTest & moved to class org.apache.commons.lang3.LangAssertions,True,True
src/test/java/org/apache/commons/lang3/ArrayUtilsRemoveTest.java,Extract And Move Method,19,1,1,d7279c1e6f7168544bcbf363afcdffaeee6655d6,98,544,Extract And Move Method public assertIndexOutOfBoundsException(executable Executable) : IndexOutOfBoundsException extracted from package testRemoveObjectArray() : void in class org.apache.commons.lang3.ArrayUtilsRemoveTest & moved to class org.apache.commons.lang3.LangAssertions,True,True
src/test/java/org/apache/commons/lang3/ArrayUtilsRemoveTest.java,Extract And Move Method,19,1,1,d7279c1e6f7168544bcbf363afcdffaeee6655d6,98,545,Extract And Move Method public assertIndexOutOfBoundsException(executable Executable) : IndexOutOfBoundsException extracted from package testRemoveShortArray() : void in class org.apache.commons.lang3.ArrayUtilsRemoveTest & moved to class org.apache.commons.lang3.LangAssertions,True,True
src/test/java/org/apache/commons/lang3/ArrayUtilsRemoveTest.java,Extract And Move Method,19,1,1,d7279c1e6f7168544bcbf363afcdffaeee6655d6,98,546,Extract And Move Method public assertIndexOutOfBoundsException(executable Executable) : IndexOutOfBoundsException extracted from package testRemoveShortArray() : void in class org.apache.commons.lang3.ArrayUtilsRemoveTest & moved to class org.apache.commons.lang3.LangAssertions,True,True
src/test/java/org/apache/commons/lang3/ArrayUtilsRemoveTest.java,Extract And Move Method,19,1,1,d7279c1e6f7168544bcbf363afcdffaeee6655d6,98,547,Extract And Move Method public assertIndexOutOfBoundsException(executable Executable) : IndexOutOfBoundsException extracted from package testRemoveShortArray() : void in class org.apache.commons.lang3.ArrayUtilsRemoveTest & moved to class org.apache.commons.lang3.LangAssertions,True,True
src/test/java/org/apache/commons/lang3/CharSequenceUtilsTest.java,Extract And Move Method,4,1,1,d7279c1e6f7168544bcbf363afcdffaeee6655d6,98,548,Extract And Move Method public assertIndexOutOfBoundsException(executable Executable) : IndexOutOfBoundsException extracted from package testSubSequenceNegativeStart() : void in class org.apache.commons.lang3.CharSequenceUtilsTest & moved to class org.apache.commons.lang3.LangAssertions,True,True
src/test/java/org/apache/commons/lang3/CharSequenceUtilsTest.java,Extract And Move Method,4,1,1,d7279c1e6f7168544bcbf363afcdffaeee6655d6,98,549,Extract And Move Method public assertIndexOutOfBoundsException(executable Executable) : IndexOutOfBoundsException extracted from package testSubSequenceTooLong() : void in class org.apache.commons.lang3.CharSequenceUtilsTest & moved to class org.apache.commons.lang3.LangAssertions,True,True
src/test/java/org/apache/commons/lang3/ConversionTest.java,Extract And Move Method,6,1,1,d7279c1e6f7168544bcbf363afcdffaeee6655d6,98,550,Extract And Move Method public assertIndexOutOfBoundsException(executable Executable) : IndexOutOfBoundsException extracted from public binaryBeMsb0ToHexDigitPosOutsideArray(index int) : void in class org.apache.commons.lang3.ConversionTest & moved to class org.apache.commons.lang3.LangAssertions,True,True
src/test/java/org/apache/commons/lang3/ValidateTest.java,Extract And Move Method,5,1,1,d7279c1e6f7168544bcbf363afcdffaeee6655d6,98,551,Extract And Move Method public assertIndexOutOfBoundsException(executable Executable) : IndexOutOfBoundsException extracted from package shouldThrowIndexOutOfBoundsExceptionWithDefaultMessageForIndexOutOfBounds() : void in class org.apache.commons.lang3.ValidateTest.ValidIndex.WithArray.WithoutMessage & moved to class org.apache.commons.lang3.LangAssertions,True,True
src/test/java/org/apache/commons/lang3/ValidateTest.java,Extract And Move Method,5,1,1,d7279c1e6f7168544bcbf363afcdffaeee6655d6,98,552,Extract And Move Method public assertIndexOutOfBoundsException(executable Executable) : IndexOutOfBoundsException extracted from package shouldThrowIndexOutOfBoundsExceptionWithDefaultMessageForNegativeIndex() : void in class org.apache.commons.lang3.ValidateTest.ValidIndex.WithArray.WithoutMessage & moved to class org.apache.commons.lang3.LangAssertions,True,True
src/test/java/org/apache/commons/lang3/ValidateTest.java,Extract And Move Method,5,1,1,d7279c1e6f7168544bcbf363afcdffaeee6655d6,98,553,Extract And Move Method public assertIndexOutOfBoundsException(executable Executable) : IndexOutOfBoundsException extracted from package shouldThrowIndexOutOfBoundsExceptionWithGivenMessageForIndexOutOfBounds() : void in class org.apache.commons.lang3.ValidateTest.ValidIndex.WithArray.WithMessage & moved to class org.apache.commons.lang3.LangAssertions,True,True
src/test/java/org/apache/commons/lang3/ValidateTest.java,Extract And Move Method,6,1,1,d7279c1e6f7168544bcbf363afcdffaeee6655d6,98,554,Extract And Move Method public assertIndexOutOfBoundsException(executable Executable) : IndexOutOfBoundsException extracted from package shouldThrowIndexOutOfBoundsExceptionWithGivenMessageForNegativeIndex() : void in class org.apache.commons.lang3.ValidateTest.ValidIndex.WithArray.WithMessage & moved to class org.apache.commons.lang3.LangAssertions,True,True
src/test/java/org/apache/commons/lang3/ValidateTest.java,Extract And Move Method,5,1,1,d7279c1e6f7168544bcbf363afcdffaeee6655d6,98,555,Extract And Move Method public assertIndexOutOfBoundsException(executable Executable) : IndexOutOfBoundsException extracted from package shouldThrowIndexOutOfBoundsExceptionWithDefaultMessageForIndexOutOfBounds() : void in class org.apache.commons.lang3.ValidateTest.ValidIndex.WithCharSequence.WithoutMessage & moved to class org.apache.commons.lang3.LangAssertions,True,True
src/test/java/org/apache/commons/lang3/ValidateTest.java,Extract And Move Method,5,1,1,d7279c1e6f7168544bcbf363afcdffaeee6655d6,98,556,Extract And Move Method public assertIndexOutOfBoundsException(executable Executable) : IndexOutOfBoundsException extracted from package shouldThrowIndexOutOfBoundsExceptionWithDefaultMessageForNegativeIndex() : void in class org.apache.commons.lang3.ValidateTest.ValidIndex.WithCharSequence.WithoutMessage & moved to class org.apache.commons.lang3.LangAssertions,True,True
src/test/java/org/apache/commons/lang3/ValidateTest.java,Extract And Move Method,5,1,1,d7279c1e6f7168544bcbf363afcdffaeee6655d6,98,557,Extract And Move Method public assertIndexOutOfBoundsException(executable Executable) : IndexOutOfBoundsException extracted from package shouldThrowIndexOutOfBoundsExceptionWithGivenMessageForIndexOutOfBounds() : void in class org.apache.commons.lang3.ValidateTest.ValidIndex.WithCharSequence.WithMessage & moved to class org.apache.commons.lang3.LangAssertions,True,True
src/test/java/org/apache/commons/lang3/ValidateTest.java,Extract And Move Method,5,1,1,d7279c1e6f7168544bcbf363afcdffaeee6655d6,98,558,Extract And Move Method public assertIndexOutOfBoundsException(executable Executable) : IndexOutOfBoundsException extracted from package shouldThrowIndexOutOfBoundsExceptionWithGivenMessageForNegativeIndex() : void in class org.apache.commons.lang3.ValidateTest.ValidIndex.WithCharSequence.WithMessage & moved to class org.apache.commons.lang3.LangAssertions,True,True
src/test/java/org/apache/commons/lang3/ValidateTest.java,Extract And Move Method,6,1,1,d7279c1e6f7168544bcbf363afcdffaeee6655d6,98,559,Extract And Move Method public assertIndexOutOfBoundsException(executable Executable) : IndexOutOfBoundsException extracted from package shouldThrowIndexOutOfBoundsExceptionWithDefaultMessageForIndexOutOfBounds() : void in class org.apache.commons.lang3.ValidateTest.ValidIndex.WithCollection.WithoutMessage & moved to class org.apache.commons.lang3.LangAssertions,True,True
src/test/java/org/apache/commons/lang3/ValidateTest.java,Extract And Move Method,6,1,1,d7279c1e6f7168544bcbf363afcdffaeee6655d6,98,560,Extract And Move Method public assertIndexOutOfBoundsException(executable Executable) : IndexOutOfBoundsException extracted from package shouldThrowIndexOutOfBoundsExceptionWithDefaultMessageForNegativeIndex() : void in class org.apache.commons.lang3.ValidateTest.ValidIndex.WithCollection.WithoutMessage & moved to class org.apache.commons.lang3.LangAssertions,True,True
src/test/java/org/apache/commons/lang3/ValidateTest.java,Extract And Move Method,5,1,1,d7279c1e6f7168544bcbf363afcdffaeee6655d6,98,561,Extract And Move Method public assertIndexOutOfBoundsException(executable Executable) : IndexOutOfBoundsException extracted from package shouldThrowIndexOutOfBoundsExceptionWithGivenMessageForIndexOutOfBounds() : void in class org.apache.commons.lang3.ValidateTest.ValidIndex.WithCollection.WithMessage & moved to class org.apache.commons.lang3.LangAssertions,True,True
src/test/java/org/apache/commons/lang3/ValidateTest.java,Extract And Move Method,6,1,1,d7279c1e6f7168544bcbf363afcdffaeee6655d6,98,562,Extract And Move Method public assertIndexOutOfBoundsException(executable Executable) : IndexOutOfBoundsException extracted from package shouldThrowIndexOutOfBoundsExceptionWithGivenMessageForNegativeIndex() : void in class org.apache.commons.lang3.ValidateTest.ValidIndex.WithCollection.WithMessage & moved to class org.apache.commons.lang3.LangAssertions,True,True
src/test/java/org/apache/commons/lang3/text/StrBuilderTest.java,Extract And Move Method,57,1,1,d7279c1e6f7168544bcbf363afcdffaeee6655d6,98,563,Extract And Move Method public assertIndexOutOfBoundsException(executable Executable) : IndexOutOfBoundsException extracted from package testAsReader() : void in class org.apache.commons.lang3.text.StrBuilderTest & moved to class org.apache.commons.lang3.LangAssertions,True,True
src/test/java/org/apache/commons/lang3/text/StrBuilderTest.java,Extract And Move Method,57,1,1,d7279c1e6f7168544bcbf363afcdffaeee6655d6,98,564,Extract And Move Method public assertIndexOutOfBoundsException(executable Executable) : IndexOutOfBoundsException extracted from package testAsReader() : void in class org.apache.commons.lang3.text.StrBuilderTest & moved to class org.apache.commons.lang3.LangAssertions,True,True
src/test/java/org/apache/commons/lang3/text/StrBuilderTest.java,Extract And Move Method,57,1,1,d7279c1e6f7168544bcbf363afcdffaeee6655d6,98,565,Extract And Move Method public assertIndexOutOfBoundsException(executable Executable) : IndexOutOfBoundsException extracted from package testAsReader() : void in class org.apache.commons.lang3.text.StrBuilderTest & moved to class org.apache.commons.lang3.LangAssertions,True,True
src/test/java/org/apache/commons/lang3/text/StrBuilderTest.java,Extract And Move Method,57,1,1,d7279c1e6f7168544bcbf363afcdffaeee6655d6,98,566,Extract And Move Method public assertIndexOutOfBoundsException(executable Executable) : IndexOutOfBoundsException extracted from package testAsReader() : void in class org.apache.commons.lang3.text.StrBuilderTest & moved to class org.apache.commons.lang3.LangAssertions,True,True
src/test/java/org/apache/commons/lang3/text/StrBuilderTest.java,Extract And Move Method,8,1,1,d7279c1e6f7168544bcbf363afcdffaeee6655d6,98,567,Extract And Move Method public assertIndexOutOfBoundsException(executable Executable) : IndexOutOfBoundsException extracted from package testDeleteCharAt() : void in class org.apache.commons.lang3.text.StrBuilderTest & moved to class org.apache.commons.lang3.LangAssertions,True,True
src/test/java/org/apache/commons/lang3/text/StrBuilderTest.java,Extract And Move Method,16,1,1,d7279c1e6f7168544bcbf363afcdffaeee6655d6,98,568,Extract And Move Method public assertIndexOutOfBoundsException(executable Executable) : IndexOutOfBoundsException extracted from package testDeleteIntInt() : void in class org.apache.commons.lang3.text.StrBuilderTest & moved to class org.apache.commons.lang3.LangAssertions,True,True
src/test/java/org/apache/commons/lang3/text/StrBuilderTest.java,Extract And Move Method,16,1,1,d7279c1e6f7168544bcbf363afcdffaeee6655d6,98,569,Extract And Move Method public assertIndexOutOfBoundsException(executable Executable) : IndexOutOfBoundsException extracted from package testDeleteIntInt() : void in class org.apache.commons.lang3.text.StrBuilderTest & moved to class org.apache.commons.lang3.LangAssertions,True,True
src/test/java/org/apache/commons/lang3/text/StrBuilderTest.java,Extract And Move Method,16,1,1,d7279c1e6f7168544bcbf363afcdffaeee6655d6,98,570,Extract And Move Method public assertIndexOutOfBoundsException(executable Executable) : IndexOutOfBoundsException extracted from package testDeleteIntInt() : void in class org.apache.commons.lang3.text.StrBuilderTest & moved to class org.apache.commons.lang3.LangAssertions,True,True
src/test/java/org/apache/commons/lang3/text/StrBuilderTest.java,Extract And Move Method,18,1,1,d7279c1e6f7168544bcbf363afcdffaeee6655d6,98,571,Extract And Move Method public assertIndexOutOfBoundsException(executable Executable) : IndexOutOfBoundsException extracted from package testGetCharsIntIntCharArrayInt() : void in class org.apache.commons.lang3.text.StrBuilderTest & moved to class org.apache.commons.lang3.LangAssertions,True,True
src/test/java/org/apache/commons/lang3/text/StrBuilderTest.java,Extract And Move Method,18,1,1,d7279c1e6f7168544bcbf363afcdffaeee6655d6,98,572,Extract And Move Method public assertIndexOutOfBoundsException(executable Executable) : IndexOutOfBoundsException extracted from package testGetCharsIntIntCharArrayInt() : void in class org.apache.commons.lang3.text.StrBuilderTest & moved to class org.apache.commons.lang3.LangAssertions,True,True
src/test/java/org/apache/commons/lang3/text/StrBuilderTest.java,Extract And Move Method,18,1,1,d7279c1e6f7168544bcbf363afcdffaeee6655d6,98,573,Extract And Move Method public assertIndexOutOfBoundsException(executable Executable) : IndexOutOfBoundsException extracted from package testGetCharsIntIntCharArrayInt() : void in class org.apache.commons.lang3.text.StrBuilderTest & moved to class org.apache.commons.lang3.LangAssertions,True,True
src/test/java/org/apache/commons/lang3/text/StrBuilderTest.java,Extract And Move Method,18,1,1,d7279c1e6f7168544bcbf363afcdffaeee6655d6,98,574,Extract And Move Method public assertIndexOutOfBoundsException(executable Executable) : IndexOutOfBoundsException extracted from package testGetCharsIntIntCharArrayInt() : void in class org.apache.commons.lang3.text.StrBuilderTest & moved to class org.apache.commons.lang3.LangAssertions,True,True
src/test/java/org/apache/commons/lang3/text/StrBuilderTest.java,Extract And Move Method,25,1,1,d7279c1e6f7168544bcbf363afcdffaeee6655d6,98,575,Extract And Move Method public assertIndexOutOfBoundsException(executable Executable) : IndexOutOfBoundsException extracted from package testReplace_int_int_String() : void in class org.apache.commons.lang3.text.StrBuilderTest & moved to class org.apache.commons.lang3.LangAssertions,True,True
src/test/java/org/apache/commons/lang3/text/StrBuilderTest.java,Extract And Move Method,25,1,1,d7279c1e6f7168544bcbf363afcdffaeee6655d6,98,576,Extract And Move Method public assertIndexOutOfBoundsException(executable Executable) : IndexOutOfBoundsException extracted from package testReplace_int_int_String() : void in class org.apache.commons.lang3.text.StrBuilderTest & moved to class org.apache.commons.lang3.LangAssertions,True,True
src/test/java/org/apache/commons/lang3/text/StrBuilderTest.java,Extract And Move Method,25,1,1,d7279c1e6f7168544bcbf363afcdffaeee6655d6,98,577,Extract And Move Method public assertIndexOutOfBoundsException(executable Executable) : IndexOutOfBoundsException extracted from package testReplace_int_int_String() : void in class org.apache.commons.lang3.text.StrBuilderTest & moved to class org.apache.commons.lang3.LangAssertions,True,True
src/test/java/org/apache/commons/lang3/text/StrBuilderTest.java,Extract And Move Method,52,1,1,d7279c1e6f7168544bcbf363afcdffaeee6655d6,98,578,Extract And Move Method public assertIndexOutOfBoundsException(executable Executable) : IndexOutOfBoundsException extracted from package testReplace_StrMatcher_String_int_int_int_VaryEndIndex() : void in class org.apache.commons.lang3.text.StrBuilderTest & moved to class org.apache.commons.lang3.LangAssertions,True,True
src/test/java/org/apache/commons/lang3/text/StrBuilderTest.java,Extract And Move Method,58,1,1,d7279c1e6f7168544bcbf363afcdffaeee6655d6,98,579,Extract And Move Method public assertIndexOutOfBoundsException(executable Executable) : IndexOutOfBoundsException extracted from package testReplace_StrMatcher_String_int_int_int_VaryStartIndex() : void in class org.apache.commons.lang3.text.StrBuilderTest & moved to class org.apache.commons.lang3.LangAssertions,True,True
src/test/java/org/apache/commons/lang3/text/StrBuilderTest.java,Extract And Move Method,58,1,1,d7279c1e6f7168544bcbf363afcdffaeee6655d6,98,580,Extract And Move Method public assertIndexOutOfBoundsException(executable Executable) : IndexOutOfBoundsException extracted from package testReplace_StrMatcher_String_int_int_int_VaryStartIndex() : void in class org.apache.commons.lang3.text.StrBuilderTest & moved to class org.apache.commons.lang3.LangAssertions,True,True
src/test/java/org/apache/commons/lang3/text/StrBuilderTest.java,Extract And Move Method,21,1,1,d7279c1e6f7168544bcbf363afcdffaeee6655d6,98,581,Extract And Move Method public assertIndexOutOfBoundsException(executable Executable) : IndexOutOfBoundsException extracted from package testSubSequenceIntInt() : void in class org.apache.commons.lang3.text.StrBuilderTest & moved to class org.apache.commons.lang3.LangAssertions,True,True
src/test/java/org/apache/commons/lang3/text/StrBuilderTest.java,Extract And Move Method,21,1,1,d7279c1e6f7168544bcbf363afcdffaeee6655d6,98,582,Extract And Move Method public assertIndexOutOfBoundsException(executable Executable) : IndexOutOfBoundsException extracted from package testSubSequenceIntInt() : void in class org.apache.commons.lang3.text.StrBuilderTest & moved to class org.apache.commons.lang3.LangAssertions,True,True
src/test/java/org/apache/commons/lang3/text/StrBuilderTest.java,Extract And Move Method,21,1,1,d7279c1e6f7168544bcbf363afcdffaeee6655d6,98,583,Extract And Move Method public assertIndexOutOfBoundsException(executable Executable) : IndexOutOfBoundsException extracted from package testSubSequenceIntInt() : void in class org.apache.commons.lang3.text.StrBuilderTest & moved to class org.apache.commons.lang3.LangAssertions,True,True
src/test/java/org/apache/commons/lang3/text/StrBuilderTest.java,Extract And Move Method,21,1,1,d7279c1e6f7168544bcbf363afcdffaeee6655d6,98,584,Extract And Move Method public assertIndexOutOfBoundsException(executable Executable) : IndexOutOfBoundsException extracted from package testSubSequenceIntInt() : void in class org.apache.commons.lang3.text.StrBuilderTest & moved to class org.apache.commons.lang3.LangAssertions,True,True
src/test/java/org/apache/commons/lang3/text/StrBuilderTest.java,Extract And Move Method,11,1,1,d7279c1e6f7168544bcbf363afcdffaeee6655d6,98,585,Extract And Move Method public assertIndexOutOfBoundsException(executable Executable) : IndexOutOfBoundsException extracted from package testSubstringInt() : void in class org.apache.commons.lang3.text.StrBuilderTest & moved to class org.apache.commons.lang3.LangAssertions,True,True
src/test/java/org/apache/commons/lang3/text/StrBuilderTest.java,Extract And Move Method,11,1,1,d7279c1e6f7168544bcbf363afcdffaeee6655d6,98,586,Extract And Move Method public assertIndexOutOfBoundsException(executable Executable) : IndexOutOfBoundsException extracted from package testSubstringInt() : void in class org.apache.commons.lang3.text.StrBuilderTest & moved to class org.apache.commons.lang3.LangAssertions,True,True
src/test/java/org/apache/commons/lang3/text/StrBuilderTest.java,Extract And Move Method,14,1,1,d7279c1e6f7168544bcbf363afcdffaeee6655d6,98,587,Extract And Move Method public assertIndexOutOfBoundsException(executable Executable) : IndexOutOfBoundsException extracted from package testSubstringIntInt() : void in class org.apache.commons.lang3.text.StrBuilderTest & moved to class org.apache.commons.lang3.LangAssertions,True,True
src/test/java/org/apache/commons/lang3/text/StrBuilderTest.java,Extract And Move Method,14,1,1,d7279c1e6f7168544bcbf363afcdffaeee6655d6,98,588,Extract And Move Method public assertIndexOutOfBoundsException(executable Executable) : IndexOutOfBoundsException extracted from package testSubstringIntInt() : void in class org.apache.commons.lang3.text.StrBuilderTest & moved to class org.apache.commons.lang3.LangAssertions,True,True
src/test/java/org/apache/commons/lang3/util/FluentBitSetTest.java,Extract And Move Method,48,1,1,d7279c1e6f7168544bcbf363afcdffaeee6655d6,98,589,Extract And Move Method public assertIndexOutOfBoundsException(executable Executable) : IndexOutOfBoundsException extracted from package test_clearI() : void in class org.apache.commons.lang3.util.FluentBitSetTest & moved to class org.apache.commons.lang3.LangAssertions,True,True
src/test/java/org/apache/commons/lang3/util/FluentBitSetTest.java,Extract And Move Method,48,1,1,d7279c1e6f7168544bcbf363afcdffaeee6655d6,98,590,Extract And Move Method public assertIndexOutOfBoundsException(executable Executable) : IndexOutOfBoundsException extracted from package test_clearIntArray() : void in class org.apache.commons.lang3.util.FluentBitSetTest & moved to class org.apache.commons.lang3.LangAssertions,True,True
src/test/java/org/apache/commons/lang3/text/StrBuilderAppendInsertTest.java,Extract And Move Method,47,1,1,d7279c1e6f7168544bcbf363afcdffaeee6655d6,98,591,"Extract And Move Method public assertIndexOutOfBoundsException(executable Executable, message String) : IndexOutOfBoundsException extracted from package testAppend_CharArray_int_int() : void in class org.apache.commons.lang3.text.StrBuilderAppendInsertTest & moved to class org.apache.commons.lang3.LangAssertions",True,True
src/test/java/org/apache/commons/lang3/text/StrBuilderAppendInsertTest.java,Extract And Move Method,47,1,1,d7279c1e6f7168544bcbf363afcdffaeee6655d6,98,592,"Extract And Move Method public assertIndexOutOfBoundsException(executable Executable, message String) : IndexOutOfBoundsException extracted from package testAppend_CharArray_int_int() : void in class org.apache.commons.lang3.text.StrBuilderAppendInsertTest & moved to class org.apache.commons.lang3.LangAssertions",True,True
src/test/java/org/apache/commons/lang3/text/StrBuilderAppendInsertTest.java,Extract And Move Method,47,1,1,d7279c1e6f7168544bcbf363afcdffaeee6655d6,98,593,"Extract And Move Method public assertIndexOutOfBoundsException(executable Executable, message String) : IndexOutOfBoundsException extracted from package testAppend_CharArray_int_int() : void in class org.apache.commons.lang3.text.StrBuilderAppendInsertTest & moved to class org.apache.commons.lang3.LangAssertions",True,True
src/test/java/org/apache/commons/lang3/text/StrBuilderAppendInsertTest.java,Extract And Move Method,47,1,1,d7279c1e6f7168544bcbf363afcdffaeee6655d6,98,594,"Extract And Move Method public assertIndexOutOfBoundsException(executable Executable, message String) : IndexOutOfBoundsException extracted from package testAppend_CharArray_int_int() : void in class org.apache.commons.lang3.text.StrBuilderAppendInsertTest & moved to class org.apache.commons.lang3.LangAssertions",True,True
src/test/java/org/apache/commons/lang3/text/StrBuilderAppendInsertTest.java,Extract And Move Method,47,1,1,d7279c1e6f7168544bcbf363afcdffaeee6655d6,98,595,"Extract And Move Method public assertIndexOutOfBoundsException(executable Executable, message String) : IndexOutOfBoundsException extracted from package testAppend_CharArray_int_int() : void in class org.apache.commons.lang3.text.StrBuilderAppendInsertTest & moved to class org.apache.commons.lang3.LangAssertions",True,True
src/test/java/org/apache/commons/lang3/text/StrBuilderAppendInsertTest.java,Extract And Move Method,47,1,1,d7279c1e6f7168544bcbf363afcdffaeee6655d6,98,596,"Extract And Move Method public assertIndexOutOfBoundsException(executable Executable, message String) : IndexOutOfBoundsException extracted from package testAppend_CharArray_int_int() : void in class org.apache.commons.lang3.text.StrBuilderAppendInsertTest & moved to class org.apache.commons.lang3.LangAssertions",True,True
src/test/java/org/apache/commons/lang3/text/StrBuilderAppendInsertTest.java,Extract And Move Method,47,1,1,d7279c1e6f7168544bcbf363afcdffaeee6655d6,98,597,"Extract And Move Method public assertIndexOutOfBoundsException(executable Executable, message String) : IndexOutOfBoundsException extracted from package testAppend_StrBuilder_int_int() : void in class org.apache.commons.lang3.text.StrBuilderAppendInsertTest & moved to class org.apache.commons.lang3.LangAssertions",True,True
src/test/java/org/apache/commons/lang3/text/StrBuilderAppendInsertTest.java,Extract And Move Method,47,1,1,d7279c1e6f7168544bcbf363afcdffaeee6655d6,98,598,"Extract And Move Method public assertIndexOutOfBoundsException(executable Executable, message String) : IndexOutOfBoundsException extracted from package testAppend_StrBuilder_int_int() : void in class org.apache.commons.lang3.text.StrBuilderAppendInsertTest & moved to class org.apache.commons.lang3.LangAssertions",True,True
src/test/java/org/apache/commons/lang3/text/StrBuilderAppendInsertTest.java,Extract And Move Method,47,1,1,d7279c1e6f7168544bcbf363afcdffaeee6655d6,98,599,"Extract And Move Method public assertIndexOutOfBoundsException(executable Executable, message String) : IndexOutOfBoundsException extracted from package testAppend_StrBuilder_int_int() : void in class org.apache.commons.lang3.text.StrBuilderAppendInsertTest & moved to class org.apache.commons.lang3.LangAssertions",True,True
src/test/java/org/apache/commons/lang3/text/StrBuilderAppendInsertTest.java,Extract And Move Method,47,1,1,d7279c1e6f7168544bcbf363afcdffaeee6655d6,98,600,"Extract And Move Method public assertIndexOutOfBoundsException(executable Executable, message String) : IndexOutOfBoundsException extracted from package testAppend_StrBuilder_int_int() : void in class org.apache.commons.lang3.text.StrBuilderAppendInsertTest & moved to class org.apache.commons.lang3.LangAssertions",True,True
src/test/java/org/apache/commons/lang3/text/StrBuilderAppendInsertTest.java,Extract And Move Method,47,1,1,d7279c1e6f7168544bcbf363afcdffaeee6655d6,98,601,"Extract And Move Method public assertIndexOutOfBoundsException(executable Executable, message String) : IndexOutOfBoundsException extracted from package testAppend_StrBuilder_int_int() : void in class org.apache.commons.lang3.text.StrBuilderAppendInsertTest & moved to class org.apache.commons.lang3.LangAssertions",True,True
src/test/java/org/apache/commons/lang3/text/StrBuilderAppendInsertTest.java,Extract And Move Method,47,1,1,d7279c1e6f7168544bcbf363afcdffaeee6655d6,98,602,"Extract And Move Method public assertIndexOutOfBoundsException(executable Executable, message String) : IndexOutOfBoundsException extracted from package testAppend_StrBuilder_int_int() : void in class org.apache.commons.lang3.text.StrBuilderAppendInsertTest & moved to class org.apache.commons.lang3.LangAssertions",True,True
src/test/java/org/apache/commons/lang3/text/StrBuilderAppendInsertTest.java,Extract And Move Method,50,1,1,d7279c1e6f7168544bcbf363afcdffaeee6655d6,98,603,"Extract And Move Method public assertIndexOutOfBoundsException(executable Executable, message String) : IndexOutOfBoundsException extracted from package testAppend_String_int_int() : void in class org.apache.commons.lang3.text.StrBuilderAppendInsertTest & moved to class org.apache.commons.lang3.LangAssertions",True,True
src/test/java/org/apache/commons/lang3/text/StrBuilderAppendInsertTest.java,Extract And Move Method,50,1,1,d7279c1e6f7168544bcbf363afcdffaeee6655d6,98,604,"Extract And Move Method public assertIndexOutOfBoundsException(executable Executable, message String) : IndexOutOfBoundsException extracted from package testAppend_String_int_int() : void in class org.apache.commons.lang3.text.StrBuilderAppendInsertTest & moved to class org.apache.commons.lang3.LangAssertions",True,True
src/test/java/org/apache/commons/lang3/text/StrBuilderAppendInsertTest.java,Extract And Move Method,50,1,1,d7279c1e6f7168544bcbf363afcdffaeee6655d6,98,605,"Extract And Move Method public assertIndexOutOfBoundsException(executable Executable, message String) : IndexOutOfBoundsException extracted from package testAppend_String_int_int() : void in class org.apache.commons.lang3.text.StrBuilderAppendInsertTest & moved to class org.apache.commons.lang3.LangAssertions",True,True
src/test/java/org/apache/commons/lang3/text/StrBuilderAppendInsertTest.java,Extract And Move Method,50,1,1,d7279c1e6f7168544bcbf363afcdffaeee6655d6,98,606,"Extract And Move Method public assertIndexOutOfBoundsException(executable Executable, message String) : IndexOutOfBoundsException extracted from package testAppend_String_int_int() : void in class org.apache.commons.lang3.text.StrBuilderAppendInsertTest & moved to class org.apache.commons.lang3.LangAssertions",True,True
src/test/java/org/apache/commons/lang3/text/StrBuilderAppendInsertTest.java,Extract And Move Method,50,1,1,d7279c1e6f7168544bcbf363afcdffaeee6655d6,98,607,"Extract And Move Method public assertIndexOutOfBoundsException(executable Executable, message String) : IndexOutOfBoundsException extracted from package testAppend_String_int_int() : void in class org.apache.commons.lang3.text.StrBuilderAppendInsertTest & moved to class org.apache.commons.lang3.LangAssertions",True,True
src/test/java/org/apache/commons/lang3/text/StrBuilderAppendInsertTest.java,Extract And Move Method,50,1,1,d7279c1e6f7168544bcbf363afcdffaeee6655d6,98,608,"Extract And Move Method public assertIndexOutOfBoundsException(executable Executable, message String) : IndexOutOfBoundsException extracted from package testAppend_String_int_int() : void in class org.apache.commons.lang3.text.StrBuilderAppendInsertTest & moved to class org.apache.commons.lang3.LangAssertions",True,True
src/test/java/org/apache/commons/lang3/text/StrBuilderAppendInsertTest.java,Extract And Move Method,47,1,1,d7279c1e6f7168544bcbf363afcdffaeee6655d6,98,609,"Extract And Move Method public assertIndexOutOfBoundsException(executable Executable, message String) : IndexOutOfBoundsException extracted from package testAppend_StringBuffer_int_int() : void in class org.apache.commons.lang3.text.StrBuilderAppendInsertTest & moved to class org.apache.commons.lang3.LangAssertions",True,True
src/test/java/org/apache/commons/lang3/text/StrBuilderAppendInsertTest.java,Extract And Move Method,47,1,1,d7279c1e6f7168544bcbf363afcdffaeee6655d6,98,610,"Extract And Move Method public assertIndexOutOfBoundsException(executable Executable, message String) : IndexOutOfBoundsException extracted from package testAppend_StringBuffer_int_int() : void in class org.apache.commons.lang3.text.StrBuilderAppendInsertTest & moved to class org.apache.commons.lang3.LangAssertions",True,True
src/test/java/org/apache/commons/lang3/text/StrBuilderAppendInsertTest.java,Extract And Move Method,47,1,1,d7279c1e6f7168544bcbf363afcdffaeee6655d6,98,611,"Extract And Move Method public assertIndexOutOfBoundsException(executable Executable, message String) : IndexOutOfBoundsException extracted from package testAppend_StringBuffer_int_int() : void in class org.apache.commons.lang3.text.StrBuilderAppendInsertTest & moved to class org.apache.commons.lang3.LangAssertions",True,True
src/test/java/org/apache/commons/lang3/text/StrBuilderAppendInsertTest.java,Extract And Move Method,47,1,1,d7279c1e6f7168544bcbf363afcdffaeee6655d6,98,612,"Extract And Move Method public assertIndexOutOfBoundsException(executable Executable, message String) : IndexOutOfBoundsException extracted from package testAppend_StringBuffer_int_int() : void in class org.apache.commons.lang3.text.StrBuilderAppendInsertTest & moved to class org.apache.commons.lang3.LangAssertions",True,True
src/test/java/org/apache/commons/lang3/text/StrBuilderAppendInsertTest.java,Extract And Move Method,47,1,1,d7279c1e6f7168544bcbf363afcdffaeee6655d6,98,613,"Extract And Move Method public assertIndexOutOfBoundsException(executable Executable, message String) : IndexOutOfBoundsException extracted from package testAppend_StringBuffer_int_int() : void in class org.apache.commons.lang3.text.StrBuilderAppendInsertTest & moved to class org.apache.commons.lang3.LangAssertions",True,True
src/test/java/org/apache/commons/lang3/text/StrBuilderAppendInsertTest.java,Extract And Move Method,47,1,1,d7279c1e6f7168544bcbf363afcdffaeee6655d6,98,614,"Extract And Move Method public assertIndexOutOfBoundsException(executable Executable, message String) : IndexOutOfBoundsException extracted from package testAppend_StringBuffer_int_int() : void in class org.apache.commons.lang3.text.StrBuilderAppendInsertTest & moved to class org.apache.commons.lang3.LangAssertions",True,True
src/test/java/org/apache/commons/lang3/text/StrBuilderAppendInsertTest.java,Extract And Move Method,50,1,1,d7279c1e6f7168544bcbf363afcdffaeee6655d6,98,615,"Extract And Move Method public assertIndexOutOfBoundsException(executable Executable, message String) : IndexOutOfBoundsException extracted from package testAppend_StringBuilder_int_int() : void in class org.apache.commons.lang3.text.StrBuilderAppendInsertTest & moved to class org.apache.commons.lang3.LangAssertions",True,True
src/test/java/org/apache/commons/lang3/text/StrBuilderAppendInsertTest.java,Extract And Move Method,50,1,1,d7279c1e6f7168544bcbf363afcdffaeee6655d6,98,616,"Extract And Move Method public assertIndexOutOfBoundsException(executable Executable, message String) : IndexOutOfBoundsException extracted from package testAppend_StringBuilder_int_int() : void in class org.apache.commons.lang3.text.StrBuilderAppendInsertTest & moved to class org.apache.commons.lang3.LangAssertions",True,True
src/test/java/org/apache/commons/lang3/text/StrBuilderAppendInsertTest.java,Extract And Move Method,50,1,1,d7279c1e6f7168544bcbf363afcdffaeee6655d6,98,617,"Extract And Move Method public assertIndexOutOfBoundsException(executable Executable, message String) : IndexOutOfBoundsException extracted from package testAppend_StringBuilder_int_int() : void in class org.apache.commons.lang3.text.StrBuilderAppendInsertTest & moved to class org.apache.commons.lang3.LangAssertions",True,True
src/test/java/org/apache/commons/lang3/text/StrBuilderAppendInsertTest.java,Extract And Move Method,50,1,1,d7279c1e6f7168544bcbf363afcdffaeee6655d6,98,618,"Extract And Move Method public assertIndexOutOfBoundsException(executable Executable, message String) : IndexOutOfBoundsException extracted from package testAppend_StringBuilder_int_int() : void in class org.apache.commons.lang3.text.StrBuilderAppendInsertTest & moved to class org.apache.commons.lang3.LangAssertions",True,True
src/test/java/org/apache/commons/lang3/text/StrBuilderAppendInsertTest.java,Extract And Move Method,50,1,1,d7279c1e6f7168544bcbf363afcdffaeee6655d6,98,619,"Extract And Move Method public assertIndexOutOfBoundsException(executable Executable, message String) : IndexOutOfBoundsException extracted from package testAppend_StringBuilder_int_int() : void in class org.apache.commons.lang3.text.StrBuilderAppendInsertTest & moved to class org.apache.commons.lang3.LangAssertions",True,True
src/test/java/org/apache/commons/lang3/text/StrBuilderAppendInsertTest.java,Extract And Move Method,50,1,1,d7279c1e6f7168544bcbf363afcdffaeee6655d6,98,620,"Extract And Move Method public assertIndexOutOfBoundsException(executable Executable, message String) : IndexOutOfBoundsException extracted from package testAppend_StringBuilder_int_int() : void in class org.apache.commons.lang3.text.StrBuilderAppendInsertTest & moved to class org.apache.commons.lang3.LangAssertions",True,True
src/test/java/org/apache/commons/lang3/text/StrBuilderAppendInsertTest.java,Extract And Move Method,217,1,1,d7279c1e6f7168544bcbf363afcdffaeee6655d6,98,621,"Extract And Move Method public assertIndexOutOfBoundsException(executable Executable, message String) : IndexOutOfBoundsException extracted from package testInsert() : void in class org.apache.commons.lang3.text.StrBuilderAppendInsertTest & moved to class org.apache.commons.lang3.LangAssertions",True,True
src/test/java/org/apache/commons/lang3/text/StrBuilderAppendInsertTest.java,Extract And Move Method,217,1,1,d7279c1e6f7168544bcbf363afcdffaeee6655d6,98,622,"Extract And Move Method public assertIndexOutOfBoundsException(executable Executable, message String) : IndexOutOfBoundsException extracted from package testInsert() : void in class org.apache.commons.lang3.text.StrBuilderAppendInsertTest & moved to class org.apache.commons.lang3.LangAssertions",True,True
src/test/java/org/apache/commons/lang3/text/StrBuilderAppendInsertTest.java,Extract And Move Method,217,1,1,d7279c1e6f7168544bcbf363afcdffaeee6655d6,98,623,"Extract And Move Method public assertIndexOutOfBoundsException(executable Executable, message String) : IndexOutOfBoundsException extracted from package testInsert() : void in class org.apache.commons.lang3.text.StrBuilderAppendInsertTest & moved to class org.apache.commons.lang3.LangAssertions",True,True
src/test/java/org/apache/commons/lang3/text/StrBuilderAppendInsertTest.java,Extract And Move Method,217,1,1,d7279c1e6f7168544bcbf363afcdffaeee6655d6,98,624,"Extract And Move Method public assertIndexOutOfBoundsException(executable Executable, message String) : IndexOutOfBoundsException extracted from package testInsert() : void in class org.apache.commons.lang3.text.StrBuilderAppendInsertTest & moved to class org.apache.commons.lang3.LangAssertions",True,True
src/test/java/org/apache/commons/lang3/text/StrBuilderAppendInsertTest.java,Extract And Move Method,217,1,1,d7279c1e6f7168544bcbf363afcdffaeee6655d6,98,625,"Extract And Move Method public assertIndexOutOfBoundsException(executable Executable, message String) : IndexOutOfBoundsException extracted from package testInsert() : void in class org.apache.commons.lang3.text.StrBuilderAppendInsertTest & moved to class org.apache.commons.lang3.LangAssertions",True,True
src/test/java/org/apache/commons/lang3/text/StrBuilderAppendInsertTest.java,Extract And Move Method,217,1,1,d7279c1e6f7168544bcbf363afcdffaeee6655d6,98,626,"Extract And Move Method public assertIndexOutOfBoundsException(executable Executable, message String) : IndexOutOfBoundsException extracted from package testInsert() : void in class org.apache.commons.lang3.text.StrBuilderAppendInsertTest & moved to class org.apache.commons.lang3.LangAssertions",True,True
src/test/java/org/apache/commons/lang3/text/StrBuilderAppendInsertTest.java,Extract And Move Method,217,1,1,d7279c1e6f7168544bcbf363afcdffaeee6655d6,98,627,"Extract And Move Method public assertIndexOutOfBoundsException(executable Executable, message String) : IndexOutOfBoundsException extracted from package testInsert() : void in class org.apache.commons.lang3.text.StrBuilderAppendInsertTest & moved to class org.apache.commons.lang3.LangAssertions",True,True
src/test/java/org/apache/commons/lang3/text/StrBuilderAppendInsertTest.java,Extract And Move Method,217,1,1,d7279c1e6f7168544bcbf363afcdffaeee6655d6,98,628,"Extract And Move Method public assertIndexOutOfBoundsException(executable Executable, message String) : IndexOutOfBoundsException extracted from package testInsert() : void in class org.apache.commons.lang3.text.StrBuilderAppendInsertTest & moved to class org.apache.commons.lang3.LangAssertions",True,True
src/test/java/org/apache/commons/lang3/text/StrBuilderAppendInsertTest.java,Extract And Move Method,217,1,1,d7279c1e6f7168544bcbf363afcdffaeee6655d6,98,629,"Extract And Move Method public assertIndexOutOfBoundsException(executable Executable, message String) : IndexOutOfBoundsException extracted from package testInsert() : void in class org.apache.commons.lang3.text.StrBuilderAppendInsertTest & moved to class org.apache.commons.lang3.LangAssertions",True,True
src/test/java/org/apache/commons/lang3/text/StrBuilderAppendInsertTest.java,Extract And Move Method,217,1,1,d7279c1e6f7168544bcbf363afcdffaeee6655d6,98,630,"Extract And Move Method public assertIndexOutOfBoundsException(executable Executable, message String) : IndexOutOfBoundsException extracted from package testInsert() : void in class org.apache.commons.lang3.text.StrBuilderAppendInsertTest & moved to class org.apache.commons.lang3.LangAssertions",True,True
src/test/java/org/apache/commons/lang3/text/StrBuilderAppendInsertTest.java,Extract And Move Method,217,1,1,d7279c1e6f7168544bcbf363afcdffaeee6655d6,98,631,"Extract And Move Method public assertIndexOutOfBoundsException(executable Executable, message String) : IndexOutOfBoundsException extracted from package testInsert() : void in class org.apache.commons.lang3.text.StrBuilderAppendInsertTest & moved to class org.apache.commons.lang3.LangAssertions",True,True
src/test/java/org/apache/commons/lang3/text/StrBuilderAppendInsertTest.java,Extract And Move Method,217,1,1,d7279c1e6f7168544bcbf363afcdffaeee6655d6,98,632,"Extract And Move Method public assertIndexOutOfBoundsException(executable Executable, message String) : IndexOutOfBoundsException extracted from package testInsert() : void in class org.apache.commons.lang3.text.StrBuilderAppendInsertTest & moved to class org.apache.commons.lang3.LangAssertions",True,True
src/test/java/org/apache/commons/lang3/text/StrBuilderAppendInsertTest.java,Extract And Move Method,217,1,1,d7279c1e6f7168544bcbf363afcdffaeee6655d6,98,633,"Extract And Move Method public assertIndexOutOfBoundsException(executable Executable, message String) : IndexOutOfBoundsException extracted from package testInsert() : void in class org.apache.commons.lang3.text.StrBuilderAppendInsertTest & moved to class org.apache.commons.lang3.LangAssertions",True,True
src/test/java/org/apache/commons/lang3/text/StrBuilderAppendInsertTest.java,Extract And Move Method,217,1,1,d7279c1e6f7168544bcbf363afcdffaeee6655d6,98,634,"Extract And Move Method public assertIndexOutOfBoundsException(executable Executable, message String) : IndexOutOfBoundsException extracted from package testInsert() : void in class org.apache.commons.lang3.text.StrBuilderAppendInsertTest & moved to class org.apache.commons.lang3.LangAssertions",True,True
src/test/java/org/apache/commons/lang3/text/StrBuilderAppendInsertTest.java,Extract And Move Method,217,1,1,d7279c1e6f7168544bcbf363afcdffaeee6655d6,98,635,"Extract And Move Method public assertIndexOutOfBoundsException(executable Executable, message String) : IndexOutOfBoundsException extracted from package testInsert() : void in class org.apache.commons.lang3.text.StrBuilderAppendInsertTest & moved to class org.apache.commons.lang3.LangAssertions",True,True
src/test/java/org/apache/commons/lang3/text/StrBuilderAppendInsertTest.java,Extract And Move Method,217,1,1,d7279c1e6f7168544bcbf363afcdffaeee6655d6,98,636,"Extract And Move Method public assertIndexOutOfBoundsException(executable Executable, message String) : IndexOutOfBoundsException extracted from package testInsert() : void in class org.apache.commons.lang3.text.StrBuilderAppendInsertTest & moved to class org.apache.commons.lang3.LangAssertions",True,True
src/test/java/org/apache/commons/lang3/text/StrBuilderAppendInsertTest.java,Extract And Move Method,217,1,1,d7279c1e6f7168544bcbf363afcdffaeee6655d6,98,637,"Extract And Move Method public assertIndexOutOfBoundsException(executable Executable, message String) : IndexOutOfBoundsException extracted from package testInsert() : void in class org.apache.commons.lang3.text.StrBuilderAppendInsertTest & moved to class org.apache.commons.lang3.LangAssertions",True,True
src/test/java/org/apache/commons/lang3/text/StrBuilderAppendInsertTest.java,Extract And Move Method,217,1,1,d7279c1e6f7168544bcbf363afcdffaeee6655d6,98,638,"Extract And Move Method public assertIndexOutOfBoundsException(executable Executable, message String) : IndexOutOfBoundsException extracted from package testInsert() : void in class org.apache.commons.lang3.text.StrBuilderAppendInsertTest & moved to class org.apache.commons.lang3.LangAssertions",True,True
src/test/java/org/apache/commons/lang3/text/StrBuilderAppendInsertTest.java,Extract And Move Method,217,1,1,d7279c1e6f7168544bcbf363afcdffaeee6655d6,98,639,"Extract And Move Method public assertIndexOutOfBoundsException(executable Executable, message String) : IndexOutOfBoundsException extracted from package testInsert() : void in class org.apache.commons.lang3.text.StrBuilderAppendInsertTest & moved to class org.apache.commons.lang3.LangAssertions",True,True
src/test/java/org/apache/commons/lang3/text/StrBuilderAppendInsertTest.java,Extract And Move Method,217,1,1,d7279c1e6f7168544bcbf363afcdffaeee6655d6,98,640,"Extract And Move Method public assertIndexOutOfBoundsException(executable Executable, message String) : IndexOutOfBoundsException extracted from package testInsert() : void in class org.apache.commons.lang3.text.StrBuilderAppendInsertTest & moved to class org.apache.commons.lang3.LangAssertions",True,True
src/test/java/org/apache/commons/lang3/text/StrBuilderAppendInsertTest.java,Extract And Move Method,217,1,1,d7279c1e6f7168544bcbf363afcdffaeee6655d6,98,641,"Extract And Move Method public assertIndexOutOfBoundsException(executable Executable, message String) : IndexOutOfBoundsException extracted from package testInsert() : void in class org.apache.commons.lang3.text.StrBuilderAppendInsertTest & moved to class org.apache.commons.lang3.LangAssertions",True,True
src/test/java/org/apache/commons/lang3/text/StrBuilderAppendInsertTest.java,Extract And Move Method,217,1,1,d7279c1e6f7168544bcbf363afcdffaeee6655d6,98,642,"Extract And Move Method public assertIndexOutOfBoundsException(executable Executable, message String) : IndexOutOfBoundsException extracted from package testInsert() : void in class org.apache.commons.lang3.text.StrBuilderAppendInsertTest & moved to class org.apache.commons.lang3.LangAssertions",True,True
src/test/java/org/apache/commons/lang3/text/StrBuilderAppendInsertTest.java,Extract And Move Method,217,1,1,d7279c1e6f7168544bcbf363afcdffaeee6655d6,98,643,"Extract And Move Method public assertIndexOutOfBoundsException(executable Executable, message String) : IndexOutOfBoundsException extracted from package testInsert() : void in class org.apache.commons.lang3.text.StrBuilderAppendInsertTest & moved to class org.apache.commons.lang3.LangAssertions",True,True
src/test/java/org/apache/commons/lang3/text/StrBuilderAppendInsertTest.java,Extract And Move Method,217,1,1,d7279c1e6f7168544bcbf363afcdffaeee6655d6,98,644,"Extract And Move Method public assertIndexOutOfBoundsException(executable Executable, message String) : IndexOutOfBoundsException extracted from package testInsert() : void in class org.apache.commons.lang3.text.StrBuilderAppendInsertTest & moved to class org.apache.commons.lang3.LangAssertions",True,True
src/test/java/org/apache/commons/lang3/text/StrBuilderAppendInsertTest.java,Extract And Move Method,49,1,1,d7279c1e6f7168544bcbf363afcdffaeee6655d6,98,645,"Extract And Move Method public assertIndexOutOfBoundsException(executable Executable, message String) : IndexOutOfBoundsException extracted from package testInsertWithNullText() : void in class org.apache.commons.lang3.text.StrBuilderAppendInsertTest & moved to class org.apache.commons.lang3.LangAssertions",True,True
src/test/java/org/apache/commons/lang3/text/StrBuilderAppendInsertTest.java,Extract And Move Method,49,1,1,d7279c1e6f7168544bcbf363afcdffaeee6655d6,98,646,"Extract And Move Method public assertIndexOutOfBoundsException(executable Executable, message String) : IndexOutOfBoundsException extracted from package testInsertWithNullText() : void in class org.apache.commons.lang3.text.StrBuilderAppendInsertTest & moved to class org.apache.commons.lang3.LangAssertions",True,True
src/test/java/org/apache/commons/lang3/text/StrBuilderAppendInsertTest.java,Extract And Move Method,49,1,1,d7279c1e6f7168544bcbf363afcdffaeee6655d6,98,647,"Extract And Move Method public assertIndexOutOfBoundsException(executable Executable, message String) : IndexOutOfBoundsException extracted from package testInsertWithNullText() : void in class org.apache.commons.lang3.text.StrBuilderAppendInsertTest & moved to class org.apache.commons.lang3.LangAssertions",True,True
src/test/java/org/apache/commons/lang3/text/StrBuilderAppendInsertTest.java,Extract And Move Method,49,1,1,d7279c1e6f7168544bcbf363afcdffaeee6655d6,98,648,"Extract And Move Method public assertIndexOutOfBoundsException(executable Executable, message String) : IndexOutOfBoundsException extracted from package testInsertWithNullText() : void in class org.apache.commons.lang3.text.StrBuilderAppendInsertTest & moved to class org.apache.commons.lang3.LangAssertions",True,True
src/test/java/org/apache/commons/lang3/text/StrBuilderTest.java,Extract And Move Method,81,1,1,d7279c1e6f7168544bcbf363afcdffaeee6655d6,98,649,"Extract And Move Method public assertIndexOutOfBoundsException(executable Executable, message String) : IndexOutOfBoundsException extracted from package testCapacityAndLength() : void in class org.apache.commons.lang3.text.StrBuilderTest & moved to class org.apache.commons.lang3.LangAssertions",True,True
src/test/java/org/apache/commons/lang3/text/StrBuilderTest.java,Extract And Move Method,16,1,1,d7279c1e6f7168544bcbf363afcdffaeee6655d6,98,650,"Extract And Move Method public assertIndexOutOfBoundsException(executable Executable, message String) : IndexOutOfBoundsException extracted from package testCharAt() : void in class org.apache.commons.lang3.text.StrBuilderTest & moved to class org.apache.commons.lang3.LangAssertions",True,True
src/test/java/org/apache/commons/lang3/text/StrBuilderTest.java,Extract And Move Method,16,1,1,d7279c1e6f7168544bcbf363afcdffaeee6655d6,98,651,"Extract And Move Method public assertIndexOutOfBoundsException(executable Executable, message String) : IndexOutOfBoundsException extracted from package testCharAt() : void in class org.apache.commons.lang3.text.StrBuilderTest & moved to class org.apache.commons.lang3.LangAssertions",True,True
src/test/java/org/apache/commons/lang3/text/StrBuilderTest.java,Extract And Move Method,16,1,1,d7279c1e6f7168544bcbf363afcdffaeee6655d6,98,652,"Extract And Move Method public assertIndexOutOfBoundsException(executable Executable, message String) : IndexOutOfBoundsException extracted from package testCharAt() : void in class org.apache.commons.lang3.text.StrBuilderTest & moved to class org.apache.commons.lang3.LangAssertions",True,True
src/test/java/org/apache/commons/lang3/text/StrBuilderTest.java,Extract And Move Method,16,1,1,d7279c1e6f7168544bcbf363afcdffaeee6655d6,98,653,"Extract And Move Method public assertIndexOutOfBoundsException(executable Executable, message String) : IndexOutOfBoundsException extracted from package testCharAt() : void in class org.apache.commons.lang3.text.StrBuilderTest & moved to class org.apache.commons.lang3.LangAssertions",True,True
src/test/java/org/apache/commons/lang3/text/StrBuilderTest.java,Extract And Move Method,21,1,1,d7279c1e6f7168544bcbf363afcdffaeee6655d6,98,654,"Extract And Move Method public assertIndexOutOfBoundsException(executable Executable, message String) : IndexOutOfBoundsException extracted from package testSetCharAt() : void in class org.apache.commons.lang3.text.StrBuilderTest & moved to class org.apache.commons.lang3.LangAssertions",True,True
src/test/java/org/apache/commons/lang3/text/StrBuilderTest.java,Extract And Move Method,21,1,1,d7279c1e6f7168544bcbf363afcdffaeee6655d6,98,655,"Extract And Move Method public assertIndexOutOfBoundsException(executable Executable, message String) : IndexOutOfBoundsException extracted from package testSetCharAt() : void in class org.apache.commons.lang3.text.StrBuilderTest & moved to class org.apache.commons.lang3.LangAssertions",True,True
src/test/java/org/apache/commons/lang3/text/StrBuilderTest.java,Extract And Move Method,21,1,1,d7279c1e6f7168544bcbf363afcdffaeee6655d6,98,656,"Extract And Move Method public assertIndexOutOfBoundsException(executable Executable, message String) : IndexOutOfBoundsException extracted from package testSetCharAt() : void in class org.apache.commons.lang3.text.StrBuilderTest & moved to class org.apache.commons.lang3.LangAssertions",True,True
src/test/java/org/apache/commons/lang3/text/StrBuilderTest.java,Extract And Move Method,16,1,1,d7279c1e6f7168544bcbf363afcdffaeee6655d6,98,657,"Extract And Move Method public assertIndexOutOfBoundsException(executable Executable, message String) : IndexOutOfBoundsException extracted from package testSetLength() : void in class org.apache.commons.lang3.text.StrBuilderTest & moved to class org.apache.commons.lang3.LangAssertions",True,True
src/test/java/org/apache/commons/lang3/text/StrBuilderTest.java,Extract And Move Method,27,1,1,d7279c1e6f7168544bcbf363afcdffaeee6655d6,98,658,"Extract And Move Method public assertIndexOutOfBoundsException(executable Executable, message String) : IndexOutOfBoundsException extracted from package testToCharArrayIntInt() : void in class org.apache.commons.lang3.text.StrBuilderTest & moved to class org.apache.commons.lang3.LangAssertions",True,True
src/test/java/org/apache/commons/lang3/text/StrBuilderTest.java,Extract And Move Method,27,1,1,d7279c1e6f7168544bcbf363afcdffaeee6655d6,98,659,"Extract And Move Method public assertIndexOutOfBoundsException(executable Executable, message String) : IndexOutOfBoundsException extracted from package testToCharArrayIntInt() : void in class org.apache.commons.lang3.text.StrBuilderTest & moved to class org.apache.commons.lang3.LangAssertions",True,True
src/test/java/org/apache/commons/lang3/util/FluentBitSetTest.java,Extract And Move Method,186,1,1,d7279c1e6f7168544bcbf363afcdffaeee6655d6,98,660,"Extract And Move Method public assertIndexOutOfBoundsException(executable Executable, message String) : IndexOutOfBoundsException extracted from package test_clearII() : void in class org.apache.commons.lang3.util.FluentBitSetTest & moved to class org.apache.commons.lang3.LangAssertions",True,True
src/test/java/org/apache/commons/lang3/util/FluentBitSetTest.java,Extract And Move Method,186,1,1,d7279c1e6f7168544bcbf363afcdffaeee6655d6,98,661,"Extract And Move Method public assertIndexOutOfBoundsException(executable Executable, message String) : IndexOutOfBoundsException extracted from package test_clearII() : void in class org.apache.commons.lang3.util.FluentBitSetTest & moved to class org.apache.commons.lang3.LangAssertions",True,True
src/test/java/org/apache/commons/lang3/util/FluentBitSetTest.java,Extract And Move Method,186,1,1,d7279c1e6f7168544bcbf363afcdffaeee6655d6,98,662,"Extract And Move Method public assertIndexOutOfBoundsException(executable Executable, message String) : IndexOutOfBoundsException extracted from package test_clearII() : void in class org.apache.commons.lang3.util.FluentBitSetTest & moved to class org.apache.commons.lang3.LangAssertions",True,True
src/test/java/org/apache/commons/lang3/util/FluentBitSetTest.java,Extract And Move Method,70,1,1,d7279c1e6f7168544bcbf363afcdffaeee6655d6,98,663,"Extract And Move Method public assertIndexOutOfBoundsException(executable Executable, message String) : IndexOutOfBoundsException extracted from package test_flipI() : void in class org.apache.commons.lang3.util.FluentBitSetTest & moved to class org.apache.commons.lang3.LangAssertions",True,True
src/test/java/org/apache/commons/lang3/util/FluentBitSetTest.java,Extract And Move Method,35,1,1,d7279c1e6f7168544bcbf363afcdffaeee6655d6,98,664,"Extract And Move Method public assertIndexOutOfBoundsException(executable Executable, message String) : IndexOutOfBoundsException extracted from package test_getI() : void in class org.apache.commons.lang3.util.FluentBitSetTest & moved to class org.apache.commons.lang3.LangAssertions",True,True
