file_path,refactoring_type,lines_changed,cyclomatic_complexity,nesting_depth,commit_sha,commit_idx,refactoring_idx,description,has_left_locations,has_right_locations
share-coordinator/src/test/java/org/apache/kafka/coordinator/share/ShareCoordinatorServiceTest.java,Inline Variable,5,1,2,42f74a1c3afd693a16c3980ee022e82872e4bfa2,0,0,Inline Variable sharePartitionKey : int in method public testPartitionFor() : void from class org.apache.kafka.coordinator.share.ShareCoordinatorServiceTest,True,True
share-coordinator/src/test/java/org/apache/kafka/coordinator/share/ShareCoordinatorShardTest.java,Change Variable Type,26,8,2,42f74a1c3afd693a16c3980ee022e82872e4bfa2,1,1,"Change Variable Type result : ReadShareGroupStateResponseData to result : CoordinatorResult<ReadShareGroupStateResponseData,CoordinatorRecord> in method public testReadStateSuccess() : void from class org.apache.kafka.coordinator.share.ShareCoordinatorShardTest",True,True
share-coordinator/src/test/java/org/apache/kafka/coordinator/share/ShareCoordinatorShardTest.java,Change Variable Type,4,1,2,42f74a1c3afd693a16c3980ee022e82872e4bfa2,2,2,"Change Variable Type result : ReadShareGroupStateResponseData to result : CoordinatorResult<ReadShareGroupStateResponseData,CoordinatorRecord> in method public testReadStateInvalidRequestData() : void from class org.apache.kafka.coordinator.share.ShareCoordinatorShardTest",True,True
share-coordinator/src/test/java/org/apache/kafka/coordinator/share/ShareCoordinatorShardTest.java,Change Variable Type,4,1,2,42f74a1c3afd693a16c3980ee022e82872e4bfa2,3,3,"Change Variable Type result : ReadShareGroupStateResponseData to result : CoordinatorResult<ReadShareGroupStateResponseData,CoordinatorRecord> in method public testReadNullMetadataImage() : void from class org.apache.kafka.coordinator.share.ShareCoordinatorShardTest",True,True
share-coordinator/src/test/java/org/apache/kafka/coordinator/share/ShareCoordinatorShardTest.java,Change Variable Type,4,1,2,42f74a1c3afd693a16c3980ee022e82872e4bfa2,4,4,"Change Variable Type result : ReadShareGroupStateResponseData to result : CoordinatorResult<ReadShareGroupStateResponseData,CoordinatorRecord> in method public testReadStateFencedLeaderEpochError() : void from class org.apache.kafka.coordinator.share.ShareCoordinatorShardTest",True,True
share-coordinator/src/main/java/org/apache/kafka/coordinator/share/ShareCoordinatorService.java,Move Code,442,10,5,42f74a1c3afd693a16c3980ee022e82872e4bfa2,5,5,"Move Code from public readState(context RequestContext, request ReadShareGroupStateRequestData) : CompletableFuture<ReadShareGroupStateResponseData> to public readState(context RequestContext, request ReadShareGroupStateRequestData) : CompletableFuture<ReadShareGroupStateResponseData> in class org.apache.kafka.coordinator.share.ShareCoordinatorService",True,True
share-coordinator/src/main/java/org/apache/kafka/coordinator/share/ShareCoordinatorService.java,Extract Variable,34,10,1,42f74a1c3afd693a16c3980ee022e82872e4bfa2,6,6,"Extract Variable topicId : Uuid in method public readState(context RequestContext, request ReadShareGroupStateRequestData) : CompletableFuture<ReadShareGroupStateResponseData> from class org.apache.kafka.coordinator.share.ShareCoordinatorService",True,True
share-coordinator/src/main/java/org/apache/kafka/coordinator/share/ShareCoordinatorService.java,Rename Variable,35,10,2,42f74a1c3afd693a16c3980ee022e82872e4bfa2,7,7,"Rename Variable topicData : null to k : null in method public readState(context RequestContext, request ReadShareGroupStateRequestData) : CompletableFuture<ReadShareGroupStateResponseData> from class org.apache.kafka.coordinator.share.ShareCoordinatorService",True,True
share-coordinator/src/test/java/org/apache/kafka/coordinator/share/ShareCoordinatorShardTest.java,Add Attribute Modifier,2,1,1,42f74a1c3afd693a16c3980ee022e82872e4bfa2,8,8,Add Attribute Modifier final in attribute private coordinatorMetrics : CoordinatorMetrics from class org.apache.kafka.coordinator.share.ShareCoordinatorShardTest.ShareCoordinatorShardBuilder,True,True
share-coordinator/src/test/java/org/apache/kafka/coordinator/share/ShareCoordinatorShardTest.java,Add Attribute Modifier,2,1,1,42f74a1c3afd693a16c3980ee022e82872e4bfa2,9,9,Add Attribute Modifier final in attribute private metricsShard : CoordinatorMetricsShard from class org.apache.kafka.coordinator.share.ShareCoordinatorShardTest.ShareCoordinatorShardBuilder,True,True
share-coordinator/src/main/java/org/apache/kafka/coordinator/share/ShareCoordinatorShard.java,Remove Parameter,79,10,1,42f74a1c3afd693a16c3980ee022e82872e4bfa2,10,10,"Remove Parameter offset : Long in method private maybeGetReadStateError(request ReadShareGroupStateRequestData, offset Long) : Optional<ReadShareGroupStateResponseData> from class org.apache.kafka.coordinator.share.ShareCoordinatorShard",True,True
core/src/main/java/kafka/log/remote/CustomMetadataSizeLimitExceededException.java,Move Class,4,1,1,4630628701a5f2b153aa9d87bbbae26a18743200,11,11,Move Class kafka.log.remote.CustomMetadataSizeLimitExceededException moved to org.apache.kafka.server.log.remote.storage.CustomMetadataSizeLimitExceededException,True,True
core/src/main/java/kafka/log/remote/CustomMetadataSizeLimitExceededException.java,Change Class Access Modifier,4,1,1,4630628701a5f2b153aa9d87bbbae26a18743200,12,12,Change Class Access Modifier package to public in class org.apache.kafka.server.log.remote.storage.CustomMetadataSizeLimitExceededException,True,True
connect/runtime/src/main/java/org/apache/kafka/connect/runtime/isolation/DelegatingClassLoader.java,Extract Method,84,10,5,af0054b50204c17be0cc84b8a3ef4575324bcb79,13,13,"Extract Method package pluginClassLoader(name String, range VersionRange) : PluginClassLoader extracted from package pluginClassLoader(name String) : PluginClassLoader in class org.apache.kafka.connect.runtime.isolation.DelegatingClassLoader",True,True
connect/runtime/src/main/java/org/apache/kafka/connect/runtime/isolation/DelegatingClassLoader.java,Extract Method,60,10,5,af0054b50204c17be0cc84b8a3ef4575324bcb79,14,14,"Extract Method package loader(classOrAlias String, range VersionRange) : ClassLoader extracted from package connectorLoader(connectorClassOrAlias String) : ClassLoader in class org.apache.kafka.connect.runtime.isolation.DelegatingClassLoader",True,True
connect/runtime/src/main/java/org/apache/kafka/connect/runtime/isolation/DelegatingClassLoader.java,Extract Method,43,10,5,af0054b50204c17be0cc84b8a3ef4575324bcb79,15,15,Extract Method package loader(classOrAlias String) : ClassLoader extracted from package connectorLoader(connectorClassOrAlias String) : ClassLoader in class org.apache.kafka.connect.runtime.isolation.DelegatingClassLoader,True,True
connect/runtime/src/main/java/org/apache/kafka/connect/runtime/isolation/DelegatingClassLoader.java,Extract Method,86,10,5,af0054b50204c17be0cc84b8a3ef4575324bcb79,16,16,"Extract Method protected loadVersionedPluginClass(name String, range VersionRange, resolve boolean) : Class<?> extracted from protected loadClass(name String, resolve boolean) : Class<?> in class org.apache.kafka.connect.runtime.isolation.DelegatingClassLoader",True,True
connect/runtime/src/main/java/org/apache/kafka/connect/runtime/isolation/DelegatingClassLoader.java,Rename Parameter,14,4,3,af0054b50204c17be0cc84b8a3ef4575324bcb79,17,17,"Rename Parameter connectorClassOrAlias : String to classOrAlias : String in method package loader(classOrAlias String, range VersionRange) : ClassLoader from class org.apache.kafka.connect.runtime.isolation.DelegatingClassLoader",True,True
connect/runtime/src/main/java/org/apache/kafka/connect/runtime/isolation/DelegatingClassLoader.java,Extract Variable,5,1,2,af0054b50204c17be0cc84b8a3ef4575324bcb79,18,18,"Extract Variable plugin : Class<?> in method protected loadVersionedPluginClass(name String, range VersionRange, resolve boolean) : Class<?> from class org.apache.kafka.connect.runtime.isolation.DelegatingClassLoader",True,True
connect/runtime/src/main/java/org/apache/kafka/connect/runtime/isolation/PluginDesc.java,Encapsulate Attribute,6,2,1,af0054b50204c17be0cc84b8a3ef4575324bcb79,19,19,Encapsulate Attribute private encodedVersion : DefaultArtifactVersion from class org.apache.kafka.connect.runtime.isolation.PluginDesc,True,True
connect/runtime/src/main/java/org/apache/kafka/connect/runtime/isolation/Plugins.java,Extract Method,68,10,5,af0054b50204c17be0cc84b8a3ef4575324bcb79,20,20,"Extract Method protected pluginClass(loader DelegatingClassLoader, classOrAlias String, pluginClass Class<U>, range VersionRange) : Class<? extends U> extracted from protected pluginClass(loader DelegatingClassLoader, classOrAlias String, pluginClass Class<U>) : Class<? extends U> in class org.apache.kafka.connect.runtime.isolation.Plugins",True,True
connect/runtime/src/main/java/org/apache/kafka/connect/runtime/isolation/Plugins.java,Extract Method,382,10,5,af0054b50204c17be0cc84b8a3ef4575324bcb79,21,21,"Extract Method public connectorClass(connectorClassOrAlias String, range VersionRange) : Class<? extends Connector> extracted from public connectorClass(connectorClassOrAlias String) : Class<? extends Connector> in class org.apache.kafka.connect.runtime.isolation.Plugins",True,True
connect/runtime/src/main/java/org/apache/kafka/connect/runtime/isolation/Plugins.java,Extract Method,307,10,5,af0054b50204c17be0cc84b8a3ef4575324bcb79,22,22,"Extract Method private newVersionedPlugin(config AbstractConfig, classPropertyName String, versionPropertyName String, basePluginClass Class, classLoaderUsage ClassLoaderUsage, availablePlugins SortedSet<PluginDesc<U>>) : U extracted from public newConverter(config AbstractConfig, classPropertyName String, classLoaderUsage ClassLoaderUsage) : Converter in class org.apache.kafka.connect.runtime.isolation.Plugins",True,True
connect/runtime/src/main/java/org/apache/kafka/connect/runtime/isolation/Plugins.java,Extract Method,129,10,5,af0054b50204c17be0cc84b8a3ef4575324bcb79,23,23,"Extract Method private newConverter(config AbstractConfig, classPropertyName String, versionPropertyName String, classLoaderUsage ClassLoaderUsage) : Converter extracted from public newConverter(config AbstractConfig, classPropertyName String, classLoaderUsage ClassLoaderUsage) : Converter in class org.apache.kafka.connect.runtime.isolation.Plugins",True,True
connect/runtime/src/main/java/org/apache/kafka/connect/runtime/isolation/Plugins.java,Extract Method,323,10,5,af0054b50204c17be0cc84b8a3ef4575324bcb79,24,24,"Extract Method private newVersionedPlugin(config AbstractConfig, classPropertyName String, versionPropertyName String, basePluginClass Class, classLoaderUsage ClassLoaderUsage, availablePlugins SortedSet<PluginDesc<U>>) : U extracted from public newHeaderConverter(config AbstractConfig, classPropertyName String, classLoaderUsage ClassLoaderUsage) : HeaderConverter in class org.apache.kafka.connect.runtime.isolation.Plugins",True,True
connect/runtime/src/main/java/org/apache/kafka/connect/runtime/isolation/Plugins.java,Extract Method,127,10,5,af0054b50204c17be0cc84b8a3ef4575324bcb79,25,25,"Extract Method private newHeaderConverter(config AbstractConfig, classPropertyName String, versionPropertyName String, classLoaderUsage ClassLoaderUsage) : HeaderConverter extracted from public newHeaderConverter(config AbstractConfig, classPropertyName String, classLoaderUsage ClassLoaderUsage) : HeaderConverter in class org.apache.kafka.connect.runtime.isolation.Plugins",True,True
connect/runtime/src/main/java/org/apache/kafka/connect/runtime/isolation/Plugins.java,Extract Method,285,10,5,af0054b50204c17be0cc84b8a3ef4575324bcb79,26,26,"Extract Method private newVersionedPlugin(config AbstractConfig, classPropertyName String, versionPropertyName String, basePluginClass Class, classLoaderUsage ClassLoaderUsage, availablePlugins SortedSet<PluginDesc<U>>) : U extracted from public newConfigProvider(config AbstractConfig, providerPrefix String, classLoaderUsage ClassLoaderUsage) : ConfigProvider in class org.apache.kafka.connect.runtime.isolation.Plugins",True,True
connect/runtime/src/main/java/org/apache/kafka/connect/runtime/isolation/Plugins.java,Change Variable Type,22,7,5,af0054b50204c17be0cc84b8a3ef4575324bcb79,27,27,"Change Variable Type klass : Class<? extends Converter> to klass : Class<? extends U> in method private newVersionedPlugin(config AbstractConfig, classPropertyName String, versionPropertyName String, basePluginClass Class, classLoaderUsage ClassLoaderUsage, availablePlugins SortedSet<PluginDesc<U>>) : U from class org.apache.kafka.connect.runtime.isolation.Plugins",True,True
connect/runtime/src/main/java/org/apache/kafka/connect/runtime/isolation/Plugins.java,Change Variable Type,4,1,2,af0054b50204c17be0cc84b8a3ef4575324bcb79,28,28,"Change Variable Type plugin : Converter to plugin : U in method private newVersionedPlugin(config AbstractConfig, classPropertyName String, versionPropertyName String, basePluginClass Class, classLoaderUsage ClassLoaderUsage, availablePlugins SortedSet<PluginDesc<U>>) : U from class org.apache.kafka.connect.runtime.isolation.Plugins",True,True
connect/runtime/src/main/java/org/apache/kafka/connect/runtime/isolation/Plugins.java,Rename Variable,14,4,3,af0054b50204c17be0cc84b8a3ef4575324bcb79,29,29,"Rename Variable converterClassOrAlias : String to classOrAlias : String in method private newVersionedPlugin(config AbstractConfig, classPropertyName String, versionPropertyName String, basePluginClass Class, classLoaderUsage ClassLoaderUsage, availablePlugins SortedSet<PluginDesc<U>>) : U from class org.apache.kafka.connect.runtime.isolation.Plugins",True,True
connect/runtime/src/main/java/org/apache/kafka/connect/runtime/isolation/Plugins.java,Rename Variable,19,6,3,af0054b50204c17be0cc84b8a3ef4575324bcb79,30,30,"Rename Variable converterClassOrAlias : String to classOrAlias : String in method private newVersionedPlugin(config AbstractConfig, classPropertyName String, versionPropertyName String, basePluginClass Class, classLoaderUsage ClassLoaderUsage, availablePlugins SortedSet<PluginDesc<U>>) : U from class org.apache.kafka.connect.runtime.isolation.Plugins",True,True
connect/runtime/src/main/java/org/apache/kafka/connect/runtime/isolation/Plugins.java,Change Variable Type,26,8,5,af0054b50204c17be0cc84b8a3ef4575324bcb79,31,31,"Change Variable Type klass : Class<? extends HeaderConverter> to klass : Class<? extends U> in method private newVersionedPlugin(config AbstractConfig, classPropertyName String, versionPropertyName String, basePluginClass Class, classLoaderUsage ClassLoaderUsage, availablePlugins SortedSet<PluginDesc<U>>) : U from class org.apache.kafka.connect.runtime.isolation.Plugins",True,True
connect/runtime/src/main/java/org/apache/kafka/connect/runtime/isolation/Plugins.java,Change Variable Type,4,1,2,af0054b50204c17be0cc84b8a3ef4575324bcb79,32,32,"Change Variable Type plugin : HeaderConverter to plugin : U in method private newVersionedPlugin(config AbstractConfig, classPropertyName String, versionPropertyName String, basePluginClass Class, classLoaderUsage ClassLoaderUsage, availablePlugins SortedSet<PluginDesc<U>>) : U from class org.apache.kafka.connect.runtime.isolation.Plugins",True,True
connect/runtime/src/main/java/org/apache/kafka/connect/runtime/isolation/Plugins.java,Change Variable Type,22,7,5,af0054b50204c17be0cc84b8a3ef4575324bcb79,33,33,"Change Variable Type klass : Class<? extends ConfigProvider> to klass : Class<? extends U> in method private newVersionedPlugin(config AbstractConfig, classPropertyName String, versionPropertyName String, basePluginClass Class, classLoaderUsage ClassLoaderUsage, availablePlugins SortedSet<PluginDesc<U>>) : U from class org.apache.kafka.connect.runtime.isolation.Plugins",True,True
connect/runtime/src/main/java/org/apache/kafka/connect/runtime/isolation/Plugins.java,Change Variable Type,4,1,2,af0054b50204c17be0cc84b8a3ef4575324bcb79,34,34,"Change Variable Type plugin : ConfigProvider to plugin : U in method private newVersionedPlugin(config AbstractConfig, classPropertyName String, versionPropertyName String, basePluginClass Class, classLoaderUsage ClassLoaderUsage, availablePlugins SortedSet<PluginDesc<U>>) : U from class org.apache.kafka.connect.runtime.isolation.Plugins",True,True
connect/runtime/src/main/java/org/apache/kafka/connect/runtime/isolation/Plugins.java,Rename Variable,16,5,4,af0054b50204c17be0cc84b8a3ef4575324bcb79,35,35,"Rename Variable configProviderClassOrAlias : String to classOrAlias : String in method private newVersionedPlugin(config AbstractConfig, classPropertyName String, versionPropertyName String, basePluginClass Class, classLoaderUsage ClassLoaderUsage, availablePlugins SortedSet<PluginDesc<U>>) : U from class org.apache.kafka.connect.runtime.isolation.Plugins",True,True
connect/runtime/src/test/java/org/apache/kafka/connect/runtime/isolation/SynchronizationTest.java,Add Parameter,13,4,1,af0054b50204c17be0cc84b8a3ef4575324bcb79,36,36,"Add Parameter range : VersionRange in method public pluginClassLoader(name String, range VersionRange) : PluginClassLoader from class org.apache.kafka.connect.runtime.isolation.SynchronizationTest.SynchronizedDelegatingClassLoader",True,True
core/src/main/java/kafka/server/share/SharePartition.java,Rename Method,18,6,1,ee4264439ddda7bdebcaa845752b824abba14161,37,37,Rename Method private completeInitializationWithException() : void renamed to private emptyToInitialState() : boolean in class kafka.server.share.SharePartition,True,True
core/src/main/java/kafka/server/share/SharePartition.java,Change Return Type,20,6,2,ee4264439ddda7bdebcaa845752b824abba14161,38,38,Change Return Type void to boolean in method private emptyToInitialState() : boolean from class kafka.server.share.SharePartition,True,True
streams/src/test/java/org/apache/kafka/streams/StreamsBuilderTest.java,Rename Method,17,5,1,d5c202943473f152a77c9c7096317d13f89ece0a,39,39,Rename Method public shouldUseSpecifiedNameForFlatTransformValueOperation() : void renamed to public shouldUseSpecifiedNameForProcessValuesOperation() : void in class org.apache.kafka.streams.StreamsBuilderTest,True,True
streams/src/test/java/org/apache/kafka/streams/StreamsBuilderTest.java,Remove Method Annotation,18,6,1,d5c202943473f152a77c9c7096317d13f89ece0a,40,40,"Remove Method Annotation @SuppressWarnings(""deprecation"") in method public shouldUseSpecifiedNameForFlatTransformValueOperation() : void from class org.apache.kafka.streams.StreamsBuilderTest",True,True
group-coordinator/src/main/java/org/apache/kafka/coordinator/group/modern/consumer/ConsumerGroup.java,Extract Variable,10,3,1,9ae1b0f01784d314d21100e7d021467626b20137,41,41,"Extract Variable assignment : ConsumerProtocolAssignment in method public fromClassicGroup(snapshotRegistry SnapshotRegistry, metrics GroupCoordinatorMetricsShard, classicGroup ClassicGroup, topicsImage TopicsImage) : ConsumerGroup from class org.apache.kafka.coordinator.group.modern.consumer.ConsumerGroup",True,True
group-coordinator/src/main/java/org/apache/kafka/coordinator/group/GroupMetadataManager.java,Change Return Type,51,10,2,9ae1b0f01784d314d21100e7d021467626b20137,42,42,Change Return Type boolean to void in method private validateOnlineUpgrade(classicGroup ClassicGroup) : void from class org.apache.kafka.coordinator.group.GroupMetadataManager,True,True
clients/src/test/java/org/apache/kafka/clients/consumer/internals/NetworkClientDelegateTest.java,Add Parameter,30,10,1,d76238a18fb6a86b4b08bc04918ea1a0ee626517,43,43,Add Parameter notifyMetadataErrorsViaErrorQueue : boolean in method public newNetworkClientDelegate(notifyMetadataErrorsViaErrorQueue boolean) : NetworkClientDelegate from class org.apache.kafka.clients.consumer.internals.NetworkClientDelegateTest,True,True
clients/src/test/java/org/apache/kafka/clients/consumer/internals/FetchRequestManagerTest.java,Add Parameter,18,6,1,d76238a18fb6a86b4b08bc04918ea1a0ee626517,44,44,"Add Parameter notifyMetadataErrorsViaErrorQueue : boolean in method public TestableNetworkClientDelegate(time Time, config ConsumerConfig, logContext LogContext, client KafkaClient, metadata Metadata, backgroundEventHandler BackgroundEventHandler, notifyMetadataErrorsViaErrorQueue boolean) from class org.apache.kafka.clients.consumer.internals.FetchRequestManagerTest.TestableNetworkClientDelegate",True,True
clients/src/main/java/org/apache/kafka/clients/consumer/internals/NetworkClientDelegate.java,Add Parameter,36,10,1,d76238a18fb6a86b4b08bc04918ea1a0ee626517,45,45,"Add Parameter notifyMetadataErrorsViaErrorQueue : boolean in method public NetworkClientDelegate(time Time, config ConsumerConfig, logContext LogContext, client KafkaClient, metadata Metadata, backgroundEventHandler BackgroundEventHandler, notifyMetadataErrorsViaErrorQueue boolean) from class org.apache.kafka.clients.consumer.internals.NetworkClientDelegate",True,True
clients/src/main/java/org/apache/kafka/clients/consumer/internals/NetworkClientDelegate.java,Add Parameter,62,10,1,d76238a18fb6a86b4b08bc04918ea1a0ee626517,46,46,"Add Parameter notifyMetadataErrorsViaErrorQueue : boolean in method public supplier(time Time, logContext LogContext, metadata ConsumerMetadata, config ConsumerConfig, apiVersions ApiVersions, metrics Metrics, throttleTimeSensor Sensor, clientTelemetrySender ClientTelemetrySender, backgroundEventHandler BackgroundEventHandler, notifyMetadataErrorsViaErrorQueue boolean) : Supplier<NetworkClientDelegate> from class org.apache.kafka.clients.consumer.internals.NetworkClientDelegate",True,True
clients/src/test/java/org/apache/kafka/clients/consumer/internals/ShareConsumeRequestManagerTest.java,Add Parameter,18,6,1,d76238a18fb6a86b4b08bc04918ea1a0ee626517,47,47,"Add Parameter notifyMetadataErrorsViaErrorQueue : boolean in method public TestableNetworkClientDelegate(time Time, config ConsumerConfig, logContext LogContext, client KafkaClient, metadata Metadata, backgroundEventHandler BackgroundEventHandler, notifyMetadataErrorsViaErrorQueue boolean) from class org.apache.kafka.clients.consumer.internals.ShareConsumeRequestManagerTest.TestableNetworkClientDelegate",True,True
core/src/main/java/kafka/server/TierStateMachine.java,Extract Method,204,10,3,54003fe00ddf8e701798e08f156b2bf341b585cc,48,48,"Extract Method private buildRemoteStorageException(topicPartition TopicPartition, targetEpoch int, currentLeaderEpoch int, leaderLocalLogStartOffset long, leaderLogStartOffset long) : RemoteStorageException extracted from private buildRemoteLogAuxState(topicPartition TopicPartition, currentLeaderEpoch Integer, leaderLocalLogStartOffset Long, epochForLeaderLocalLogStartOffset Integer, leaderLogStartOffset Long, unifiedLog UnifiedLog) : Long in class kafka.server.TierStateMachine",True,True
core/src/main/java/kafka/server/share/SharePartitionManager.java,Extract Method,260,10,5,54003fe00ddf8e701798e08f156b2bf341b585cc,49,49,"Extract Method private mapAcknowledgementFutures(futuresMap Map<TopicIdPartition,CompletableFuture<Throwable>>) : CompletableFuture<Map<TopicIdPartition,ShareAcknowledgeResponseData.PartitionData>> extracted from public acknowledge(memberId String, groupId String, acknowledgeTopics Map<TopicIdPartition,List<ShareAcknowledgementBatch>>) : CompletableFuture<Map<TopicIdPartition,ShareAcknowledgeResponseData.PartitionData>> in class kafka.server.share.SharePartitionManager",True,True
core/src/main/java/kafka/server/share/SharePartitionManager.java,Extract Method,286,10,5,54003fe00ddf8e701798e08f156b2bf341b585cc,50,50,"Extract Method private mapAcknowledgementFutures(futuresMap Map<TopicIdPartition,CompletableFuture<Throwable>>) : CompletableFuture<Map<TopicIdPartition,ShareAcknowledgeResponseData.PartitionData>> extracted from public releaseSession(groupId String, memberId String) : CompletableFuture<Map<TopicIdPartition,ShareAcknowledgeResponseData.PartitionData>> in class kafka.server.share.SharePartitionManager",True,True
core/src/main/java/kafka/server/share/SharePartitionManager.java,Parameterize Variable,54,10,4,54003fe00ddf8e701798e08f156b2bf341b585cc,51,51,"Parameterize Variable futures : Map<TopicIdPartition,CompletableFuture<Throwable>> to futuresMap : Map<TopicIdPartition,CompletableFuture<Throwable>> in method private mapAcknowledgementFutures(futuresMap Map<TopicIdPartition,CompletableFuture<Throwable>>) : CompletableFuture<Map<TopicIdPartition,ShareAcknowledgeResponseData.PartitionData>> from class kafka.server.share.SharePartitionManager",True,True
raft/src/test/java/org/apache/kafka/raft/KafkaRaftClientSnapshotTest.java,Extract Variable,9,3,1,3a9777a667620c5f926176452744c751df4dac17,52,52,Extract Variable exception : IllegalArgumentException in method public testCreateSnapshotAsLeaderWithInvalidSnapshotId(withKip853Rpc boolean) : void from class org.apache.kafka.raft.KafkaRaftClientSnapshotTest,True,True
raft/src/test/java/org/apache/kafka/raft/KafkaRaftClientSnapshotTest.java,Assert Throws,144,10,3,3a9777a667620c5f926176452744c751df4dac17,53,53,"Assert Throws assertThrows(IllegalArgumentException.class,() -> context.client.createSnapshot(invalidSnapshotId2,0)) in method public testCreateSnapshotAsLeaderWithInvalidSnapshotId(withKip853Rpc boolean) : void from class org.apache.kafka.raft.KafkaRaftClientSnapshotTest",True,True
raft/src/test/java/org/apache/kafka/raft/KafkaRaftClientSnapshotTest.java,Assert Throws,144,10,3,3a9777a667620c5f926176452744c751df4dac17,54,54,"Assert Throws assertThrows(IllegalArgumentException.class,() -> context.client.createSnapshot(invalidSnapshotId3,0)) in method public testCreateSnapshotAsLeaderWithInvalidSnapshotId(withKip853Rpc boolean) : void from class org.apache.kafka.raft.KafkaRaftClientSnapshotTest",True,True
raft/src/test/java/org/apache/kafka/raft/KafkaRaftClientSnapshotTest.java,Assert Throws,144,10,3,3a9777a667620c5f926176452744c751df4dac17,55,55,"Assert Throws assertThrows(IllegalArgumentException.class,() -> context.client.createSnapshot(invalidSnapshotId4,0)) in method public testCreateSnapshotAsLeaderWithInvalidSnapshotId(withKip853Rpc boolean) : void from class org.apache.kafka.raft.KafkaRaftClientSnapshotTest",True,True
raft/src/test/java/org/apache/kafka/raft/KafkaRaftClientSnapshotTest.java,Assert Throws,144,10,3,3a9777a667620c5f926176452744c751df4dac17,56,56,"Assert Throws assertThrows(IllegalArgumentException.class,() -> context.client.createSnapshot(invalidSnapshotId5,0)) in method public testCreateSnapshotAsLeaderWithInvalidSnapshotId(withKip853Rpc boolean) : void from class org.apache.kafka.raft.KafkaRaftClientSnapshotTest",True,True
raft/src/test/java/org/apache/kafka/raft/KafkaRaftClientSnapshotTest.java,Extract Variable,3,1,1,3a9777a667620c5f926176452744c751df4dac17,57,57,Extract Variable batch2Epoch : int in method public testCreateSnapshotAsFollowerWithInvalidSnapshotId(withKip853Rpc boolean) : void from class org.apache.kafka.raft.KafkaRaftClientSnapshotTest,True,True
raft/src/test/java/org/apache/kafka/raft/KafkaRaftClientSnapshotTest.java,Extract Variable,9,3,1,3a9777a667620c5f926176452744c751df4dac17,58,58,Extract Variable exception : IllegalArgumentException in method public testCreateSnapshotAsFollowerWithInvalidSnapshotId(withKip853Rpc boolean) : void from class org.apache.kafka.raft.KafkaRaftClientSnapshotTest,True,True
raft/src/test/java/org/apache/kafka/raft/KafkaRaftClientSnapshotTest.java,Assert Throws,188,10,3,3a9777a667620c5f926176452744c751df4dac17,59,59,"Assert Throws assertThrows(IllegalArgumentException.class,() -> context.client.createSnapshot(invalidSnapshotId2,0)) in method public testCreateSnapshotAsFollowerWithInvalidSnapshotId(withKip853Rpc boolean) : void from class org.apache.kafka.raft.KafkaRaftClientSnapshotTest",True,True
raft/src/test/java/org/apache/kafka/raft/KafkaRaftClientSnapshotTest.java,Assert Throws,188,10,3,3a9777a667620c5f926176452744c751df4dac17,60,60,"Assert Throws assertThrows(IllegalArgumentException.class,() -> context.client.createSnapshot(invalidSnapshotId3,0)) in method public testCreateSnapshotAsFollowerWithInvalidSnapshotId(withKip853Rpc boolean) : void from class org.apache.kafka.raft.KafkaRaftClientSnapshotTest",True,True
raft/src/test/java/org/apache/kafka/raft/KafkaRaftClientSnapshotTest.java,Assert Throws,188,10,3,3a9777a667620c5f926176452744c751df4dac17,61,61,"Assert Throws assertThrows(IllegalArgumentException.class,() -> context.client.createSnapshot(invalidSnapshotId4,0)) in method public testCreateSnapshotAsFollowerWithInvalidSnapshotId(withKip853Rpc boolean) : void from class org.apache.kafka.raft.KafkaRaftClientSnapshotTest",True,True
raft/src/test/java/org/apache/kafka/raft/KafkaRaftClientSnapshotTest.java,Assert Throws,188,10,3,3a9777a667620c5f926176452744c751df4dac17,62,62,"Assert Throws assertThrows(IllegalArgumentException.class,() -> context.client.createSnapshot(invalidSnapshotId5,0)) in method public testCreateSnapshotAsFollowerWithInvalidSnapshotId(withKip853Rpc boolean) : void from class org.apache.kafka.raft.KafkaRaftClientSnapshotTest",True,True
clients/src/test/java/org/apache/kafka/clients/consumer/internals/ShareConsumeRequestManagerTest.java,Add Thrown Exception Type,91,10,1,77ac31b36ade61ed7413d6dcbb472381d02316e9,63,63,Add Thrown Exception Type InterruptedException in method public testServerDisconnectedOnShareAcknowledge() : void from class org.apache.kafka.clients.consumer.internals.ShareConsumeRequestManagerTest,True,True
clients/src/main/java/org/apache/kafka/clients/consumer/internals/ShareConsumeRequestManager.java,Replace Attribute With Variable,15,5,2,77ac31b36ade61ed7413d6dcbb472381d02316e9,64,64,"Replace Attribute With Variable inFlightAcknowledgements : Map<TopicIdPartition,Acknowledgements> to acknowledgementsMapToClear : Map<TopicIdPartition,Acknowledgements> in method package handleSessionErrorCode(errorCode Errors) : void from class org.apache.kafka.clients.consumer.internals.ShareConsumeRequestManager.AcknowledgeRequestState",True,True
clients/src/main/java/org/apache/kafka/clients/admin/ConsumerGroupDescription.java,Add Parameter,39,10,1,c8380ae77950bbd2161cf14cbdeb007562655f2f,65,65,"Add Parameter groupEpoch : Optional<Integer> in method public ConsumerGroupDescription(groupId String, isSimpleConsumerGroup boolean, members Collection<MemberDescription>, partitionAssignor String, type GroupType, groupState GroupState, coordinator Node, authorizedOperations Set<AclOperation>, groupEpoch Optional<Integer>, targetAssignmentEpoch Optional<Integer>) from class org.apache.kafka.clients.admin.ConsumerGroupDescription",True,True
clients/src/main/java/org/apache/kafka/clients/admin/ConsumerGroupDescription.java,Add Parameter,39,10,1,c8380ae77950bbd2161cf14cbdeb007562655f2f,66,66,"Add Parameter targetAssignmentEpoch : Optional<Integer> in method public ConsumerGroupDescription(groupId String, isSimpleConsumerGroup boolean, members Collection<MemberDescription>, partitionAssignor String, type GroupType, groupState GroupState, coordinator Node, authorizedOperations Set<AclOperation>, groupEpoch Optional<Integer>, targetAssignmentEpoch Optional<Integer>) from class org.apache.kafka.clients.admin.ConsumerGroupDescription",True,True
clients/src/main/java/org/apache/kafka/clients/admin/MemberDescription.java,Extract Method,84,10,5,c8380ae77950bbd2161cf14cbdeb007562655f2f,67,67,"Extract Method public MemberDescription(memberId String, groupInstanceId Optional<String>, clientId String, host String, assignment MemberAssignment, targetAssignment Optional<MemberAssignment>, memberEpoch Optional<Integer>, upgraded Optional<Boolean>) extracted from public MemberDescription(memberId String, groupInstanceId Optional<String>, clientId String, host String, assignment MemberAssignment, targetAssignment Optional<MemberAssignment>) in class org.apache.kafka.clients.admin.MemberDescription",True,True
clients/src/main/java/org/apache/kafka/clients/admin/MemberDescription.java,Add Method Annotation,39,10,1,c8380ae77950bbd2161cf14cbdeb007562655f2f,68,68,"Add Method Annotation @Deprecated in method public MemberDescription(memberId String, groupInstanceId Optional<String>, clientId String, host String, assignment MemberAssignment, targetAssignment Optional<MemberAssignment>) from class org.apache.kafka.clients.admin.MemberDescription",True,True
clients/src/main/java/org/apache/kafka/clients/admin/MemberDescription.java,Add Method Annotation,37,10,1,c8380ae77950bbd2161cf14cbdeb007562655f2f,69,69,"Add Method Annotation @Deprecated in method public MemberDescription(memberId String, groupInstanceId Optional<String>, clientId String, host String, assignment MemberAssignment) from class org.apache.kafka.clients.admin.MemberDescription",True,True
clients/src/main/java/org/apache/kafka/clients/admin/MemberDescription.java,Add Method Annotation,17,5,1,c8380ae77950bbd2161cf14cbdeb007562655f2f,70,70,"Add Method Annotation @Deprecated in method public MemberDescription(memberId String, clientId String, host String, assignment MemberAssignment) from class org.apache.kafka.clients.admin.MemberDescription",True,True
connect/runtime/src/main/java/org/apache/kafka/connect/cli/ConnectStandalone.java,Replace Generic With Diamond,113,10,2,45835a0e459b3d1a7203d73c94e7b393bdc89dca,71,71,"Replace Generic With Diamond TypeReference<Map<String,String>> with TypeReference<> in method package parseConnectorConfigurationFile(filePath String) : CreateConnectorRequest from class org.apache.kafka.connect.cli.ConnectStandalone",True,True
connect/runtime/src/main/java/org/apache/kafka/connect/cli/ConnectStandalone.java,Replace Generic With Diamond,113,10,2,45835a0e459b3d1a7203d73c94e7b393bdc89dca,72,72,Replace Generic With Diamond TypeReference<CreateConnectorRequest> with TypeReference<> in method package parseConnectorConfigurationFile(filePath String) : CreateConnectorRequest from class org.apache.kafka.connect.cli.ConnectStandalone,True,True
connect/runtime/src/main/java/org/apache/kafka/connect/runtime/WorkerSinkTask.java,Remove Parameter,7,2,1,45835a0e459b3d1a7203d73c94e7b393bdc89dca,73,73,"Remove Parameter closing : boolean in method private commitOffsets(now long, closing boolean) : void from class org.apache.kafka.connect.runtime.WorkerSinkTask",True,True
connect/runtime/src/main/java/org/apache/kafka/connect/runtime/WorkerTask.java,Remove Parameter,18,6,1,45835a0e459b3d1a7203d73c94e7b393bdc89dca,74,74,"Remove Parameter error : Throwable in method protected recordCommitFailure(duration long, error Throwable) : void from class org.apache.kafka.connect.runtime.WorkerTask",True,True
connect/runtime/src/main/java/org/apache/kafka/connect/runtime/WorkerTask.java,Remove Parameter,17,5,1,45835a0e459b3d1a7203d73c94e7b393bdc89dca,75,75,"Remove Parameter error : Throwable in method package recordCommit(duration long, success boolean, error Throwable) : void from class org.apache.kafka.connect.runtime.WorkerTask.TaskMetricsGroup",True,True
connect/runtime/src/main/java/org/apache/kafka/connect/util/Callback.java,Replace Generic With Diamond,48,10,2,45835a0e459b3d1a7203d73c94e7b393bdc89dca,76,76,Replace Generic With Diamond Callback<V2> with Callback<> in method public chainStaging(chained Callback<V2>) : Callback<V2> from class org.apache.kafka.connect.util.Callback,True,True
connect/runtime/src/main/java/org/apache/kafka/connect/util/KafkaBasedLog.java,Replace Generic With Diamond,180,10,2,45835a0e459b3d1a7203d73c94e7b393bdc89dca,77,77,"Replace Generic With Diamond KafkaBasedLog<K,V> with KafkaBasedLog<> in method public withExistingClients(topic String, consumer Consumer<K,V>, producer Producer<K,V>, topicAdmin TopicAdmin, consumedCallback Callback<ConsumerRecord<K,V>>, time Time, initializer java.util.function.Consumer<TopicAdmin>, readTopicPartition Predicate<TopicPartition>) : KafkaBasedLog<K,V> from class org.apache.kafka.connect.util.KafkaBasedLog",True,True
connect/runtime/src/main/java/org/apache/kafka/connect/util/KafkaBasedLog.java,Remove Parameter,31,10,1,45835a0e459b3d1a7203d73c94e7b393bdc89dca,78,78,Remove Parameter timeoutMs : long in method private poll(timeoutMs long) : void from class org.apache.kafka.connect.util.KafkaBasedLog,True,True
connect/runtime/src/test/java/org/apache/kafka/connect/runtime/WorkerTest.java,Remove Thrown Exception Type,79,10,1,45835a0e459b3d1a7203d73c94e7b393bdc89dca,79,79,Remove Thrown Exception Type Exception in method public testAlterOffsetsSourceConnectorError(enableTopicCreation boolean) : void from class org.apache.kafka.connect.runtime.WorkerTest,True,True
connect/runtime/src/test/java/org/apache/kafka/connect/runtime/WorkerTest.java,Remove Thrown Exception Type,47,10,1,45835a0e459b3d1a7203d73c94e7b393bdc89dca,80,80,Remove Thrown Exception Type Exception in method public testNormalizeSourceConnectorOffsets(enableTopicCreation boolean) : void from class org.apache.kafka.connect.runtime.WorkerTest,True,True
connect/runtime/src/test/java/org/apache/kafka/connect/runtime/WorkerTest.java,Remove Thrown Exception Type,81,10,1,45835a0e459b3d1a7203d73c94e7b393bdc89dca,81,81,Remove Thrown Exception Type Exception in method public testAlterOffsetsSinkConnectorAlterOffsetsError(enableTopicCreation boolean) : void from class org.apache.kafka.connect.runtime.WorkerTest,True,True
connect/runtime/src/test/java/org/apache/kafka/connect/runtime/WorkerTest.java,Remove Thrown Exception Type,101,10,1,45835a0e459b3d1a7203d73c94e7b393bdc89dca,82,82,Remove Thrown Exception Type Exception in method public testAlterOffsetsSinkConnectorDeleteOffsetsError(enableTopicCreation boolean) : void from class org.apache.kafka.connect.runtime.WorkerTest,True,True
connect/runtime/src/test/java/org/apache/kafka/connect/runtime/WorkerTest.java,Remove Thrown Exception Type,73,10,1,45835a0e459b3d1a7203d73c94e7b393bdc89dca,83,83,Remove Thrown Exception Type Exception in method public testAlterOffsetsSinkConnectorSynchronousError(enableTopicCreation boolean) : void from class org.apache.kafka.connect.runtime.WorkerTest,True,True
connect/runtime/src/test/java/org/apache/kafka/connect/runtime/WorkerTest.java,Remove Thrown Exception Type,71,10,1,45835a0e459b3d1a7203d73c94e7b393bdc89dca,84,84,Remove Thrown Exception Type Exception in method public testResetOffsetsSinkConnectorDeleteConsumerGroupError(enableTopicCreation boolean) : void from class org.apache.kafka.connect.runtime.WorkerTest,True,True
connect/runtime/src/test/java/org/apache/kafka/connect/runtime/WorkerTest.java,Remove Thrown Exception Type,73,10,1,45835a0e459b3d1a7203d73c94e7b393bdc89dca,85,85,Remove Thrown Exception Type Exception in method public testModifySourceConnectorOffsetsTimeout(enableTopicCreation boolean) : void from class org.apache.kafka.connect.runtime.WorkerTest,True,True
connect/runtime/src/test/java/org/apache/kafka/connect/runtime/WorkerTest.java,Remove Thrown Exception Type,63,10,1,45835a0e459b3d1a7203d73c94e7b393bdc89dca,86,86,Remove Thrown Exception Type Exception in method public testModifyOffsetsSinkConnectorTimeout(enableTopicCreation boolean) : void from class org.apache.kafka.connect.runtime.WorkerTest,True,True
group-coordinator/src/main/java/org/apache/kafka/coordinator/group/GroupMetadataManager.java,Inline Variable,50,10,5,57737a357fad495964c1aefc593b67d107098d38,87,87,"Inline Variable memberId : String in method private classicGroupLeaveToConsumerGroup(group ConsumerGroup, request LeaveGroupRequestData) : CoordinatorResult<LeaveGroupResponseData,CoordinatorRecord> from class org.apache.kafka.coordinator.group.GroupMetadataManager",True,True
group-coordinator/src/main/java/org/apache/kafka/coordinator/group/GroupMetadataManager.java,Inline Variable,76,10,5,57737a357fad495964c1aefc593b67d107098d38,88,88,"Inline Variable instanceId : String in method private classicGroupLeaveToConsumerGroup(group ConsumerGroup, request LeaveGroupRequestData) : CoordinatorResult<LeaveGroupResponseData,CoordinatorRecord> from class org.apache.kafka.coordinator.group.GroupMetadataManager",True,True
group-coordinator/src/main/java/org/apache/kafka/coordinator/group/GroupMetadataManager.java,Remove Parameter,225,10,1,57737a357fad495964c1aefc593b67d107098d38,89,89,"Remove Parameter context : RequestContext in method private classicGroupLeaveToClassicGroup(group ClassicGroup, context RequestContext, request LeaveGroupRequestData) : CoordinatorResult<LeaveGroupResponseData,CoordinatorRecord> from class org.apache.kafka.coordinator.group.GroupMetadataManager",True,True
tools/src/main/java/org/apache/kafka/tools/VerifiableConsumer.java,Extract Variable,3,1,1,d2ad418cfd05278e7fbff9a6db7088c68050e1f9,90,90,"Extract Variable sessionTimeout : Integer in method public createFromArgs(parser ArgumentParser, args String[]) : VerifiableConsumer from class org.apache.kafka.tools.VerifiableConsumer",True,True
connect/runtime/src/main/java/org/apache/kafka/connect/runtime/rest/resources/ConnectorsResource.java,Add Attribute Annotation,3,1,1,bd6d0fbf3d6a2eee4703a4cfcaaa3d6c775c5681,91,91,Add Attribute Annotation @jakarta.ws.rs.core.Context in attribute private context : ServletContext from class org.apache.kafka.connect.runtime.rest.resources.ConnectorsResource,True,True
connect/runtime/src/main/java/org/apache/kafka/connect/runtime/rest/resources/ConnectorsResource.java,Remove Attribute Annotation,3,1,1,bd6d0fbf3d6a2eee4703a4cfcaaa3d6c775c5681,92,92,Remove Attribute Annotation @javax.ws.rs.core.Context in attribute private context : ServletContext from class org.apache.kafka.connect.runtime.rest.resources.ConnectorsResource,True,True
connect/runtime/src/main/java/org/apache/kafka/connect/runtime/rest/RestClient.java,Split Conditional,23,7,2,bd6d0fbf3d6a2eee4703a4cfcaaa3d6c775c5681,93,93,"Split Conditional return sslContextFactory != null ? new HttpClient(sslContextFactory) : new HttpClient(); to [client=new HttpClient();, if(sslContextFactory != null)] in method package httpClient(sslContextFactory SslContextFactory.Client) : HttpClient from class org.apache.kafka.connect.runtime.rest.RestClient",True,True
connect/runtime/src/test/java/org/apache/kafka/connect/runtime/rest/util/SSLUtilsTest.java,Add Thrown Exception Type,75,10,1,bd6d0fbf3d6a2eee4703a4cfcaaa3d6c775c5681,94,94,Add Thrown Exception Type Exception in method public testCreateServerSideSslContextFactory() : void from class org.apache.kafka.connect.runtime.rest.util.SSLUtilsTest,True,True
trogdor/src/main/java/org/apache/kafka/trogdor/agent/AgentRestResource.java,Add Attribute Annotation,3,1,1,bd6d0fbf3d6a2eee4703a4cfcaaa3d6c775c5681,95,95,Add Attribute Annotation @jakarta.ws.rs.core.Context in attribute private context : ServletContext from class org.apache.kafka.trogdor.agent.AgentRestResource,True,True
trogdor/src/main/java/org/apache/kafka/trogdor/agent/AgentRestResource.java,Remove Attribute Annotation,3,1,1,bd6d0fbf3d6a2eee4703a4cfcaaa3d6c775c5681,96,96,Remove Attribute Annotation @javax.ws.rs.core.Context in attribute private context : ServletContext from class org.apache.kafka.trogdor.agent.AgentRestResource,True,True
trogdor/src/main/java/org/apache/kafka/trogdor/coordinator/CoordinatorRestResource.java,Add Attribute Annotation,3,1,1,bd6d0fbf3d6a2eee4703a4cfcaaa3d6c775c5681,97,97,Add Attribute Annotation @jakarta.ws.rs.core.Context in attribute private context : ServletContext from class org.apache.kafka.trogdor.coordinator.CoordinatorRestResource,True,True
trogdor/src/main/java/org/apache/kafka/trogdor/coordinator/CoordinatorRestResource.java,Remove Attribute Annotation,3,1,1,bd6d0fbf3d6a2eee4703a4cfcaaa3d6c775c5681,98,98,Remove Attribute Annotation @javax.ws.rs.core.Context in attribute private context : ServletContext from class org.apache.kafka.trogdor.coordinator.CoordinatorRestResource,True,True
trogdor/src/main/java/org/apache/kafka/trogdor/rest/JsonRestServer.java,Change Variable Type,6,2,3,bd6d0fbf3d6a2eee4703a4cfcaaa3d6c775c5681,99,99,Change Variable Type handlers : HandlerCollection to handlers : ContextHandlerCollection in method public start(resources Object...) : void from class org.apache.kafka.trogdor.rest.JsonRestServer,True,True
raft/src/test/java/org/apache/kafka/raft/KafkaRaftClientTest.java,Inline Variable,12,4,1,e979fce94eb401c0c6e36e9a7cbf917cc33b1c49,100,100,Inline Variable error : Errors in method public testObserverLeaderRediscoveryAfterBrokerNotAvailableError(withKip853Rpc boolean) : void from class org.apache.kafka.raft.KafkaRaftClientTest,True,True
raft/src/main/java/org/apache/kafka/raft/KafkaRaftClient.java,Rename Method,24,8,1,e979fce94eb401c0c6e36e9a7cbf917cc33b1c49,101,101,Rename Method private maybeSendAnyVoterFetch(currentTimeMs long) : long renamed to private maybeSendFetchToAnyBootstrap(currentTimeMs long) : long in class org.apache.kafka.raft.KafkaRaftClient,True,True
raft/src/main/java/org/apache/kafka/raft/KafkaRaftClient.java,Rename Method,8,2,1,e979fce94eb401c0c6e36e9a7cbf917cc33b1c49,102,102,"Rename Method private pollUnattachedAsObserver(state UnattachedState, currentTimeMs long) : long renamed to private pollUnattachedCommon(state UnattachedState, currentTimeMs long) : long in class org.apache.kafka.raft.KafkaRaftClient",True,True
raft/src/main/java/org/apache/kafka/raft/KafkaRaftClient.java,Extract Method,131,10,5,e979fce94eb401c0c6e36e9a7cbf917cc33b1c49,103,103,"Extract Method private maybeSendFetchToBestNode(state FollowerState, currentTimeMs long) : long extracted from private pollFollowerAsVoter(state FollowerState, currentTimeMs long) : long in class org.apache.kafka.raft.KafkaRaftClient",True,True
raft/src/main/java/org/apache/kafka/raft/KafkaRaftClient.java,Extract Method,142,10,5,e979fce94eb401c0c6e36e9a7cbf917cc33b1c49,104,104,"Extract Method private maybeSendFetchToBestNode(state FollowerState, currentTimeMs long) : long extracted from private pollFollowerAsObserver(state FollowerState, currentTimeMs long) : long in class org.apache.kafka.raft.KafkaRaftClient",True,True
clients/src/test/java/org/apache/kafka/clients/consumer/internals/ConsumerNetworkClientTest.java,Add Method Annotation,90,10,1,23de98cdc5b199603267aef137f9d8056b304af5,105,105,"Add Method Annotation @Disabled(""KAFKA-17554"") in method public testFutureCompletionOutsidePoll() : void from class org.apache.kafka.clients.consumer.internals.ConsumerNetworkClientTest",True,True
tools/src/test/java/org/apache/kafka/tools/consumer/group/ConsumerGroupServiceTest.java,Add Method Annotation,190,10,1,156d5516039ce796c47dfd04093e1d495f233421,106,106,"Add Method Annotation @SuppressWarnings(""deprecation"") in method public testAdminRequestsForDescribeNegativeOffsets() : void from class org.apache.kafka.tools.consumer.group.ConsumerGroupServiceTest",True,True
tools/src/test/java/org/apache/kafka/tools/consumer/group/ConsumerGroupServiceTest.java,Add Method Annotation,34,10,1,156d5516039ce796c47dfd04093e1d495f233421,107,107,"Add Method Annotation @SuppressWarnings(""deprecation"") in method private describeGroupsResult(groupState GroupState) : DescribeConsumerGroupsResult from class org.apache.kafka.tools.consumer.group.ConsumerGroupServiceTest",True,True
streams/src/main/java/org/apache/kafka/streams/Topology.java,Add Class Annotation,20,6,1,d83f09d014ff574784212cfdc317b5004c90c687,108,108,Add Class Annotation @Deprecated in class org.apache.kafka.streams.Topology.AutoOffsetReset,True,True
streams/src/main/java/org/apache/kafka/streams/kstream/internals/ConsumedInternal.java,Change Return Type,8,2,2,d83f09d014ff574784212cfdc317b5004c90c687,109,109,Change Return Type Topology.AutoOffsetReset to AutoOffsetResetInternal in method public offsetResetPolicy() : AutoOffsetResetInternal from class org.apache.kafka.streams.kstream.internals.ConsumedInternal,True,True
streams/src/main/java/org/apache/kafka/streams/kstream/internals/ConsumedInternal.java,Change Parameter Type,4,1,2,d83f09d014ff574784212cfdc317b5004c90c687,110,110,"Change Parameter Type offsetReset : Topology.AutoOffsetReset to offsetReset : AutoOffsetResetInternal in method public ConsumedInternal(keySerde Serde<K>, valueSerde Serde<V>, timestampExtractor TimestampExtractor, offsetReset AutoOffsetResetInternal) from class org.apache.kafka.streams.kstream.internals.ConsumedInternal",True,True
streams/src/main/java/org/apache/kafka/streams/kstream/Consumed.java,Change Attribute Type,2,1,1,d83f09d014ff574784212cfdc317b5004c90c687,111,111,Change Attribute Type resetPolicy : Topology.AutoOffsetReset to resetPolicy : AutoOffsetReset in class org.apache.kafka.streams.kstream.Consumed,True,True
streams/src/main/java/org/apache/kafka/streams/kstream/Consumed.java,Add Method Annotation,50,10,1,d83f09d014ff574784212cfdc317b5004c90c687,112,112,"Add Method Annotation @Deprecated in method public with(keySerde Serde<K>, valueSerde Serde<V>, timestampExtractor TimestampExtractor, resetPolicy Topology.AutoOffsetReset) : Consumed<K,V> from class org.apache.kafka.streams.kstream.Consumed",True,True
streams/src/main/java/org/apache/kafka/streams/kstream/Consumed.java,Add Method Annotation,32,10,1,d83f09d014ff574784212cfdc317b5004c90c687,113,113,"Add Method Annotation @Deprecated in method public with(resetPolicy Topology.AutoOffsetReset) : Consumed<K,V> from class org.apache.kafka.streams.kstream.Consumed",True,True
streams/src/main/java/org/apache/kafka/streams/kstream/Consumed.java,Replace Generic With Diamond,24,8,2,d83f09d014ff574784212cfdc317b5004c90c687,114,114,"Replace Generic With Diamond Consumed<K,V> with Consumed<> in method public withKeySerde(keySerde Serde<K>) : Consumed<K,V> from class org.apache.kafka.streams.kstream.Consumed",True,True
streams/src/main/java/org/apache/kafka/streams/kstream/Consumed.java,Replace Generic With Diamond,24,8,2,d83f09d014ff574784212cfdc317b5004c90c687,115,115,"Replace Generic With Diamond Consumed<K,V> with Consumed<> in method public withValueSerde(valueSerde Serde<V>) : Consumed<K,V> from class org.apache.kafka.streams.kstream.Consumed",True,True
streams/src/main/java/org/apache/kafka/streams/kstream/Consumed.java,Replace Generic With Diamond,24,8,2,d83f09d014ff574784212cfdc317b5004c90c687,116,116,"Replace Generic With Diamond Consumed<K,V> with Consumed<> in method public withTimestampExtractor(timestampExtractor TimestampExtractor) : Consumed<K,V> from class org.apache.kafka.streams.kstream.Consumed",True,True
streams/src/main/java/org/apache/kafka/streams/kstream/Consumed.java,Replace Generic With Diamond,41,10,2,d83f09d014ff574784212cfdc317b5004c90c687,117,117,"Replace Generic With Diamond Consumed<K,V> with Consumed<> in method public withOffsetResetPolicy(resetPolicy Topology.AutoOffsetReset) : Consumed<K,V> from class org.apache.kafka.streams.kstream.Consumed",True,True
streams/src/main/java/org/apache/kafka/streams/kstream/Consumed.java,Add Method Annotation,33,10,1,d83f09d014ff574784212cfdc317b5004c90c687,118,118,"Add Method Annotation @Deprecated in method public withOffsetResetPolicy(resetPolicy Topology.AutoOffsetReset) : Consumed<K,V> from class org.apache.kafka.streams.kstream.Consumed",True,True
streams/src/main/java/org/apache/kafka/streams/kstream/Consumed.java,Replace Generic With Diamond,26,8,2,d83f09d014ff574784212cfdc317b5004c90c687,119,119,"Replace Generic With Diamond Consumed<K,V> with Consumed<> in method public withName(processorName String) : Consumed<K,V> from class org.apache.kafka.streams.kstream.Consumed",True,True
streams/src/main/java/org/apache/kafka/streams/kstream/Consumed.java,Change Parameter Type,4,1,2,d83f09d014ff574784212cfdc317b5004c90c687,120,120,"Change Parameter Type resetPolicy : Topology.AutoOffsetReset to resetPolicy : AutoOffsetReset in method private Consumed(keySerde Serde<K>, valueSerde Serde<V>, timestampExtractor TimestampExtractor, legacyResetPolicy Topology.AutoOffsetReset, resetPolicy AutoOffsetReset, processorName String) from class org.apache.kafka.streams.kstream.Consumed",True,True
streams/src/main/java/org/apache/kafka/streams/kstream/Consumed.java,Add Parameter,26,8,1,d83f09d014ff574784212cfdc317b5004c90c687,121,121,"Add Parameter legacyResetPolicy : Topology.AutoOffsetReset in method private Consumed(keySerde Serde<K>, valueSerde Serde<V>, timestampExtractor TimestampExtractor, legacyResetPolicy Topology.AutoOffsetReset, resetPolicy AutoOffsetReset, processorName String) from class org.apache.kafka.streams.kstream.Consumed",True,True
streams/src/main/java/org/apache/kafka/streams/kstream/Consumed.java,Add Method Annotation,26,8,1,d83f09d014ff574784212cfdc317b5004c90c687,122,122,"Add Method Annotation @SuppressWarnings(""deprecation"") in method private Consumed(keySerde Serde<K>, valueSerde Serde<V>, timestampExtractor TimestampExtractor, legacyResetPolicy Topology.AutoOffsetReset, resetPolicy AutoOffsetReset, processorName String) from class org.apache.kafka.streams.kstream.Consumed",True,True
streams/src/main/java/org/apache/kafka/streams/processor/internals/InternalTopologyBuilder.java,Add Method Annotation,54,10,1,d83f09d014ff574784212cfdc317b5004c90c687,123,123,"Add Method Annotation @SuppressWarnings(""deprecation"") in method public addSource(offsetReset Topology.AutoOffsetReset, name String, timestampExtractor TimestampExtractor, keyDeserializer Deserializer<?>, valDeserializer Deserializer<?>, topics String...) : void from class org.apache.kafka.streams.processor.internals.InternalTopologyBuilder",True,True
streams/src/main/java/org/apache/kafka/streams/processor/internals/InternalTopologyBuilder.java,Add Method Annotation,54,10,1,d83f09d014ff574784212cfdc317b5004c90c687,124,124,"Add Method Annotation @SuppressWarnings(""deprecation"") in method public addSource(offsetReset Topology.AutoOffsetReset, name String, timestampExtractor TimestampExtractor, keyDeserializer Deserializer<?>, valDeserializer Deserializer<?>, topicPattern Pattern) : void from class org.apache.kafka.streams.processor.internals.InternalTopologyBuilder",True,True
streams/src/main/java/org/apache/kafka/streams/processor/internals/InternalTopologyBuilder.java,Add Method Annotation,36,10,1,d83f09d014ff574784212cfdc317b5004c90c687,125,125,"Add Method Annotation @SuppressWarnings(""deprecation"") in method private maybeAddToResetList(earliestResets Collection<T>, latestResets Collection<T>, offsetReset Topology.AutoOffsetReset, item T) : void from class org.apache.kafka.streams.processor.internals.InternalTopologyBuilder",True,True
streams/src/main/java/org/apache/kafka/streams/Topology.java,Add Method Annotation,43,10,1,d83f09d014ff574784212cfdc317b5004c90c687,126,126,"Add Method Annotation @Deprecated in method public addSource(offsetReset AutoOffsetReset, name String, topics String...) : Topology from class org.apache.kafka.streams.Topology",True,True
streams/src/main/java/org/apache/kafka/streams/Topology.java,Add Method Annotation,45,10,1,d83f09d014ff574784212cfdc317b5004c90c687,127,127,"Add Method Annotation @Deprecated in method public addSource(offsetReset AutoOffsetReset, name String, topicPattern Pattern) : Topology from class org.apache.kafka.streams.Topology",True,True
streams/src/main/java/org/apache/kafka/streams/Topology.java,Add Method Annotation,49,10,1,d83f09d014ff574784212cfdc317b5004c90c687,128,128,"Add Method Annotation @Deprecated in method public addSource(offsetReset AutoOffsetReset, timestampExtractor TimestampExtractor, name String, topics String...) : Topology from class org.apache.kafka.streams.Topology",True,True
streams/src/main/java/org/apache/kafka/streams/Topology.java,Add Method Annotation,51,10,1,d83f09d014ff574784212cfdc317b5004c90c687,129,129,"Add Method Annotation @Deprecated in method public addSource(offsetReset AutoOffsetReset, timestampExtractor TimestampExtractor, name String, topicPattern Pattern) : Topology from class org.apache.kafka.streams.Topology",True,True
streams/src/main/java/org/apache/kafka/streams/Topology.java,Add Method Annotation,58,10,1,d83f09d014ff574784212cfdc317b5004c90c687,130,130,"Add Method Annotation @Deprecated in method public addSource(offsetReset AutoOffsetReset, name String, keyDeserializer Deserializer<?>, valueDeserializer Deserializer<?>, topics String...) : Topology from class org.apache.kafka.streams.Topology",True,True
streams/src/main/java/org/apache/kafka/streams/Topology.java,Remove Method Annotation,58,10,1,d83f09d014ff574784212cfdc317b5004c90c687,131,131,"Remove Method Annotation @SuppressWarnings(""overloads"") in method public addSource(offsetReset AutoOffsetReset, name String, keyDeserializer Deserializer<?>, valueDeserializer Deserializer<?>, topics String...) : Topology from class org.apache.kafka.streams.Topology",True,True
streams/src/main/java/org/apache/kafka/streams/Topology.java,Add Method Annotation,57,10,1,d83f09d014ff574784212cfdc317b5004c90c687,132,132,"Add Method Annotation @Deprecated in method public addSource(offsetReset AutoOffsetReset, name String, keyDeserializer Deserializer<?>, valueDeserializer Deserializer<?>, topicPattern Pattern) : Topology from class org.apache.kafka.streams.Topology",True,True
streams/src/main/java/org/apache/kafka/streams/Topology.java,Add Method Annotation,58,10,1,d83f09d014ff574784212cfdc317b5004c90c687,133,133,"Add Method Annotation @Deprecated in method public addSource(offsetReset AutoOffsetReset, name String, timestampExtractor TimestampExtractor, keyDeserializer Deserializer<?>, valueDeserializer Deserializer<?>, topics String...) : Topology from class org.apache.kafka.streams.Topology",True,True
streams/src/main/java/org/apache/kafka/streams/Topology.java,Remove Method Annotation,58,10,1,d83f09d014ff574784212cfdc317b5004c90c687,134,134,"Remove Method Annotation @SuppressWarnings(""overloads"") in method public addSource(offsetReset AutoOffsetReset, name String, timestampExtractor TimestampExtractor, keyDeserializer Deserializer<?>, valueDeserializer Deserializer<?>, topics String...) : Topology from class org.apache.kafka.streams.Topology",True,True
streams/src/main/java/org/apache/kafka/streams/Topology.java,Add Method Annotation,64,10,1,d83f09d014ff574784212cfdc317b5004c90c687,135,135,"Add Method Annotation @Deprecated in method public addSource(offsetReset AutoOffsetReset, name String, timestampExtractor TimestampExtractor, keyDeserializer Deserializer<?>, valueDeserializer Deserializer<?>, topicPattern Pattern) : Topology from class org.apache.kafka.streams.Topology",True,True
streams/src/main/java/org/apache/kafka/streams/Topology.java,Remove Method Annotation,64,10,1,d83f09d014ff574784212cfdc317b5004c90c687,136,136,"Remove Method Annotation @SuppressWarnings(""overloads"") in method public addSource(offsetReset AutoOffsetReset, name String, timestampExtractor TimestampExtractor, keyDeserializer Deserializer<?>, valueDeserializer Deserializer<?>, topicPattern Pattern) : Topology from class org.apache.kafka.streams.Topology",True,True
connect/mirror/src/main/java/org/apache/kafka/connect/mirror/MirrorCheckpointConnector.java,Split Conditional,58,10,2,de2ccb5789c6a9465bed5bc713612377e00d0b79,137,137,"Split Conditional if(!config.enabled() || knownConsumerGroups.isEmpty() || config.emitCheckpointsInterval().isNegative()) to [if(knownConsumerGroups.isEmpty()), if(!config.enabled() || config.emitCheckpointsInterval().isNegative())] in method public taskConfigs(maxTasks int) : List<Map<String,String>> from class org.apache.kafka.connect.mirror.MirrorCheckpointConnector",True,True
streams/src/test/java/org/apache/kafka/streams/kstream/internals/KStreamImplTest.java,Rename Method,154,10,1,ab2facca58acffdffc363df28b75844daf5b3466,138,138,Rename Method public shouldProcessWithOldProcessorAndState() : void renamed to public shouldProcessWithProcessorAndState() : void in class org.apache.kafka.streams.kstream.internals.KStreamImplTest,True,True
streams/src/test/java/org/apache/kafka/streams/kstream/internals/KStreamImplTest.java,Rename Method,177,10,1,ab2facca58acffdffc363df28b75844daf5b3466,139,139,Rename Method public shouldBindStateWithOldProcessorSupplier() : void renamed to public shouldBindStateWithProcessorSupplier() : void in class org.apache.kafka.streams.kstream.internals.KStreamImplTest,True,True
streams/src/test/java/org/apache/kafka/streams/kstream/internals/KStreamImplTest.java,Change Parameter Type,4,1,2,ab2facca58acffdffc363df28b75844daf5b3466,140,140,"Change Parameter Type context : ProcessorContext to context : ProcessorContext<String,String> in method public init(context ProcessorContext<String,String>) : void from class org.apache.kafka.streams.kstream.internals.KStreamImplTest.shouldProcessWithProcessorAndState.process.new Processor<String,String,String,String>",True,True
streams/src/test/java/org/apache/kafka/streams/kstream/internals/KStreamImplTest.java,Remove Method Annotation,155,10,1,ab2facca58acffdffc363df28b75844daf5b3466,141,141,"Remove Method Annotation @SuppressWarnings(""deprecation"") in method public shouldProcessWithOldProcessorAndState() : void from class org.apache.kafka.streams.kstream.internals.KStreamImplTest",True,True
streams/src/test/java/org/apache/kafka/streams/kstream/internals/KStreamImplTest.java,Remove Method Annotation,22,7,1,ab2facca58acffdffc363df28b75844daf5b3466,142,142,"Remove Method Annotation @SuppressWarnings(""unchecked"") in method public stores() : Set<StoreBuilder<?>> from class org.apache.kafka.streams.kstream.internals.KStreamImplTest.shouldBindStateWithOldProcessorSupplier.process.new org.apache.kafka.streams.processor.ProcessorSupplier<String,String>",True,True
streams/src/test/java/org/apache/kafka/streams/kstream/internals/KStreamImplTest.java,Change Parameter Type,4,1,2,ab2facca58acffdffc363df28b75844daf5b3466,143,143,"Change Parameter Type context : ProcessorContext to context : ProcessorContext<String,String> in method public init(context ProcessorContext<String,String>) : void from class org.apache.kafka.streams.kstream.internals.KStreamImplTest.shouldBindStateWithProcessorSupplier.process.new ProcessorSupplier<String,String,String,String>.get.new Processor<>",True,True
streams/src/test/java/org/apache/kafka/streams/kstream/internals/KStreamImplTest.java,Change Return Type,59,10,2,ab2facca58acffdffc363df28b75844daf5b3466,144,144,"Change Return Type Processor<String,String> to Processor<String,String,String,String> in method public get() : Processor<String,String,String,String> from class org.apache.kafka.streams.kstream.internals.KStreamImplTest.shouldBindStateWithProcessorSupplier.process.new ProcessorSupplier<String,String,String,String>",True,True
streams/src/test/java/org/apache/kafka/streams/kstream/internals/KStreamImplTest.java,Remove Method Annotation,178,10,1,ab2facca58acffdffc363df28b75844daf5b3466,145,145,"Remove Method Annotation @SuppressWarnings(""deprecation"") in method public shouldBindStateWithOldProcessorSupplier() : void from class org.apache.kafka.streams.kstream.internals.KStreamImplTest",True,True
streams/src/test/java/org/apache/kafka/streams/state/internals/TimeOrderedKeyValueBufferTest.java,Change Variable Type,6,2,3,990c8c750c51c0947a2242313066a26d1262ac9d,146,146,"Change Variable Type context : MockInternalProcessorContext to context : MockInternalNewProcessorContext<?,?> in method public shouldInit(testName String, bufferSupplier Function<String,B>) : void from class org.apache.kafka.streams.state.internals.TimeOrderedKeyValueBufferTest",True,True
streams/src/test/java/org/apache/kafka/streams/state/internals/TimeOrderedKeyValueBufferTest.java,Change Variable Type,8,2,4,990c8c750c51c0947a2242313066a26d1262ac9d,147,147,"Change Variable Type context : MockInternalProcessorContext to context : MockInternalNewProcessorContext<?,?> in method public shouldAcceptData(testName String, bufferSupplier Function<String,B>) : void from class org.apache.kafka.streams.state.internals.TimeOrderedKeyValueBufferTest",True,True
streams/src/test/java/org/apache/kafka/streams/state/internals/TimeOrderedKeyValueBufferTest.java,Change Variable Type,6,2,3,990c8c750c51c0947a2242313066a26d1262ac9d,148,148,"Change Variable Type context : MockInternalProcessorContext to context : MockInternalNewProcessorContext<?,?> in method public shouldRejectNullValues(testName String, bufferSupplier Function<String,B>) : void from class org.apache.kafka.streams.state.internals.TimeOrderedKeyValueBufferTest",True,True
streams/src/test/java/org/apache/kafka/streams/state/internals/TimeOrderedKeyValueBufferTest.java,Change Variable Type,8,2,4,990c8c750c51c0947a2242313066a26d1262ac9d,149,149,"Change Variable Type context : MockInternalProcessorContext to context : MockInternalNewProcessorContext<?,?> in method public shouldRemoveData(testName String, bufferSupplier Function<String,B>) : void from class org.apache.kafka.streams.state.internals.TimeOrderedKeyValueBufferTest",True,True
streams/src/test/java/org/apache/kafka/streams/state/internals/TimeOrderedKeyValueBufferTest.java,Change Variable Type,10,3,5,990c8c750c51c0947a2242313066a26d1262ac9d,150,150,"Change Variable Type context : MockInternalProcessorContext to context : MockInternalNewProcessorContext<?,?> in method public shouldRespectEvictionPredicate(testName String, bufferSupplier Function<String,B>) : void from class org.apache.kafka.streams.state.internals.TimeOrderedKeyValueBufferTest",True,True
streams/src/test/java/org/apache/kafka/streams/state/internals/TimeOrderedKeyValueBufferTest.java,Change Variable Type,12,4,5,990c8c750c51c0947a2242313066a26d1262ac9d,151,151,"Change Variable Type context : MockInternalProcessorContext to context : MockInternalNewProcessorContext<?,?> in method public shouldTrackCount(testName String, bufferSupplier Function<String,B>) : void from class org.apache.kafka.streams.state.internals.TimeOrderedKeyValueBufferTest",True,True
streams/src/test/java/org/apache/kafka/streams/state/internals/TimeOrderedKeyValueBufferTest.java,Change Variable Type,12,4,5,990c8c750c51c0947a2242313066a26d1262ac9d,152,152,"Change Variable Type context : MockInternalProcessorContext to context : MockInternalNewProcessorContext<?,?> in method public shouldTrackSize(testName String, bufferSupplier Function<String,B>) : void from class org.apache.kafka.streams.state.internals.TimeOrderedKeyValueBufferTest",True,True
streams/src/test/java/org/apache/kafka/streams/state/internals/TimeOrderedKeyValueBufferTest.java,Change Variable Type,10,3,5,990c8c750c51c0947a2242313066a26d1262ac9d,153,153,"Change Variable Type context : MockInternalProcessorContext to context : MockInternalNewProcessorContext<?,?> in method public shouldTrackMinTimestamp(testName String, bufferSupplier Function<String,B>) : void from class org.apache.kafka.streams.state.internals.TimeOrderedKeyValueBufferTest",True,True
streams/src/test/java/org/apache/kafka/streams/state/internals/TimeOrderedKeyValueBufferTest.java,Change Variable Type,10,3,5,990c8c750c51c0947a2242313066a26d1262ac9d,154,154,"Change Variable Type context : MockInternalProcessorContext to context : MockInternalNewProcessorContext<?,?> in method public shouldEvictOldestAndUpdateSizeAndCountAndMinTimestamp(testName String, bufferSupplier Function<String,B>) : void from class org.apache.kafka.streams.state.internals.TimeOrderedKeyValueBufferTest",True,True
streams/src/test/java/org/apache/kafka/streams/state/internals/TimeOrderedKeyValueBufferTest.java,Change Variable Type,4,1,2,990c8c750c51c0947a2242313066a26d1262ac9d,155,155,"Change Variable Type context : MockInternalProcessorContext to context : MockInternalNewProcessorContext<?,?> in method public shouldReturnUndefinedOnPriorValueForNotBufferedKey(testName String, bufferSupplier Function<String,B>) : void from class org.apache.kafka.streams.state.internals.TimeOrderedKeyValueBufferTest",True,True
streams/src/test/java/org/apache/kafka/streams/state/internals/TimeOrderedKeyValueBufferTest.java,Change Variable Type,6,2,3,990c8c750c51c0947a2242313066a26d1262ac9d,156,156,"Change Variable Type context : MockInternalProcessorContext to context : MockInternalNewProcessorContext<?,?> in method public shouldReturnPriorValueForBufferedKey(testName String, bufferSupplier Function<String,B>) : void from class org.apache.kafka.streams.state.internals.TimeOrderedKeyValueBufferTest",True,True
streams/src/test/java/org/apache/kafka/streams/state/internals/TimeOrderedKeyValueBufferTest.java,Change Variable Type,60,10,5,990c8c750c51c0947a2242313066a26d1262ac9d,157,157,"Change Variable Type context : MockInternalProcessorContext to context : MockInternalNewProcessorContext<?,?> in method public shouldFlush(testName String, bufferSupplier Function<String,B>) : void from class org.apache.kafka.streams.state.internals.TimeOrderedKeyValueBufferTest",True,True
streams/src/test/java/org/apache/kafka/streams/state/internals/TimeOrderedKeyValueBufferTest.java,Change Variable Type,12,4,5,990c8c750c51c0947a2242313066a26d1262ac9d,158,158,"Change Variable Type context : MockInternalProcessorContext to context : MockInternalNewProcessorContext<?,?> in method public shouldRestoreOldUnversionedFormat(testName String, bufferSupplier Function<String,B>) : void from class org.apache.kafka.streams.state.internals.TimeOrderedKeyValueBufferTest",True,True
streams/src/test/java/org/apache/kafka/streams/state/internals/TimeOrderedKeyValueBufferTest.java,Change Variable Type,12,4,5,990c8c750c51c0947a2242313066a26d1262ac9d,159,159,"Change Variable Type context : MockInternalProcessorContext to context : MockInternalNewProcessorContext<?,?> in method public shouldRestoreV1Format(testName String, bufferSupplier Function<String,B>) : void from class org.apache.kafka.streams.state.internals.TimeOrderedKeyValueBufferTest",True,True
streams/src/test/java/org/apache/kafka/streams/state/internals/TimeOrderedKeyValueBufferTest.java,Change Variable Type,12,4,5,990c8c750c51c0947a2242313066a26d1262ac9d,160,160,"Change Variable Type context : MockInternalProcessorContext to context : MockInternalNewProcessorContext<?,?> in method public shouldRestoreV2Format(testName String, bufferSupplier Function<String,B>) : void from class org.apache.kafka.streams.state.internals.TimeOrderedKeyValueBufferTest",True,True
streams/src/test/java/org/apache/kafka/streams/state/internals/TimeOrderedKeyValueBufferTest.java,Change Variable Type,12,4,5,990c8c750c51c0947a2242313066a26d1262ac9d,161,161,"Change Variable Type context : MockInternalProcessorContext to context : MockInternalNewProcessorContext<?,?> in method public shouldRestoreV3FormatWithV2Header(testName String, bufferSupplier Function<String,B>) : void from class org.apache.kafka.streams.state.internals.TimeOrderedKeyValueBufferTest",True,True
streams/src/test/java/org/apache/kafka/streams/state/internals/TimeOrderedKeyValueBufferTest.java,Change Variable Type,12,4,5,990c8c750c51c0947a2242313066a26d1262ac9d,162,162,"Change Variable Type context : MockInternalProcessorContext to context : MockInternalNewProcessorContext<?,?> in method public shouldRestoreV3Format(testName String, bufferSupplier Function<String,B>) : void from class org.apache.kafka.streams.state.internals.TimeOrderedKeyValueBufferTest",True,True
streams/src/test/java/org/apache/kafka/streams/state/internals/TimeOrderedKeyValueBufferTest.java,Change Variable Type,12,4,5,990c8c750c51c0947a2242313066a26d1262ac9d,163,163,"Change Variable Type context : MockInternalProcessorContext to context : MockInternalNewProcessorContext<?,?> in method public shouldNotRestoreUnrecognizedVersionRecord(testName String, bufferSupplier Function<String,B>) : void from class org.apache.kafka.streams.state.internals.TimeOrderedKeyValueBufferTest",True,True
streams/src/test/java/org/apache/kafka/streams/state/internals/TimeOrderedKeyValueBufferTest.java,Add Method Annotation,18,6,1,990c8c750c51c0947a2242313066a26d1262ac9d,164,164,"Add Method Annotation @SuppressWarnings(""resource"") in method private getBufferValue(value String, timestamp long) : BufferValue from class org.apache.kafka.streams.state.internals.TimeOrderedKeyValueBufferTest",True,True
streams/src/test/java/org/apache/kafka/streams/state/internals/TimeOrderedKeyValueBufferTest.java,Change Variable Type,6,2,3,990c8c750c51c0947a2242313066a26d1262ac9d,165,165,"Change Variable Type context : MockInternalProcessorContext to context : MockInternalNewProcessorContext<?,?> in method private makeContext() : MockInternalNewProcessorContext<?,?> from class org.apache.kafka.streams.state.internals.TimeOrderedKeyValueBufferTest",True,True
streams/src/test/java/org/apache/kafka/streams/state/internals/TimeOrderedKeyValueBufferTest.java,Change Return Type,26,8,2,990c8c750c51c0947a2242313066a26d1262ac9d,166,166,"Change Return Type MockInternalProcessorContext to MockInternalNewProcessorContext<?,?> in method private makeContext() : MockInternalNewProcessorContext<?,?> from class org.apache.kafka.streams.state.internals.TimeOrderedKeyValueBufferTest",True,True
streams/src/test/java/org/apache/kafka/streams/state/internals/TimeOrderedKeyValueBufferTest.java,Change Parameter Type,4,1,2,990c8c750c51c0947a2242313066a26d1262ac9d,167,167,"Change Parameter Type context : MockInternalProcessorContext to context : MockInternalNewProcessorContext<?,?> in method private cleanup(context MockInternalNewProcessorContext<?,?>, buffer TimeOrderedKeyValueBuffer<String,String,Change<String>>) : void from class org.apache.kafka.streams.state.internals.TimeOrderedKeyValueBufferTest",True,True
streams/src/test/java/org/apache/kafka/streams/state/internals/TimeOrderedKeyValueBufferTest.java,Change Parameter Type,4,1,2,990c8c750c51c0947a2242313066a26d1262ac9d,168,168,"Change Parameter Type context : MockInternalProcessorContext to context : MockInternalNewProcessorContext<?,?> in method private putRecord(buffer TimeOrderedKeyValueBuffer<String,String,Change<String>>, context MockInternalNewProcessorContext<?,?>, streamTime long, recordTimestamp long, key String, value String) : void from class org.apache.kafka.streams.state.internals.TimeOrderedKeyValueBufferTest",True,True
streams/src/test/java/org/apache/kafka/streams/state/internals/metrics/RocksDBBlockCacheMetricsTest.java,Add Method Annotation,24,8,1,990c8c750c51c0947a2242313066a26d1262ac9d,169,169,"Add Method Annotation @SuppressWarnings(""resource"") in method public assertMetric(context StateStoreContext, group String, metricName String, expected T) : void from class org.apache.kafka.streams.state.internals.metrics.RocksDBBlockCacheMetricsTest",True,True
streams/src/test/java/org/apache/kafka/test/MockInternalNewProcessorContext.java,Change Attribute Type,2,1,1,990c8c750c51c0947a2242313066a26d1262ac9d,170,170,"Change Attribute Type currentNode : ProcessorNode to currentNode : ProcessorNode<?,?,?,?> in class org.apache.kafka.test.MockInternalNewProcessorContext",True,True
streams/src/test/java/org/apache/kafka/test/MockInternalNewProcessorContext.java,Change Return Type,10,3,2,990c8c750c51c0947a2242313066a26d1262ac9d,171,171,"Change Return Type ProcessorNode to ProcessorNode<?,?,?,?> in method public currentNode() : ProcessorNode<?,?,?,?> from class org.apache.kafka.test.MockInternalNewProcessorContext",True,True
streams/src/test/java/org/apache/kafka/test/MockInternalNewProcessorContext.java,Change Parameter Type,4,1,2,990c8c750c51c0947a2242313066a26d1262ac9d,172,172,"Change Parameter Type currentNode : ProcessorNode to currentNode : ProcessorNode<?,?,?,?> in method public setCurrentNode(currentNode ProcessorNode<?,?,?,?>) : void from class org.apache.kafka.test.MockInternalNewProcessorContext",True,True
streams/src/test/java/org/apache/kafka/test/MockInternalProcessorContext.java,Move Method,8,2,1,990c8c750c51c0947a2242313066a26d1262ac9d,173,173,Move Method public recordCollector() : RecordCollector from class org.apache.kafka.test.MockInternalProcessorContext to public recordCollector() : RecordCollector from class org.apache.kafka.test.MockInternalNewProcessorContext,True,True
streams/src/test/java/org/apache/kafka/test/MockInternalProcessorContext.java,Move Method,6,2,1,990c8c750c51c0947a2242313066a26d1262ac9d,174,174,Move Method public setRecordCollector(recordCollector RecordCollector) : void from class org.apache.kafka.test.MockInternalProcessorContext to public setRecordCollector(recordCollector RecordCollector) : void from class org.apache.kafka.test.MockInternalNewProcessorContext,True,True
streams/src/test/java/org/apache/kafka/test/MockInternalProcessorContext.java,Move Method,6,2,1,990c8c750c51c0947a2242313066a26d1262ac9d,175,175,Move Method public stateRestoreCallback(storeName String) : StateRestoreCallback from class org.apache.kafka.test.MockInternalProcessorContext to public stateRestoreCallback(storeName String) : StateRestoreCallback from class org.apache.kafka.test.MockInternalNewProcessorContext,True,True
streams/src/test/java/org/apache/kafka/test/MockInternalProcessorContext.java,Move Attribute,2,1,1,990c8c750c51c0947a2242313066a26d1262ac9d,176,176,Move Attribute private recordCollector : RecordCollector from class org.apache.kafka.test.MockInternalProcessorContext to private recordCollector : RecordCollector from class org.apache.kafka.test.MockInternalNewProcessorContext,True,True
streams/src/test/java/org/apache/kafka/test/MockInternalProcessorContext.java,Move Attribute,2,1,1,990c8c750c51c0947a2242313066a26d1262ac9d,177,177,"Move Attribute private restoreCallbacks : Map<String,StateRestoreCallback> from class org.apache.kafka.test.MockInternalProcessorContext to private restoreCallbacks : Map<String,StateRestoreCallback> from class org.apache.kafka.test.MockInternalNewProcessorContext",True,True
streams/src/main/java/org/apache/kafka/streams/processor/internals/StreamThread.java,Extract Variable,116,10,3,6cdb8c352a8ae4e77e30f486390970aecb1d970a,178,178,"Extract Variable resetPolicy : AutoOffsetResetStrategy in method private resetOffsets(partitions Set<TopicPartition>, cause Exception) : void from class org.apache.kafka.streams.processor.internals.StreamThread",True,True
streams/src/main/java/org/apache/kafka/streams/processor/internals/StreamThread.java,Change Variable Type,85,10,2,6cdb8c352a8ae4e77e30f486390970aecb1d970a,179,179,"Change Variable Type offsetResetStrategy : AutoOffsetResetStrategy to offsetResetStrategy : Optional<AutoOffsetResetStrategy> in method private resetOffsets(partitions Set<TopicPartition>, cause Exception) : void from class org.apache.kafka.streams.processor.internals.StreamThread",True,True
streams/src/main/java/org/apache/kafka/streams/processor/internals/StreamThread.java,Rename Variable,47,10,4,6cdb8c352a8ae4e77e30f486390970aecb1d970a,180,180,"Rename Variable autoOffsetResetStrategy : AutoOffsetResetStrategy to resetPolicy : AutoOffsetResetStrategy in method private resetOffsets(partitions Set<TopicPartition>, cause Exception) : void from class org.apache.kafka.streams.processor.internals.StreamThread",True,True
streams/src/main/java/org/apache/kafka/streams/processor/internals/StreamThread.java,Remove Parameter,20,6,1,6cdb8c352a8ae4e77e30f486390970aecb1d970a,181,181,"Remove Parameter logMessage : String in method private addToResetList(partition TopicPartition, partitions Set<TopicPartition>, logMessage String, resetPolicy String, loggedTopics Set<String>) : void from class org.apache.kafka.streams.processor.internals.StreamThread",True,True
streams/integration-tests/src/test/java/org/apache/kafka/streams/integration/FineGrainedAutoResetIntegrationTest.java,Change Thrown Exception Type,40,10,2,6cdb8c352a8ae4e77e30f486390970aecb1d970a,182,182,Change Thrown Exception Type IOException to Exception in method public setUp() : void from class org.apache.kafka.streams.integration.FineGrainedAutoResetIntegrationTest,True,True
streams/src/test/java/org/apache/kafka/streams/AutoOffsetResetTest.java,Rename Method,10,3,1,6cdb8c352a8ae4e77e30f486390970aecb1d970a,183,183,Rename Method package earliestShouldReturnAnEmptyDuration() : void renamed to package shouldThrowExceptionOnDurationForEarliestReset() : void in class org.apache.kafka.streams.AutoOffsetResetTest,True,True
streams/src/test/java/org/apache/kafka/streams/AutoOffsetResetTest.java,Assert Throws,12,4,2,6cdb8c352a8ae4e77e30f486390970aecb1d970a,184,184,"Assert Throws assertThrows(NoSuchElementException.class,earliest::duration,""Earliest should not have a duration."") in method package shouldThrowExceptionOnDurationForEarliestReset() : void from class org.apache.kafka.streams.AutoOffsetResetTest",True,True
streams/src/main/java/org/apache/kafka/streams/internals/AutoOffsetResetInternal.java,Change Return Type,9,3,2,6cdb8c352a8ae4e77e30f486390970aecb1d970a,185,185,Change Return Type Optional<Duration> to Duration in method public duration() : Duration from class org.apache.kafka.streams.internals.AutoOffsetResetInternal,True,True
streams/src/main/java/org/apache/kafka/streams/internals/AutoOffsetResetInternal.java,Add Method Annotation,8,2,1,6cdb8c352a8ae4e77e30f486390970aecb1d970a,186,186,"Add Method Annotation @SuppressWarnings(""all"") in method public duration() : Duration from class org.apache.kafka.streams.internals.AutoOffsetResetInternal",True,True
clients/src/main/java/org/apache/kafka/clients/consumer/internals/AutoOffsetResetStrategy.java,Encapsulate Attribute,5,1,1,6cdb8c352a8ae4e77e30f486390970aecb1d970a,187,187,Encapsulate Attribute private duration : Optional<Duration> from class org.apache.kafka.clients.consumer.internals.AutoOffsetResetStrategy,True,True
streams/src/main/java/org/apache/kafka/streams/processor/internals/TaskManager.java,Change Method Access Modifier,20,6,1,6cdb8c352a8ae4e77e30f486390970aecb1d970a,188,188,Change Method Access Modifier private to package in method package getActiveTask(partition TopicPartition) : Task from class org.apache.kafka.streams.processor.internals.TaskManager,True,True
streams/src/main/java/org/apache/kafka/streams/processor/internals/TopologyMetadata.java,Change Return Type,33,10,2,6cdb8c352a8ae4e77e30f486390970aecb1d970a,189,189,Change Return Type AutoOffsetResetStrategy to Optional<AutoOffsetResetStrategy> in method public offsetResetStrategy(topic String) : Optional<AutoOffsetResetStrategy> from class org.apache.kafka.streams.processor.internals.TopologyMetadata,True,True
streams/src/main/java/org/apache/kafka/streams/processor/internals/InternalTopologyBuilder.java,Change Parameter Type,4,1,2,6cdb8c352a8ae4e77e30f486390970aecb1d970a,190,190,"Change Parameter Type offsetReset : Topology.AutoOffsetReset to offsetReset : AutoOffsetResetInternal in method public addSource(offsetReset AutoOffsetResetInternal, name String, timestampExtractor TimestampExtractor, keyDeserializer Deserializer<?>, valDeserializer Deserializer<?>, topics String...) : void from class org.apache.kafka.streams.processor.internals.InternalTopologyBuilder",True,True
streams/src/main/java/org/apache/kafka/streams/processor/internals/InternalTopologyBuilder.java,Remove Method Annotation,54,10,1,6cdb8c352a8ae4e77e30f486390970aecb1d970a,191,191,"Remove Method Annotation @SuppressWarnings(""deprecation"") in method public addSource(offsetReset Topology.AutoOffsetReset, name String, timestampExtractor TimestampExtractor, keyDeserializer Deserializer<?>, valDeserializer Deserializer<?>, topics String...) : void from class org.apache.kafka.streams.processor.internals.InternalTopologyBuilder",True,True
streams/src/main/java/org/apache/kafka/streams/processor/internals/InternalTopologyBuilder.java,Change Parameter Type,4,1,2,6cdb8c352a8ae4e77e30f486390970aecb1d970a,192,192,"Change Parameter Type offsetReset : Topology.AutoOffsetReset to offsetReset : AutoOffsetResetInternal in method public addSource(offsetReset AutoOffsetResetInternal, name String, timestampExtractor TimestampExtractor, keyDeserializer Deserializer<?>, valDeserializer Deserializer<?>, topicPattern Pattern) : void from class org.apache.kafka.streams.processor.internals.InternalTopologyBuilder",True,True
streams/src/main/java/org/apache/kafka/streams/processor/internals/InternalTopologyBuilder.java,Remove Method Annotation,54,10,1,6cdb8c352a8ae4e77e30f486390970aecb1d970a,193,193,"Remove Method Annotation @SuppressWarnings(""deprecation"") in method public addSource(offsetReset Topology.AutoOffsetReset, name String, timestampExtractor TimestampExtractor, keyDeserializer Deserializer<?>, valDeserializer Deserializer<?>, topicPattern Pattern) : void from class org.apache.kafka.streams.processor.internals.InternalTopologyBuilder",True,True
streams/src/main/java/org/apache/kafka/streams/processor/internals/InternalTopologyBuilder.java,Change Parameter Type,60,10,4,6cdb8c352a8ae4e77e30f486390970aecb1d970a,194,194,"Change Parameter Type offsetReset : Topology.AutoOffsetReset to offsetReset : AutoOffsetResetInternal in method private maybeAddToResetList(noneResets Collection<T>, earliestResets Collection<T>, latestResets Collection<T>, durationReset Map<T,Duration>, offsetReset AutoOffsetResetInternal, item T) : void from class org.apache.kafka.streams.processor.internals.InternalTopologyBuilder",True,True
streams/src/main/java/org/apache/kafka/streams/processor/internals/InternalTopologyBuilder.java,Add Parameter,44,10,1,6cdb8c352a8ae4e77e30f486390970aecb1d970a,195,195,"Add Parameter noneResets : Collection<T> in method private maybeAddToResetList(noneResets Collection<T>, earliestResets Collection<T>, latestResets Collection<T>, durationReset Map<T,Duration>, offsetReset AutoOffsetResetInternal, item T) : void from class org.apache.kafka.streams.processor.internals.InternalTopologyBuilder",True,True
streams/src/main/java/org/apache/kafka/streams/processor/internals/InternalTopologyBuilder.java,Add Parameter,44,10,1,6cdb8c352a8ae4e77e30f486390970aecb1d970a,196,196,"Add Parameter durationReset : Map<T,Duration> in method private maybeAddToResetList(noneResets Collection<T>, earliestResets Collection<T>, latestResets Collection<T>, durationReset Map<T,Duration>, offsetReset AutoOffsetResetInternal, item T) : void from class org.apache.kafka.streams.processor.internals.InternalTopologyBuilder",True,True
streams/src/main/java/org/apache/kafka/streams/processor/internals/InternalTopologyBuilder.java,Remove Method Annotation,44,10,1,6cdb8c352a8ae4e77e30f486390970aecb1d970a,197,197,"Remove Method Annotation @SuppressWarnings(""deprecation"") in method private maybeAddToResetList(earliestResets Collection<T>, latestResets Collection<T>, offsetReset Topology.AutoOffsetReset, item T) : void from class org.apache.kafka.streams.processor.internals.InternalTopologyBuilder",True,True
connect/runtime/src/test/java/org/apache/kafka/connect/runtime/AbstractHerderTest.java,Add Method Annotation,14,4,1,f4fe6064cc2f52555dc5a39ded342ef439eb599a,198,198,"Add Method Annotation @SuppressWarnings(""unchecked, rawtypes"") in method private mockValidationIsolation(connectorClass String, connector Connector) : void from class org.apache.kafka.connect.runtime.AbstractHerderTest",True,True
connect/runtime/src/main/java/org/apache/kafka/connect/runtime/isolation/Plugins.java,Remove Thrown Exception Type,7,2,1,f4fe6064cc2f52555dc5a39ded342ef439eb599a,199,199,"Remove Thrown Exception Type ClassNotFoundException in method public pluginLoader(classOrAlias String, range VersionRange) : ClassLoader from class org.apache.kafka.connect.runtime.isolation.Plugins",True,True
connect/runtime/src/main/java/org/apache/kafka/connect/runtime/isolation/Plugins.java,Remove Thrown Exception Type,7,2,1,f4fe6064cc2f52555dc5a39ded342ef439eb599a,200,200,"Remove Thrown Exception Type VersionedPluginLoadingException in method public pluginLoader(classOrAlias String, range VersionRange) : ClassLoader from class org.apache.kafka.connect.runtime.isolation.Plugins",True,True
connect/runtime/src/main/java/org/apache/kafka/connect/runtime/isolation/Plugins.java,Change Method Access Modifier,6,2,1,f4fe6064cc2f52555dc5a39ded342ef439eb599a,201,201,Change Method Access Modifier public to package in method package sinkConnectors(connectorClassOrAlias String) : Set<PluginDesc<SinkConnector>> from class org.apache.kafka.connect.runtime.isolation.Plugins,True,True
connect/runtime/src/main/java/org/apache/kafka/connect/runtime/isolation/Plugins.java,Change Method Access Modifier,6,2,1,f4fe6064cc2f52555dc5a39ded342ef439eb599a,202,202,Change Method Access Modifier public to package in method package sourceConnectors(connectorClassOrAlias String) : Set<PluginDesc<SourceConnector>> from class org.apache.kafka.connect.runtime.isolation.Plugins,True,True
connect/runtime/src/main/java/org/apache/kafka/connect/runtime/Worker.java,Encapsulate Attribute,5,1,1,f4fe6064cc2f52555dc5a39ded342ef439eb599a,203,203,Encapsulate Attribute private config : WorkerConfig from class org.apache.kafka.connect.runtime.Worker,True,True
connect/runtime/src/main/java/org/apache/kafka/connect/runtime/isolation/DelegatingClassLoader.java,Change Variable Type,74,10,4,f4fe6064cc2f52555dc5a39ded342ef439eb599a,204,204,"Change Variable Type classpathPlugins : List<PluginDesc<?>> to classpathPlugins : List<String> in method private verifyClasspathVersionedPlugin(name String, plugin Class<?>, range VersionRange) : void from class org.apache.kafka.connect.runtime.isolation.DelegatingClassLoader",True,True
connect/runtime/src/main/java/org/apache/kafka/connect/runtime/isolation/PluginDesc.java,Change Method Access Modifier,8,2,1,f4fe6064cc2f52555dc5a39ded342ef439eb599a,205,205,Change Method Access Modifier package to public in method public encodedVersion() : DefaultArtifactVersion from class org.apache.kafka.connect.runtime.isolation.PluginDesc,True,True
connect/runtime/src/main/java/org/apache/kafka/connect/runtime/isolation/PluginUtils.java,Extract Variable,3,1,1,f4fe6064cc2f52555dc5a39ded342ef439eb599a,206,206,Extract Variable range : VersionRange in method public connectorVersionRequirement(version String) : VersionRange from class org.apache.kafka.connect.runtime.isolation.PluginUtils,True,True
connect/runtime/src/main/java/org/apache/kafka/connect/runtime/rest/resources/ConnectorPluginsResource.java,Add Parameter,26,8,1,f4fe6064cc2f52555dc5a39ded342ef439eb599a,207,207,"Add Parameter version : String in method public getConnectorConfigDef(pluginName String, version String) : List<ConfigKeyInfo> from class org.apache.kafka.connect.runtime.rest.resources.ConnectorPluginsResource",True,True
connect/runtime/src/main/java/org/apache/kafka/connect/runtime/SourceConnectorConfig.java,Extract Method,368,10,5,f4fe6064cc2f52555dc5a39ded342ef439eb599a,208,208,Extract Method private configDef(baseConfigDef ConfigDef) : ConfigDef extracted from public configDef() : ConfigDef in class org.apache.kafka.connect.runtime.SourceConnectorConfig,True,True
connect/runtime/src/main/java/org/apache/kafka/connect/runtime/SinkConnectorConfig.java,Inline Attribute,10,3,2,f4fe6064cc2f52555dc5a39ded342ef439eb599a,209,209,Inline Attribute package CONFIG : ConfigDef in class org.apache.kafka.connect.runtime.SinkConnectorConfig,True,True
connect/runtime/src/main/java/org/apache/kafka/connect/runtime/ConnectorConfig.java,Change Attribute Type,2,1,1,f4fe6064cc2f52555dc5a39ded342ef439eb599a,210,210,Change Attribute Type enrichedConfig : EnrichedConnectorConfig to enrichedConfig : ConnectorConfig.EnrichedConnectorConfig in class org.apache.kafka.connect.runtime.ConnectorConfig,True,True
connect/runtime/src/main/java/org/apache/kafka/connect/runtime/ConnectorConfig.java,Extract Method,103,10,4,f4fe6064cc2f52555dc5a39ded342ef439eb599a,211,211,"Extract Method protected configDef(defaultConnectorVersion String, keyConverterDefaults ConverterDefaults, valueConverterDefaults ConverterDefaults, headerConverterDefaults ConverterDefaults, recommender PluginsRecommenders) : ConfigDef extracted from public configDef() : ConfigDef in class org.apache.kafka.connect.runtime.ConnectorConfig",True,True
connect/runtime/src/main/java/org/apache/kafka/connect/runtime/AbstractHerder.java,Extract Method,336,10,5,f4fe6064cc2f52555dc5a39ded342ef439eb599a,212,212,"Extract Method private validateAllConverterConfigs(connectorProps Map<String,String>, validatedConnectorConfig Map<String,ConfigValue>, connectorLoader ClassLoader, reportStage Function<String,TemporaryStage>) : ConfigInfos extracted from package validateConnectorConfig(connectorProps Map<String,String>, reportStage Function<String,TemporaryStage>, doLog boolean) : ConfigInfos in class org.apache.kafka.connect.runtime.AbstractHerder",True,True
connect/runtime/src/main/java/org/apache/kafka/connect/runtime/AbstractHerder.java,Extract Method,611,10,5,f4fe6064cc2f52555dc5a39ded342ef439eb599a,213,213,"Extract Method private validateClientOverrides(connectorProps Map<String,String>, connectorType org.apache.kafka.connect.health.ConnectorType, connectorClass Class<? extends Connector>, reportStage Function<String,TemporaryStage>, doLog boolean) : ConfigInfos extracted from package validateConnectorConfig(connectorProps Map<String,String>, reportStage Function<String,TemporaryStage>, doLog boolean) : ConfigInfos in class org.apache.kafka.connect.runtime.AbstractHerder",True,True
connect/runtime/src/main/java/org/apache/kafka/connect/runtime/AbstractHerder.java,Extract Method,399,10,5,f4fe6064cc2f52555dc5a39ded342ef439eb599a,214,214,"Extract Method private validateConnectorPluginSpecifiedConfigs(connectorProps Map<String,String>, validatedConnectorConfig Map<String,ConfigValue>, enrichedConfigDef ConfigDef, connector Connector, reportStage Function<String,TemporaryStage>) : ConfigInfos extracted from package validateConnectorConfig(connectorProps Map<String,String>, reportStage Function<String,TemporaryStage>, doLog boolean) : ConfigInfos in class org.apache.kafka.connect.runtime.AbstractHerder",True,True
connect/runtime/src/main/java/org/apache/kafka/connect/runtime/AbstractHerder.java,Extract Method,256,10,5,f4fe6064cc2f52555dc5a39ded342ef439eb599a,215,215,"Extract Method private addNullValuedErrors(connectorProps Map<String,String>, validatedConfig Map<String,ConfigValue>) : void extracted from package validateConnectorConfig(connectorProps Map<String,String>, reportStage Function<String,TemporaryStage>, doLog boolean) : ConfigInfos in class org.apache.kafka.connect.runtime.AbstractHerder",True,True
connect/runtime/src/main/java/org/apache/kafka/connect/runtime/AbstractHerder.java,Extract Method,199,10,5,f4fe6064cc2f52555dc5a39ded342ef439eb599a,216,216,"Extract Method private addNullValuedErrors(connectorProps Map<String,String>, validatedConfig Map<String,ConfigValue>) : void extracted from package validateConnectorConfig(connectorProps Map<String,String>, reportStage Function<String,TemporaryStage>, doLog boolean) : ConfigInfos in class org.apache.kafka.connect.runtime.AbstractHerder",True,True
connect/runtime/src/main/java/org/apache/kafka/connect/runtime/AbstractHerder.java,Extract Method,257,10,5,f4fe6064cc2f52555dc5a39ded342ef439eb599a,217,217,"Extract Method private invalidVersionedConnectorValidation(connectorProps Map<String,String>, e VersionedPluginLoadingException, reportStage Function<String,TemporaryStage>) : ConfigInfos extracted from package validateConnectorConfig(connectorProps Map<String,String>, reportStage Function<String,TemporaryStage>, doLog boolean) : ConfigInfos in class org.apache.kafka.connect.runtime.AbstractHerder",True,True
connect/runtime/src/main/java/org/apache/kafka/connect/runtime/AbstractHerder.java,Extract Method,454,10,5,f4fe6064cc2f52555dc5a39ded342ef439eb599a,218,218,"Extract Method public connectorPluginConfig(pluginName String, range VersionRange) : List<ConfigKeyInfo> extracted from public connectorPluginConfig(pluginName String) : List<ConfigKeyInfo> in class org.apache.kafka.connect.runtime.AbstractHerder",True,True
connect/runtime/src/main/java/org/apache/kafka/connect/runtime/AbstractHerder.java,Parameterize Variable,19,6,3,f4fe6064cc2f52555dc5a39ded342ef439eb599a,219,219,"Parameterize Variable validatedConnectorConfig : Map<String,ConfigValue> to validatedConfig : Map<String,ConfigValue> in method private addNullValuedErrors(connectorProps Map<String,String>, validatedConfig Map<String,ConfigValue>) : void from class org.apache.kafka.connect.runtime.AbstractHerder",True,True
connect/runtime/src/main/java/org/apache/kafka/connect/runtime/AbstractHerder.java,Inline Method,255,10,4,f4fe6064cc2f52555dc5a39ded342ef439eb599a,220,220,"Inline Method private validateHeaderConverterConfig(connectorConfig Map<String,String>, headerConverterConfigValue ConfigValue, reportStage Function<String,TemporaryStage>) : ConfigInfos inlined to private validateAllConverterConfigs(connectorProps Map<String,String>, validatedConnectorConfig Map<String,ConfigValue>, connectorLoader ClassLoader, reportStage Function<String,TemporaryStage>) : ConfigInfos in class org.apache.kafka.connect.runtime.AbstractHerder",True,True
connect/runtime/src/main/java/org/apache/kafka/connect/runtime/AbstractHerder.java,Inline Method,242,10,3,f4fe6064cc2f52555dc5a39ded342ef439eb599a,221,221,"Inline Method private validateKeyConverterConfig(connectorConfig Map<String,String>, keyConverterConfigValue ConfigValue, reportStage Function<String,TemporaryStage>) : ConfigInfos inlined to private validateAllConverterConfigs(connectorProps Map<String,String>, validatedConnectorConfig Map<String,ConfigValue>, connectorLoader ClassLoader, reportStage Function<String,TemporaryStage>) : ConfigInfos in class org.apache.kafka.connect.runtime.AbstractHerder",True,True
connect/runtime/src/main/java/org/apache/kafka/connect/runtime/AbstractHerder.java,Inline Method,242,10,3,f4fe6064cc2f52555dc5a39ded342ef439eb599a,222,222,"Inline Method private validateValueConverterConfig(connectorConfig Map<String,String>, valueConverterConfigValue ConfigValue, reportStage Function<String,TemporaryStage>) : ConfigInfos inlined to private validateAllConverterConfigs(connectorProps Map<String,String>, validatedConnectorConfig Map<String,ConfigValue>, connectorLoader ClassLoader, reportStage Function<String,TemporaryStage>) : ConfigInfos in class org.apache.kafka.connect.runtime.AbstractHerder",True,True
connect/runtime/src/main/java/org/apache/kafka/connect/runtime/AbstractHerder.java,Rename Variable,20,6,2,f4fe6064cc2f52555dc5a39ded342ef439eb599a,223,223,"Rename Variable valueConverterConfigInfos : ConfigInfos to converterConfigInfo : ConfigInfos in method package validateConnectorConfig(connectorProps Map<String,String>, reportStage Function<String,TemporaryStage>, doLog boolean) : ConfigInfos from class org.apache.kafka.connect.runtime.AbstractHerder",True,True
connect/runtime/src/main/java/org/apache/kafka/connect/runtime/AbstractHerder.java,Change Variable Type,4,1,2,f4fe6064cc2f52555dc5a39ded342ef439eb599a,224,224,"Change Variable Type e : ConnectException to e : Exception in method public connectorType(connConfig Map<String,String>) : ConnectorType from class org.apache.kafka.connect.runtime.AbstractHerder",True,True
connect/runtime/src/main/java/org/apache/kafka/connect/runtime/AbstractHerder.java,Add Parameter,227,10,1,f4fe6064cc2f52555dc5a39ded342ef439eb599a,225,225,"Add Parameter pluginVersionValue : ConfigValue in method private validateConverterConfig(connectorConfig Map<String,String>, pluginConfigValue ConfigValue, pluginVersionValue ConfigValue, pluginInterface Class<T>, configDefAccessor Function<T,ConfigDef>, pluginName String, pluginProperty String, pluginVersionProperty String, defaultProperties Map<String,String>, connectorLoader ClassLoader, reportStage Function<String,TemporaryStage>) : ConfigInfos from class org.apache.kafka.connect.runtime.AbstractHerder",True,True
connect/runtime/src/main/java/org/apache/kafka/connect/runtime/AbstractHerder.java,Add Parameter,227,10,1,f4fe6064cc2f52555dc5a39ded342ef439eb599a,226,226,"Add Parameter pluginVersionProperty : String in method private validateConverterConfig(connectorConfig Map<String,String>, pluginConfigValue ConfigValue, pluginVersionValue ConfigValue, pluginInterface Class<T>, configDefAccessor Function<T,ConfigDef>, pluginName String, pluginProperty String, pluginVersionProperty String, defaultProperties Map<String,String>, connectorLoader ClassLoader, reportStage Function<String,TemporaryStage>) : ConfigInfos from class org.apache.kafka.connect.runtime.AbstractHerder",True,True
connect/runtime/src/main/java/org/apache/kafka/connect/runtime/AbstractHerder.java,Add Parameter,227,10,1,f4fe6064cc2f52555dc5a39ded342ef439eb599a,227,227,"Add Parameter connectorLoader : ClassLoader in method private validateConverterConfig(connectorConfig Map<String,String>, pluginConfigValue ConfigValue, pluginVersionValue ConfigValue, pluginInterface Class<T>, configDefAccessor Function<T,ConfigDef>, pluginName String, pluginProperty String, pluginVersionProperty String, defaultProperties Map<String,String>, connectorLoader ClassLoader, reportStage Function<String,TemporaryStage>) : ConfigInfos from class org.apache.kafka.connect.runtime.AbstractHerder",True,True
connect/runtime/src/main/java/org/apache/kafka/connect/runtime/AbstractHerder.java,Add Method Annotation,227,10,1,f4fe6064cc2f52555dc5a39ded342ef439eb599a,228,228,"Add Method Annotation @SuppressWarnings(""unchecked"") in method private validateConverterConfig(connectorConfig Map<String,String>, pluginConfigValue ConfigValue, pluginVersionValue ConfigValue, pluginInterface Class<T>, configDefAccessor Function<T,ConfigDef>, pluginName String, pluginProperty String, pluginVersionProperty String, defaultProperties Map<String,String>, connectorLoader ClassLoader, reportStage Function<String,TemporaryStage>) : ConfigInfos from class org.apache.kafka.connect.runtime.AbstractHerder",True,True
connect/runtime/src/test/java/org/apache/kafka/connect/runtime/standalone/StandaloneHerderTest.java,Add Method Annotation,63,10,1,f4fe6064cc2f52555dc5a39ded342ef439eb599a,229,229,"Add Method Annotation @SuppressWarnings(""rawtypes"") in method public testCreateConnectorFailedValidation() : void from class org.apache.kafka.connect.runtime.standalone.StandaloneHerderTest",True,True
connect/runtime/src/test/java/org/apache/kafka/connect/runtime/standalone/StandaloneHerderTest.java,Add Method Annotation,92,10,1,f4fe6064cc2f52555dc5a39ded342ef439eb599a,230,230,"Add Method Annotation @SuppressWarnings(""rawtypes"") in method public testCorruptConfig() : void from class org.apache.kafka.connect.runtime.standalone.StandaloneHerderTest",True,True
connect/runtime/src/test/java/org/apache/kafka/connect/runtime/standalone/StandaloneHerderTest.java,Add Method Annotation,48,10,1,f4fe6064cc2f52555dc5a39ded342ef439eb599a,231,231,"Add Method Annotation @SuppressWarnings(""rawtypes"") in method private expectConfigValidation(sourceSink SourceSink, configs Map<String,String>...) : void from class org.apache.kafka.connect.runtime.standalone.StandaloneHerderTest",True,True
connect/runtime/src/main/java/org/apache/kafka/connect/runtime/AbstractHerder.java,Inline Method,272,10,4,f4fe6064cc2f52555dc5a39ded342ef439eb599a,232,232,"Inline Method private validateHeaderConverterConfig(connectorConfig Map<String,String>, headerConverterConfigValue ConfigValue, reportStage Function<String,TemporaryStage>) : ConfigInfos inlined to package validateConnectorConfig(connectorProps Map<String,String>, reportStage Function<String,TemporaryStage>, doLog boolean) : ConfigInfos in class org.apache.kafka.connect.runtime.AbstractHerder",True,True
connect/runtime/src/main/java/org/apache/kafka/connect/runtime/AbstractHerder.java,Inline Method,272,10,4,f4fe6064cc2f52555dc5a39ded342ef439eb599a,233,233,"Inline Method private validateKeyConverterConfig(connectorConfig Map<String,String>, keyConverterConfigValue ConfigValue, reportStage Function<String,TemporaryStage>) : ConfigInfos inlined to package validateConnectorConfig(connectorProps Map<String,String>, reportStage Function<String,TemporaryStage>, doLog boolean) : ConfigInfos in class org.apache.kafka.connect.runtime.AbstractHerder",True,True
connect/runtime/src/main/java/org/apache/kafka/connect/runtime/AbstractHerder.java,Inline Method,272,10,4,f4fe6064cc2f52555dc5a39ded342ef439eb599a,234,234,"Inline Method private validateValueConverterConfig(connectorConfig Map<String,String>, valueConverterConfigValue ConfigValue, reportStage Function<String,TemporaryStage>) : ConfigInfos inlined to package validateConnectorConfig(connectorProps Map<String,String>, reportStage Function<String,TemporaryStage>, doLog boolean) : ConfigInfos in class org.apache.kafka.connect.runtime.AbstractHerder",True,True
streams/src/main/java/org/apache/kafka/streams/kstream/internals/graph/KTableKTableJoinNode.java,Remove Parameter,51,10,1,21563380f3e5bfab901d60319d58de93cada61d3,235,235,"Remove Parameter storeFactory : StoreFactory in method package KTableKTableJoinNode(nodeName String, joinThisProcessorParameters ProcessorParameters<K,Change<V1>,?,?>, joinOtherProcessorParameters ProcessorParameters<K,Change<V2>,?,?>, joinMergeProcessorParameters ProcessorParameters<K,Change<VR>,?,?>, thisJoinSide String, otherJoinSide String, keySerde Serde<K>, valueSerde Serde<VR>, joinThisStoreNames String[], joinOtherStoreNames String[], storeFactory StoreFactory) from class org.apache.kafka.streams.kstream.internals.graph.KTableKTableJoinNode",True,True
streams/src/main/java/org/apache/kafka/streams/kstream/internals/KTableKTableJoinMerger.java,Add Parameter,17,5,1,21563380f3e5bfab901d60319d58de93cada61d3,236,236,"Add Parameter storeFactory : StoreFactory in method package KTableKTableJoinMerger(parent1 KTableProcessorSupplier<K,?,K,V>, parent2 KTableProcessorSupplier<K,?,K,V>, queryableName String, storeFactory StoreFactory) from class org.apache.kafka.streams.kstream.internals.KTableKTableJoinMerger",True,True
streams/src/main/java/org/apache/kafka/streams/kstream/internals/KTableKTableJoinMerger.java,Add Parameter,12,4,1,21563380f3e5bfab901d60319d58de93cada61d3,237,237,"Add Parameter stores : StoreFactory in method public of(parent1 KTableProcessorSupplier<K,?,K,V>, parent2 KTableProcessorSupplier<K,?,K,V>, queryableName String, stores StoreFactory) : KTableKTableJoinMerger<K,V> from class org.apache.kafka.streams.kstream.internals.KTableKTableJoinMerger",True,True
streams/src/main/java/org/apache/kafka/streams/kstream/internals/graph/KTableKTableJoinNode.java,Rename Method,8,2,1,21563380f3e5bfab901d60319d58de93cada61d3,238,238,"Rename Method public withQueryableStoreName(queryableStoreName String) : KTableKTableJoinNodeBuilder<K,V1,V2,VR> renamed to public withMergeProcessorParameters(joinMergeProcessorParameters ProcessorParameters<K,Change<VR>,?,?>) : KTableKTableJoinNodeBuilder<K,V1,V2,VR> in class org.apache.kafka.streams.kstream.internals.graph.KTableKTableJoinNode.KTableKTableJoinNodeBuilder",True,True
streams/src/main/java/org/apache/kafka/streams/kstream/internals/graph/KTableKTableJoinNode.java,Remove Method Annotation,36,10,1,21563380f3e5bfab901d60319d58de93cada61d3,239,239,"Remove Method Annotation @SuppressWarnings(""unchecked"") in method public build() : KTableKTableJoinNode<K,V1,V2,VR> from class org.apache.kafka.streams.kstream.internals.graph.KTableKTableJoinNode.KTableKTableJoinNodeBuilder",True,True
streams/src/main/java/org/apache/kafka/streams/kstream/internals/graph/KTableKTableJoinNode.java,Change Parameter Type,4,1,2,21563380f3e5bfab901d60319d58de93cada61d3,240,240,"Change Parameter Type queryableStoreName : String to joinMergeProcessorParameters : ProcessorParameters<K,Change<VR>,?,?> in method public withMergeProcessorParameters(joinMergeProcessorParameters ProcessorParameters<K,Change<VR>,?,?>) : KTableKTableJoinNodeBuilder<K,V1,V2,VR> from class org.apache.kafka.streams.kstream.internals.graph.KTableKTableJoinNode.KTableKTableJoinNodeBuilder",True,True
streams/src/main/java/org/apache/kafka/streams/kstream/internals/graph/KTableKTableJoinNode.java,Rename Parameter,4,1,2,21563380f3e5bfab901d60319d58de93cada61d3,241,241,"Rename Parameter queryableStoreName : String to joinMergeProcessorParameters : ProcessorParameters<K,Change<VR>,?,?> in method public withMergeProcessorParameters(joinMergeProcessorParameters ProcessorParameters<K,Change<VR>,?,?>) : KTableKTableJoinNodeBuilder<K,V1,V2,VR> from class org.apache.kafka.streams.kstream.internals.graph.KTableKTableJoinNode.KTableKTableJoinNodeBuilder",True,True
streams/src/main/java/org/apache/kafka/streams/kstream/internals/graph/KTableKTableJoinNode.java,Rename Attribute,2,1,1,21563380f3e5bfab901d60319d58de93cada61d3,242,242,"Rename Attribute queryableStoreName : String to joinMergeProcessorParameters : ProcessorParameters<K,Change<VR>,?,?> in class org.apache.kafka.streams.kstream.internals.graph.KTableKTableJoinNode.KTableKTableJoinNodeBuilder",True,True
streams/src/main/java/org/apache/kafka/streams/kstream/internals/graph/KTableKTableJoinNode.java,Change Attribute Type,2,1,1,21563380f3e5bfab901d60319d58de93cada61d3,243,243,"Change Attribute Type queryableStoreName : String to joinMergeProcessorParameters : ProcessorParameters<K,Change<VR>,?,?> in class org.apache.kafka.streams.kstream.internals.graph.KTableKTableJoinNode.KTableKTableJoinNodeBuilder",True,True
streams/src/main/java/org/apache/kafka/streams/kstream/internals/graph/ProcessorParameters.java,Change Parameter Type,6,2,3,21563380f3e5bfab901d60319d58de93cada61d3,244,244,"Change Parameter Type parentNodeNames : String[] to parentNodeNames : String... in method public addProcessorTo(topologyBuilder InternalTopologyBuilder, parentNodeNames String...) : void from class org.apache.kafka.streams.kstream.internals.graph.ProcessorParameters",True,True
streams/src/main/java/org/apache/kafka/streams/kstream/internals/graph/KTableKTableJoinNode.java,Move Attribute,2,1,1,21563380f3e5bfab901d60319d58de93cada61d3,245,245,Move Attribute private storeFactory : StoreFactory from class org.apache.kafka.streams.kstream.internals.graph.KTableKTableJoinNode to private storeFactory : StoreFactory from class org.apache.kafka.streams.kstream.internals.KTableKTableJoinMerger,True,True
share-coordinator/src/test/java/org/apache/kafka/coordinator/share/ShareCoordinatorConfigTest.java,Rename Class,81,10,1,4c5ea05ec85aba18abae1308f78345ff949659a5,246,246,Rename Class org.apache.kafka.coordinator.share.ShareCoordinatorConfigTest renamed to org.apache.kafka.coordinator.share.ShareCoordinatorTestConfig,True,True
share-coordinator/src/main/java/org/apache/kafka/coordinator/share/ShareCoordinatorService.java,Extract Variable,9,3,1,4c5ea05ec85aba18abae1308f78345ff949659a5,247,247,"Extract Variable tp : TopicPartition in method public onResignation(partitionIndex int, partitionLeaderEpoch OptionalInt) : void from class org.apache.kafka.coordinator.share.ShareCoordinatorService",True,True
share-coordinator/src/main/java/org/apache/kafka/coordinator/share/ShareCoordinatorService.java,Add Parameter,31,10,1,4c5ea05ec85aba18abae1308f78345ff949659a5,248,248,"Add Parameter timer : Timer in method public ShareCoordinatorService(logContext LogContext, config ShareCoordinatorConfig, runtime CoordinatorRuntime<ShareCoordinatorShard,CoordinatorRecord>, shareCoordinatorMetrics ShareCoordinatorMetrics, time Time, timer Timer, writer PartitionWriter) from class org.apache.kafka.coordinator.share.ShareCoordinatorService",True,True
share-coordinator/src/main/java/org/apache/kafka/coordinator/share/ShareCoordinatorService.java,Add Parameter,31,10,1,4c5ea05ec85aba18abae1308f78345ff949659a5,249,249,"Add Parameter writer : PartitionWriter in method public ShareCoordinatorService(logContext LogContext, config ShareCoordinatorConfig, runtime CoordinatorRuntime<ShareCoordinatorShard,CoordinatorRecord>, shareCoordinatorMetrics ShareCoordinatorMetrics, time Time, timer Timer, writer PartitionWriter) from class org.apache.kafka.coordinator.share.ShareCoordinatorService",True,True
share-coordinator/src/main/java/org/apache/kafka/coordinator/share/ShareCoordinatorShard.java,Extract Method,61,10,5,4c5ea05ec85aba18abae1308f78345ff949659a5,250,250,"Extract Method package ShareCoordinatorShard(logContext LogContext, config ShareCoordinatorConfig, coordinatorMetrics CoordinatorMetrics, metricsShard CoordinatorMetricsShard, snapshotRegistry SnapshotRegistry, offsetsManager ShareCoordinatorOffsetsManager) extracted from package ShareCoordinatorShard(logContext LogContext, config ShareCoordinatorConfig, coordinatorMetrics CoordinatorMetrics, metricsShard CoordinatorMetricsShard, snapshotRegistry SnapshotRegistry) in class org.apache.kafka.coordinator.share.ShareCoordinatorShard",True,True
share-coordinator/src/main/java/org/apache/kafka/coordinator/share/ShareCoordinatorShard.java,Add Parameter,33,10,1,4c5ea05ec85aba18abae1308f78345ff949659a5,251,251,"Add Parameter offset : long in method private handleShareSnapshot(key ShareSnapshotKey, value ShareSnapshotValue, offset long) : void from class org.apache.kafka.coordinator.share.ShareCoordinatorShard",True,True
metadata/src/test/java/org/apache/kafka/controller/QuorumControllerTest.java,Remove Parameter,37,10,1,772aa241b2f1c3e8c8b7ad73ddc910c8272f2d1d,252,252,"Remove Parameter stateInLog : Optional<ZkMigrationState> in method package getActivationRecords(metadataVersion MetadataVersion, stateInLog Optional<ZkMigrationState>) : FeatureControlManager from class org.apache.kafka.controller.QuorumControllerTest",True,True
metadata/src/main/java/org/apache/kafka/controller/ActivationRecordsGenerator.java,Remove Parameter,92,10,1,772aa241b2f1c3e8c8b7ad73ddc910c8272f2d1d,253,253,"Remove Parameter zkMigrationState : ZkMigrationState in method package recordsForNonEmptyLog(activationMessageConsumer Consumer<String>, transactionStartOffset long, zkMigrationState ZkMigrationState, curMetadataVersion MetadataVersion) : ControllerResult<Void> from class org.apache.kafka.controller.ActivationRecordsGenerator",True,True
metadata/src/main/java/org/apache/kafka/controller/ActivationRecordsGenerator.java,Remove Parameter,51,10,1,772aa241b2f1c3e8c8b7ad73ddc910c8272f2d1d,254,254,"Remove Parameter zkMigrationState : ZkMigrationState in method package generate(activationMessageConsumer Consumer<String>, isEmpty boolean, transactionStartOffset long, bootstrapMetadata BootstrapMetadata, zkMigrationState ZkMigrationState, curMetadataVersion MetadataVersion) : ControllerResult<Void> from class org.apache.kafka.controller.ActivationRecordsGenerator",True,True
metadata/src/main/java/org/apache/kafka/image/FeaturesImage.java,Remove Parameter,16,5,1,772aa241b2f1c3e8c8b7ad73ddc910c8272f2d1d,255,255,"Remove Parameter zkMigrationState : ZkMigrationState in method public FeaturesImage(finalizedVersions Map<String,Short>, metadataVersion MetadataVersion, zkMigrationState ZkMigrationState) from class org.apache.kafka.image.FeaturesImage",True,True
streams/src/main/java/org/apache/kafka/streams/kstream/internals/graph/StreamToTableNode.java,Remove Method Annotation,20,6,1,9b776ffc50ca14ce3fb63dbbdfce5860db3a9f56,256,256,"Remove Method Annotation @SuppressWarnings(""unchecked"") in method public writeToTopology(topologyBuilder InternalTopologyBuilder) : void from class org.apache.kafka.streams.kstream.internals.graph.StreamToTableNode",True,True
streams/src/main/java/org/apache/kafka/streams/kstream/internals/graph/StreamToTableNode.java,Remove Parameter,13,4,1,9b776ffc50ca14ce3fb63dbbdfce5860db3a9f56,257,257,"Remove Parameter materializedInternal : MaterializedInternal<K,V,?> in method public StreamToTableNode(nodeName String, processorParameters ProcessorParameters<K,V,?,?>, materializedInternal MaterializedInternal<K,V,?>) from class org.apache.kafka.streams.kstream.internals.graph.StreamToTableNode",True,True
streams/src/main/java/org/apache/kafka/streams/kstream/internals/KStreamJoinWindow.java,Change Parameter Type,4,1,2,ef2e4600f37316fee5f688972339e7ae6b8b6cd9,258,258,Change Parameter Type windowName : String to thisWindowStoreFactory : StoreFactory in method package KStreamJoinWindow(thisWindowStoreFactory StoreFactory) from class org.apache.kafka.streams.kstream.internals.KStreamJoinWindow,True,True
streams/src/main/java/org/apache/kafka/streams/kstream/internals/KStreamJoinWindow.java,Rename Parameter,4,1,2,ef2e4600f37316fee5f688972339e7ae6b8b6cd9,259,259,Rename Parameter windowName : String to thisWindowStoreFactory : StoreFactory in method package KStreamJoinWindow(thisWindowStoreFactory StoreFactory) from class org.apache.kafka.streams.kstream.internals.KStreamJoinWindow,True,True
streams/src/main/java/org/apache/kafka/streams/kstream/internals/KStreamJoinWindow.java,Rename Attribute,2,1,1,ef2e4600f37316fee5f688972339e7ae6b8b6cd9,260,260,Rename Attribute windowName : String to thisWindowStoreFactory : StoreFactory in class org.apache.kafka.streams.kstream.internals.KStreamJoinWindow,True,True
streams/src/main/java/org/apache/kafka/streams/kstream/internals/KStreamJoinWindow.java,Change Attribute Type,2,1,1,ef2e4600f37316fee5f688972339e7ae6b8b6cd9,261,261,Change Attribute Type windowName : String to thisWindowStoreFactory : StoreFactory in class org.apache.kafka.streams.kstream.internals.KStreamJoinWindow,True,True
streams/src/test/java/org/apache/kafka/streams/kstream/internals/KStreamKStreamJoinTest.java,Extract Variable,19,6,1,ef2e4600f37316fee5f688972339e7ae6b8b6cd9,262,262,"Extract Variable otherStoreBuilder : WindowStoreBuilder<String,String> in method public shouldThrottleEmitNonJoinedOuterRecordsEvenWhenClockDrift() : void from class org.apache.kafka.streams.kstream.internals.KStreamKStreamJoinTest",True,True
streams/src/test/java/org/apache/kafka/streams/kstream/internals/KStreamKStreamJoinTest.java,Extract Variable,15,5,1,ef2e4600f37316fee5f688972339e7ae6b8b6cd9,263,263,"Extract Variable outerStoreBuilder : KeyValueStoreBuilder<TimestampedKeyAndJoinSide<String>,LeftOrRightValue<String,String>> in method public shouldThrottleEmitNonJoinedOuterRecordsEvenWhenClockDrift() : void from class org.apache.kafka.streams.kstream.internals.KStreamKStreamJoinTest",True,True
streams/src/main/java/org/apache/kafka/streams/kstream/internals/KStreamKStreamJoin.java,Rename Attribute,2,1,1,ef2e4600f37316fee5f688972339e7ae6b8b6cd9,264,264,Rename Attribute otherWindowName : String to otherWindowStoreFactory : StoreFactory in class org.apache.kafka.streams.kstream.internals.KStreamKStreamJoin,True,True
streams/src/main/java/org/apache/kafka/streams/kstream/internals/KStreamKStreamJoin.java,Change Attribute Type,2,1,1,ef2e4600f37316fee5f688972339e7ae6b8b6cd9,265,265,Change Attribute Type otherWindowName : String to otherWindowStoreFactory : StoreFactory in class org.apache.kafka.streams.kstream.internals.KStreamKStreamJoin,True,True
streams/src/main/java/org/apache/kafka/streams/kstream/internals/KStreamKStreamJoin.java,Rename Attribute,2,1,1,ef2e4600f37316fee5f688972339e7ae6b8b6cd9,266,266,Rename Attribute outerJoinWindowName : Optional<String> to outerJoinWindowStoreFactory : Optional<StoreFactory> in class org.apache.kafka.streams.kstream.internals.KStreamKStreamJoin,True,True
streams/src/main/java/org/apache/kafka/streams/kstream/internals/KStreamKStreamJoin.java,Change Attribute Type,2,1,1,ef2e4600f37316fee5f688972339e7ae6b8b6cd9,267,267,Change Attribute Type outerJoinWindowName : Optional<String> to outerJoinWindowStoreFactory : Optional<StoreFactory> in class org.apache.kafka.streams.kstream.internals.KStreamKStreamJoin,True,True
streams/src/main/java/org/apache/kafka/streams/kstream/internals/KStreamKStreamJoinLeftSide.java,Add Parameter,19,6,1,ef2e4600f37316fee5f688972339e7ae6b8b6cd9,268,268,"Add Parameter otherWindowStoreFactory : StoreFactory in method package KStreamKStreamJoinLeftSide(windows JoinWindowsInternal, joiner ValueJoinerWithKey<? super K,? super VLeft,? super VRight,? extends VOut>, outer boolean, sharedTimeTrackerSupplier TimeTrackerSupplier, otherWindowStoreFactory StoreFactory, outerJoinWindowStoreFactory Optional<StoreFactory>) from class org.apache.kafka.streams.kstream.internals.KStreamKStreamJoinLeftSide",True,True
streams/src/main/java/org/apache/kafka/streams/kstream/internals/KStreamKStreamJoinLeftSide.java,Add Parameter,19,6,1,ef2e4600f37316fee5f688972339e7ae6b8b6cd9,269,269,"Add Parameter outerJoinWindowStoreFactory : Optional<StoreFactory> in method package KStreamKStreamJoinLeftSide(windows JoinWindowsInternal, joiner ValueJoinerWithKey<? super K,? super VLeft,? super VRight,? extends VOut>, outer boolean, sharedTimeTrackerSupplier TimeTrackerSupplier, otherWindowStoreFactory StoreFactory, outerJoinWindowStoreFactory Optional<StoreFactory>) from class org.apache.kafka.streams.kstream.internals.KStreamKStreamJoinLeftSide",True,True
streams/src/main/java/org/apache/kafka/streams/kstream/internals/KStreamKStreamJoinLeftSide.java,Remove Parameter,19,6,1,ef2e4600f37316fee5f688972339e7ae6b8b6cd9,270,270,"Remove Parameter otherWindowName : String in method package KStreamKStreamJoinLeftSide(otherWindowName String, windows JoinWindowsInternal, joiner ValueJoinerWithKey<? super K,? super VLeft,? super VRight,? extends VOut>, outer boolean, outerJoinWindowName Optional<String>, sharedTimeTrackerSupplier TimeTrackerSupplier) from class org.apache.kafka.streams.kstream.internals.KStreamKStreamJoinLeftSide",True,True
streams/src/main/java/org/apache/kafka/streams/kstream/internals/KStreamKStreamJoinLeftSide.java,Remove Parameter,19,6,1,ef2e4600f37316fee5f688972339e7ae6b8b6cd9,271,271,"Remove Parameter outerJoinWindowName : Optional<String> in method package KStreamKStreamJoinLeftSide(otherWindowName String, windows JoinWindowsInternal, joiner ValueJoinerWithKey<? super K,? super VLeft,? super VRight,? extends VOut>, outer boolean, outerJoinWindowName Optional<String>, sharedTimeTrackerSupplier TimeTrackerSupplier) from class org.apache.kafka.streams.kstream.internals.KStreamKStreamJoinLeftSide",True,True
streams/src/main/java/org/apache/kafka/streams/kstream/internals/KStreamKStreamJoinRightSide.java,Add Parameter,19,6,1,ef2e4600f37316fee5f688972339e7ae6b8b6cd9,272,272,"Add Parameter otherWindowStoreFactory : StoreFactory in method package KStreamKStreamJoinRightSide(windows JoinWindowsInternal, joiner ValueJoinerWithKey<? super K,? super VRight,? super VLeft,? extends VOut>, outer boolean, sharedTimeTrackerSupplier TimeTrackerSupplier, otherWindowStoreFactory StoreFactory, outerJoinWindowStoreFactory Optional<StoreFactory>) from class org.apache.kafka.streams.kstream.internals.KStreamKStreamJoinRightSide",True,True
streams/src/main/java/org/apache/kafka/streams/kstream/internals/KStreamKStreamJoinRightSide.java,Add Parameter,19,6,1,ef2e4600f37316fee5f688972339e7ae6b8b6cd9,273,273,"Add Parameter outerJoinWindowStoreFactory : Optional<StoreFactory> in method package KStreamKStreamJoinRightSide(windows JoinWindowsInternal, joiner ValueJoinerWithKey<? super K,? super VRight,? super VLeft,? extends VOut>, outer boolean, sharedTimeTrackerSupplier TimeTrackerSupplier, otherWindowStoreFactory StoreFactory, outerJoinWindowStoreFactory Optional<StoreFactory>) from class org.apache.kafka.streams.kstream.internals.KStreamKStreamJoinRightSide",True,True
streams/src/main/java/org/apache/kafka/streams/kstream/internals/KStreamKStreamJoinRightSide.java,Remove Parameter,19,6,1,ef2e4600f37316fee5f688972339e7ae6b8b6cd9,274,274,"Remove Parameter otherWindowName : String in method package KStreamKStreamJoinRightSide(otherWindowName String, windows JoinWindowsInternal, joiner ValueJoinerWithKey<? super K,? super VRight,? super VLeft,? extends VOut>, outer boolean, outerJoinWindowName Optional<String>, sharedTimeTrackerSupplier TimeTrackerSupplier) from class org.apache.kafka.streams.kstream.internals.KStreamKStreamJoinRightSide",True,True
streams/src/main/java/org/apache/kafka/streams/kstream/internals/KStreamKStreamJoinRightSide.java,Remove Parameter,19,6,1,ef2e4600f37316fee5f688972339e7ae6b8b6cd9,275,275,"Remove Parameter outerJoinWindowName : Optional<String> in method package KStreamKStreamJoinRightSide(otherWindowName String, windows JoinWindowsInternal, joiner ValueJoinerWithKey<? super K,? super VRight,? super VLeft,? extends VOut>, outer boolean, outerJoinWindowName Optional<String>, sharedTimeTrackerSupplier TimeTrackerSupplier) from class org.apache.kafka.streams.kstream.internals.KStreamKStreamJoinRightSide",True,True
streams/src/main/java/org/apache/kafka/streams/kstream/internals/KStreamKStreamSelfJoin.java,Change Parameter Type,4,1,2,ef2e4600f37316fee5f688972339e7ae6b8b6cd9,276,276,"Change Parameter Type windowName : String to windowStoreFactory : StoreFactory in method package KStreamKStreamSelfJoin(windowStoreFactory StoreFactory, windows JoinWindowsInternal, joinerThis ValueJoinerWithKey<? super K,? super V1,? super V2,? extends VOut>, retentionPeriod long) from class org.apache.kafka.streams.kstream.internals.KStreamKStreamSelfJoin",True,True
streams/src/main/java/org/apache/kafka/streams/kstream/internals/KStreamKStreamSelfJoin.java,Rename Parameter,4,1,2,ef2e4600f37316fee5f688972339e7ae6b8b6cd9,277,277,"Rename Parameter windowName : String to windowStoreFactory : StoreFactory in method package KStreamKStreamSelfJoin(windowStoreFactory StoreFactory, windows JoinWindowsInternal, joinerThis ValueJoinerWithKey<? super K,? super V1,? super V2,? extends VOut>, retentionPeriod long) from class org.apache.kafka.streams.kstream.internals.KStreamKStreamSelfJoin",True,True
streams/src/main/java/org/apache/kafka/streams/kstream/internals/KStreamKStreamSelfJoin.java,Rename Attribute,2,1,1,ef2e4600f37316fee5f688972339e7ae6b8b6cd9,278,278,Rename Attribute windowName : String to windowStoreFactory : StoreFactory in class org.apache.kafka.streams.kstream.internals.KStreamKStreamSelfJoin,True,True
streams/src/main/java/org/apache/kafka/streams/kstream/internals/KStreamKStreamSelfJoin.java,Change Attribute Type,2,1,1,ef2e4600f37316fee5f688972339e7ae6b8b6cd9,279,279,Change Attribute Type windowName : String to windowStoreFactory : StoreFactory in class org.apache.kafka.streams.kstream.internals.KStreamKStreamSelfJoin,True,True
streams/src/main/java/org/apache/kafka/streams/kstream/internals/graph/StreamStreamJoinNode.java,Rename Method,6,2,1,ef2e4600f37316fee5f688972339e7ae6b8b6cd9,280,280,"Rename Method public thisWindowedStreamProcessorParameters() : ProcessorParameters<K,V1,?,?> renamed to public thisWindowedStreamProcessorName() : String in class org.apache.kafka.streams.kstream.internals.graph.StreamStreamJoinNode",True,True
streams/src/main/java/org/apache/kafka/streams/kstream/internals/graph/StreamStreamJoinNode.java,Rename Method,6,2,1,ef2e4600f37316fee5f688972339e7ae6b8b6cd9,281,281,"Rename Method public otherWindowedStreamProcessorParameters() : ProcessorParameters<K,V2,?,?> renamed to public otherWindowedStreamProcessorName() : String in class org.apache.kafka.streams.kstream.internals.graph.StreamStreamJoinNode",True,True
streams/src/main/java/org/apache/kafka/streams/kstream/internals/graph/StreamStreamJoinNode.java,Replace Variable With Attribute,4,1,2,ef2e4600f37316fee5f688972339e7ae6b8b6cd9,282,282,Replace Variable With Attribute thisWindowedStreamProcessorName : String to thisWindowedStreamProcessorName : String in method public writeToTopology(topologyBuilder InternalTopologyBuilder) : void from class org.apache.kafka.streams.kstream.internals.graph.StreamStreamJoinNode,True,True
streams/src/main/java/org/apache/kafka/streams/kstream/internals/graph/StreamStreamJoinNode.java,Replace Variable With Attribute,4,1,2,ef2e4600f37316fee5f688972339e7ae6b8b6cd9,283,283,Replace Variable With Attribute otherWindowedStreamProcessorName : String to otherWindowedStreamProcessorName : String in method public writeToTopology(topologyBuilder InternalTopologyBuilder) : void from class org.apache.kafka.streams.kstream.internals.graph.StreamStreamJoinNode,True,True
streams/src/main/java/org/apache/kafka/streams/kstream/internals/graph/StreamStreamJoinNode.java,Add Parameter,53,10,1,ef2e4600f37316fee5f688972339e7ae6b8b6cd9,284,284,"Add Parameter thisWindowedStreamProcessorName : String in method private StreamStreamJoinNode(nodeName String, valueJoiner ValueJoinerWithKey<? super K,? super V1,? super V2,? extends VR>, joinThisProcessorParameters ProcessorParameters<K,V1,?,?>, joinOtherProcessParameters ProcessorParameters<K,V2,?,?>, joinMergeProcessorParameters ProcessorParameters<K,VR,?,?>, selfJoinProcessorParameters ProcessorParameters<K,V1,?,?>, thisWindowedStreamProcessorName String, otherWindowedStreamProcessorName String) from class org.apache.kafka.streams.kstream.internals.graph.StreamStreamJoinNode",True,True
streams/src/main/java/org/apache/kafka/streams/kstream/internals/graph/StreamStreamJoinNode.java,Add Parameter,53,10,1,ef2e4600f37316fee5f688972339e7ae6b8b6cd9,285,285,"Add Parameter otherWindowedStreamProcessorName : String in method private StreamStreamJoinNode(nodeName String, valueJoiner ValueJoinerWithKey<? super K,? super V1,? super V2,? extends VR>, joinThisProcessorParameters ProcessorParameters<K,V1,?,?>, joinOtherProcessParameters ProcessorParameters<K,V2,?,?>, joinMergeProcessorParameters ProcessorParameters<K,VR,?,?>, selfJoinProcessorParameters ProcessorParameters<K,V1,?,?>, thisWindowedStreamProcessorName String, otherWindowedStreamProcessorName String) from class org.apache.kafka.streams.kstream.internals.graph.StreamStreamJoinNode",True,True
streams/src/main/java/org/apache/kafka/streams/kstream/internals/graph/StreamStreamJoinNode.java,Remove Parameter,53,10,1,ef2e4600f37316fee5f688972339e7ae6b8b6cd9,286,286,"Remove Parameter thisWindowedStreamProcessorParameters : ProcessorParameters<K,V1,?,?> in method private StreamStreamJoinNode(nodeName String, valueJoiner ValueJoinerWithKey<? super K,? super V1,? super V2,? extends VR>, joinThisProcessorParameters ProcessorParameters<K,V1,?,?>, joinOtherProcessParameters ProcessorParameters<K,V2,?,?>, joinMergeProcessorParameters ProcessorParameters<K,VR,?,?>, thisWindowedStreamProcessorParameters ProcessorParameters<K,V1,?,?>, otherWindowedStreamProcessorParameters ProcessorParameters<K,V2,?,?>, thisStoreFactory StoreFactory, otherStoreFactory StoreFactory, outerJoinStoreFactory Optional<StoreFactory>, joined Joined<K,V1,V2>, enableSpuriousResultFix boolean, selfJoinProcessorParameters ProcessorParameters<K,V1,?,?>) from class org.apache.kafka.streams.kstream.internals.graph.StreamStreamJoinNode",True,True
streams/src/main/java/org/apache/kafka/streams/kstream/internals/graph/StreamStreamJoinNode.java,Remove Parameter,53,10,1,ef2e4600f37316fee5f688972339e7ae6b8b6cd9,287,287,"Remove Parameter otherWindowedStreamProcessorParameters : ProcessorParameters<K,V2,?,?> in method private StreamStreamJoinNode(nodeName String, valueJoiner ValueJoinerWithKey<? super K,? super V1,? super V2,? extends VR>, joinThisProcessorParameters ProcessorParameters<K,V1,?,?>, joinOtherProcessParameters ProcessorParameters<K,V2,?,?>, joinMergeProcessorParameters ProcessorParameters<K,VR,?,?>, thisWindowedStreamProcessorParameters ProcessorParameters<K,V1,?,?>, otherWindowedStreamProcessorParameters ProcessorParameters<K,V2,?,?>, thisStoreFactory StoreFactory, otherStoreFactory StoreFactory, outerJoinStoreFactory Optional<StoreFactory>, joined Joined<K,V1,V2>, enableSpuriousResultFix boolean, selfJoinProcessorParameters ProcessorParameters<K,V1,?,?>) from class org.apache.kafka.streams.kstream.internals.graph.StreamStreamJoinNode",True,True
streams/src/main/java/org/apache/kafka/streams/kstream/internals/graph/StreamStreamJoinNode.java,Remove Parameter,53,10,1,ef2e4600f37316fee5f688972339e7ae6b8b6cd9,288,288,"Remove Parameter thisStoreFactory : StoreFactory in method private StreamStreamJoinNode(nodeName String, valueJoiner ValueJoinerWithKey<? super K,? super V1,? super V2,? extends VR>, joinThisProcessorParameters ProcessorParameters<K,V1,?,?>, joinOtherProcessParameters ProcessorParameters<K,V2,?,?>, joinMergeProcessorParameters ProcessorParameters<K,VR,?,?>, thisWindowedStreamProcessorParameters ProcessorParameters<K,V1,?,?>, otherWindowedStreamProcessorParameters ProcessorParameters<K,V2,?,?>, thisStoreFactory StoreFactory, otherStoreFactory StoreFactory, outerJoinStoreFactory Optional<StoreFactory>, joined Joined<K,V1,V2>, enableSpuriousResultFix boolean, selfJoinProcessorParameters ProcessorParameters<K,V1,?,?>) from class org.apache.kafka.streams.kstream.internals.graph.StreamStreamJoinNode",True,True
streams/src/main/java/org/apache/kafka/streams/kstream/internals/graph/StreamStreamJoinNode.java,Remove Parameter,53,10,1,ef2e4600f37316fee5f688972339e7ae6b8b6cd9,289,289,"Remove Parameter otherStoreFactory : StoreFactory in method private StreamStreamJoinNode(nodeName String, valueJoiner ValueJoinerWithKey<? super K,? super V1,? super V2,? extends VR>, joinThisProcessorParameters ProcessorParameters<K,V1,?,?>, joinOtherProcessParameters ProcessorParameters<K,V2,?,?>, joinMergeProcessorParameters ProcessorParameters<K,VR,?,?>, thisWindowedStreamProcessorParameters ProcessorParameters<K,V1,?,?>, otherWindowedStreamProcessorParameters ProcessorParameters<K,V2,?,?>, thisStoreFactory StoreFactory, otherStoreFactory StoreFactory, outerJoinStoreFactory Optional<StoreFactory>, joined Joined<K,V1,V2>, enableSpuriousResultFix boolean, selfJoinProcessorParameters ProcessorParameters<K,V1,?,?>) from class org.apache.kafka.streams.kstream.internals.graph.StreamStreamJoinNode",True,True
streams/src/main/java/org/apache/kafka/streams/kstream/internals/graph/StreamStreamJoinNode.java,Remove Parameter,53,10,1,ef2e4600f37316fee5f688972339e7ae6b8b6cd9,290,290,"Remove Parameter outerJoinStoreFactory : Optional<StoreFactory> in method private StreamStreamJoinNode(nodeName String, valueJoiner ValueJoinerWithKey<? super K,? super V1,? super V2,? extends VR>, joinThisProcessorParameters ProcessorParameters<K,V1,?,?>, joinOtherProcessParameters ProcessorParameters<K,V2,?,?>, joinMergeProcessorParameters ProcessorParameters<K,VR,?,?>, thisWindowedStreamProcessorParameters ProcessorParameters<K,V1,?,?>, otherWindowedStreamProcessorParameters ProcessorParameters<K,V2,?,?>, thisStoreFactory StoreFactory, otherStoreFactory StoreFactory, outerJoinStoreFactory Optional<StoreFactory>, joined Joined<K,V1,V2>, enableSpuriousResultFix boolean, selfJoinProcessorParameters ProcessorParameters<K,V1,?,?>) from class org.apache.kafka.streams.kstream.internals.graph.StreamStreamJoinNode",True,True
streams/src/main/java/org/apache/kafka/streams/kstream/internals/graph/StreamStreamJoinNode.java,Remove Parameter,53,10,1,ef2e4600f37316fee5f688972339e7ae6b8b6cd9,291,291,"Remove Parameter joined : Joined<K,V1,V2> in method private StreamStreamJoinNode(nodeName String, valueJoiner ValueJoinerWithKey<? super K,? super V1,? super V2,? extends VR>, joinThisProcessorParameters ProcessorParameters<K,V1,?,?>, joinOtherProcessParameters ProcessorParameters<K,V2,?,?>, joinMergeProcessorParameters ProcessorParameters<K,VR,?,?>, thisWindowedStreamProcessorParameters ProcessorParameters<K,V1,?,?>, otherWindowedStreamProcessorParameters ProcessorParameters<K,V2,?,?>, thisStoreFactory StoreFactory, otherStoreFactory StoreFactory, outerJoinStoreFactory Optional<StoreFactory>, joined Joined<K,V1,V2>, enableSpuriousResultFix boolean, selfJoinProcessorParameters ProcessorParameters<K,V1,?,?>) from class org.apache.kafka.streams.kstream.internals.graph.StreamStreamJoinNode",True,True
streams/src/main/java/org/apache/kafka/streams/kstream/internals/graph/StreamStreamJoinNode.java,Remove Parameter,53,10,1,ef2e4600f37316fee5f688972339e7ae6b8b6cd9,292,292,"Remove Parameter enableSpuriousResultFix : boolean in method private StreamStreamJoinNode(nodeName String, valueJoiner ValueJoinerWithKey<? super K,? super V1,? super V2,? extends VR>, joinThisProcessorParameters ProcessorParameters<K,V1,?,?>, joinOtherProcessParameters ProcessorParameters<K,V2,?,?>, joinMergeProcessorParameters ProcessorParameters<K,VR,?,?>, thisWindowedStreamProcessorParameters ProcessorParameters<K,V1,?,?>, otherWindowedStreamProcessorParameters ProcessorParameters<K,V2,?,?>, thisStoreFactory StoreFactory, otherStoreFactory StoreFactory, outerJoinStoreFactory Optional<StoreFactory>, joined Joined<K,V1,V2>, enableSpuriousResultFix boolean, selfJoinProcessorParameters ProcessorParameters<K,V1,?,?>) from class org.apache.kafka.streams.kstream.internals.graph.StreamStreamJoinNode",True,True
streams/src/main/java/org/apache/kafka/streams/kstream/internals/graph/StreamStreamJoinNode.java,Change Return Type,8,2,2,ef2e4600f37316fee5f688972339e7ae6b8b6cd9,293,293,"Change Return Type ProcessorParameters<K,V1,?,?> to String in method public thisWindowedStreamProcessorName() : String from class org.apache.kafka.streams.kstream.internals.graph.StreamStreamJoinNode",True,True
streams/src/main/java/org/apache/kafka/streams/kstream/internals/graph/StreamStreamJoinNode.java,Change Return Type,8,2,2,ef2e4600f37316fee5f688972339e7ae6b8b6cd9,294,294,"Change Return Type ProcessorParameters<K,V2,?,?> to String in method public otherWindowedStreamProcessorName() : String from class org.apache.kafka.streams.kstream.internals.graph.StreamStreamJoinNode",True,True
streams/src/main/java/org/apache/kafka/streams/kstream/internals/graph/StreamStreamJoinNode.java,Rename Attribute,2,1,1,ef2e4600f37316fee5f688972339e7ae6b8b6cd9,295,295,"Rename Attribute thisWindowedStreamProcessorParameters : ProcessorParameters<K,V1,?,?> to thisWindowedStreamProcessorName : String in class org.apache.kafka.streams.kstream.internals.graph.StreamStreamJoinNode",True,True
streams/src/main/java/org/apache/kafka/streams/kstream/internals/graph/StreamStreamJoinNode.java,Change Attribute Type,2,1,1,ef2e4600f37316fee5f688972339e7ae6b8b6cd9,296,296,"Change Attribute Type thisWindowedStreamProcessorParameters : ProcessorParameters<K,V1,?,?> to thisWindowedStreamProcessorName : String in class org.apache.kafka.streams.kstream.internals.graph.StreamStreamJoinNode",True,True
streams/src/main/java/org/apache/kafka/streams/kstream/internals/graph/StreamStreamJoinNode.java,Rename Attribute,2,1,1,ef2e4600f37316fee5f688972339e7ae6b8b6cd9,297,297,"Rename Attribute otherWindowedStreamProcessorParameters : ProcessorParameters<K,V2,?,?> to otherWindowedStreamProcessorName : String in class org.apache.kafka.streams.kstream.internals.graph.StreamStreamJoinNode",True,True
streams/src/main/java/org/apache/kafka/streams/kstream/internals/graph/StreamStreamJoinNode.java,Change Attribute Type,2,1,1,ef2e4600f37316fee5f688972339e7ae6b8b6cd9,298,298,"Change Attribute Type otherWindowedStreamProcessorParameters : ProcessorParameters<K,V2,?,?> to otherWindowedStreamProcessorName : String in class org.apache.kafka.streams.kstream.internals.graph.StreamStreamJoinNode",True,True
streams/src/main/java/org/apache/kafka/streams/kstream/internals/graph/StreamStreamJoinNode.java,Rename Method,8,2,1,ef2e4600f37316fee5f688972339e7ae6b8b6cd9,299,299,"Rename Method public withThisWindowedStreamProcessorParameters(thisWindowedStreamProcessorParameters ProcessorParameters<K,V1,?,?>) : StreamStreamJoinNodeBuilder<K,V1,V2,VR> renamed to public withThisWindowedStreamProcessorName(thisWindowedStreamProcessorName String) : StreamStreamJoinNodeBuilder<K,V1,V2,VR> in class org.apache.kafka.streams.kstream.internals.graph.StreamStreamJoinNode.StreamStreamJoinNodeBuilder",True,True
streams/src/main/java/org/apache/kafka/streams/kstream/internals/graph/StreamStreamJoinNode.java,Rename Method,8,2,1,ef2e4600f37316fee5f688972339e7ae6b8b6cd9,300,300,"Rename Method public withThisWindowStoreBuilder(thisStoreFactory StoreFactory) : StreamStreamJoinNodeBuilder<K,V1,V2,VR> renamed to public withOtherWindowedStreamProcessorName(otherWindowedStreamProcessorName String) : StreamStreamJoinNodeBuilder<K,V1,V2,VR> in class org.apache.kafka.streams.kstream.internals.graph.StreamStreamJoinNode.StreamStreamJoinNodeBuilder",True,True
streams/src/main/java/org/apache/kafka/streams/kstream/internals/graph/StreamStreamJoinNode.java,Change Parameter Type,4,1,2,ef2e4600f37316fee5f688972339e7ae6b8b6cd9,301,301,"Change Parameter Type thisWindowedStreamProcessorParameters : ProcessorParameters<K,V1,?,?> to thisWindowedStreamProcessorName : String in method public withThisWindowedStreamProcessorName(thisWindowedStreamProcessorName String) : StreamStreamJoinNodeBuilder<K,V1,V2,VR> from class org.apache.kafka.streams.kstream.internals.graph.StreamStreamJoinNode.StreamStreamJoinNodeBuilder",True,True
streams/src/main/java/org/apache/kafka/streams/kstream/internals/graph/StreamStreamJoinNode.java,Rename Parameter,4,1,2,ef2e4600f37316fee5f688972339e7ae6b8b6cd9,302,302,"Rename Parameter thisWindowedStreamProcessorParameters : ProcessorParameters<K,V1,?,?> to thisWindowedStreamProcessorName : String in method public withThisWindowedStreamProcessorName(thisWindowedStreamProcessorName String) : StreamStreamJoinNodeBuilder<K,V1,V2,VR> from class org.apache.kafka.streams.kstream.internals.graph.StreamStreamJoinNode.StreamStreamJoinNodeBuilder",True,True
streams/src/main/java/org/apache/kafka/streams/kstream/internals/graph/StreamStreamJoinNode.java,Change Parameter Type,4,1,2,ef2e4600f37316fee5f688972339e7ae6b8b6cd9,303,303,"Change Parameter Type thisStoreFactory : StoreFactory to otherWindowedStreamProcessorName : String in method public withOtherWindowedStreamProcessorName(otherWindowedStreamProcessorName String) : StreamStreamJoinNodeBuilder<K,V1,V2,VR> from class org.apache.kafka.streams.kstream.internals.graph.StreamStreamJoinNode.StreamStreamJoinNodeBuilder",True,True
streams/src/main/java/org/apache/kafka/streams/kstream/internals/graph/StreamStreamJoinNode.java,Rename Parameter,4,1,2,ef2e4600f37316fee5f688972339e7ae6b8b6cd9,304,304,"Rename Parameter thisStoreFactory : StoreFactory to otherWindowedStreamProcessorName : String in method public withOtherWindowedStreamProcessorName(otherWindowedStreamProcessorName String) : StreamStreamJoinNodeBuilder<K,V1,V2,VR> from class org.apache.kafka.streams.kstream.internals.graph.StreamStreamJoinNode.StreamStreamJoinNodeBuilder",True,True
streams/src/main/java/org/apache/kafka/streams/kstream/internals/graph/StreamStreamJoinNode.java,Rename Attribute,2,1,1,ef2e4600f37316fee5f688972339e7ae6b8b6cd9,305,305,Rename Attribute thisStoreFactory : StoreFactory to otherWindowedStreamProcessorName : String in class org.apache.kafka.streams.kstream.internals.graph.StreamStreamJoinNode.StreamStreamJoinNodeBuilder,True,True
streams/src/main/java/org/apache/kafka/streams/kstream/internals/graph/StreamStreamJoinNode.java,Change Attribute Type,2,1,1,ef2e4600f37316fee5f688972339e7ae6b8b6cd9,306,306,Change Attribute Type thisStoreFactory : StoreFactory to otherWindowedStreamProcessorName : String in class org.apache.kafka.streams.kstream.internals.graph.StreamStreamJoinNode.StreamStreamJoinNodeBuilder,True,True
streams/src/main/java/org/apache/kafka/streams/kstream/internals/KStreamKStreamJoin.java,Add Parameter,41,10,1,ef2e4600f37316fee5f688972339e7ae6b8b6cd9,307,307,"Add Parameter otherWindowStoreFactory : StoreFactory in method package KStreamKStreamJoin(windows JoinWindowsInternal, joiner ValueJoinerWithKey<? super K,? super VThis,? super VOther,? extends VOut>, outer boolean, joinBeforeMs long, joinAfterMs long, sharedTimeTrackerSupplier TimeTrackerSupplier, otherWindowStoreFactory StoreFactory, outerJoinWindowStoreFactory Optional<StoreFactory>) from class org.apache.kafka.streams.kstream.internals.KStreamKStreamJoin",True,True
streams/src/main/java/org/apache/kafka/streams/kstream/internals/KStreamKStreamJoin.java,Add Parameter,41,10,1,ef2e4600f37316fee5f688972339e7ae6b8b6cd9,308,308,"Add Parameter outerJoinWindowStoreFactory : Optional<StoreFactory> in method package KStreamKStreamJoin(windows JoinWindowsInternal, joiner ValueJoinerWithKey<? super K,? super VThis,? super VOther,? extends VOut>, outer boolean, joinBeforeMs long, joinAfterMs long, sharedTimeTrackerSupplier TimeTrackerSupplier, otherWindowStoreFactory StoreFactory, outerJoinWindowStoreFactory Optional<StoreFactory>) from class org.apache.kafka.streams.kstream.internals.KStreamKStreamJoin",True,True
streams/src/main/java/org/apache/kafka/streams/kstream/internals/KStreamKStreamJoin.java,Remove Parameter,41,10,1,ef2e4600f37316fee5f688972339e7ae6b8b6cd9,309,309,"Remove Parameter otherWindowName : String in method package KStreamKStreamJoin(otherWindowName String, windows JoinWindowsInternal, joiner ValueJoinerWithKey<? super K,? super VThis,? super VOther,? extends VOut>, outer boolean, outerJoinWindowName Optional<String>, joinBeforeMs long, joinAfterMs long, sharedTimeTrackerSupplier TimeTrackerSupplier) from class org.apache.kafka.streams.kstream.internals.KStreamKStreamJoin",True,True
streams/src/main/java/org/apache/kafka/streams/kstream/internals/KStreamKStreamJoin.java,Remove Parameter,41,10,1,ef2e4600f37316fee5f688972339e7ae6b8b6cd9,310,310,"Remove Parameter outerJoinWindowName : Optional<String> in method package KStreamKStreamJoin(otherWindowName String, windows JoinWindowsInternal, joiner ValueJoinerWithKey<? super K,? super VThis,? super VOther,? extends VOut>, outer boolean, outerJoinWindowName Optional<String>, joinBeforeMs long, joinAfterMs long, sharedTimeTrackerSupplier TimeTrackerSupplier) from class org.apache.kafka.streams.kstream.internals.KStreamKStreamJoin",True,True
test-common/src/main/java/org/apache/kafka/common/test/TestUtils.java,Inline Method,226,10,5,baa870a5829b0b3184cadb2c68ea3276a7f1dd3c,311,311,"Inline Method package retryOnExceptionWithTimeout(runnable Runnable) : void inlined to public waitForCondition(testCondition Supplier<Boolean>, maxWaitMs long, conditionDetails String) : void in class org.apache.kafka.common.test.TestUtils",True,True
test-common/src/main/java/org/apache/kafka/common/test/TestUtils.java,Parameterize Attribute,6,2,3,baa870a5829b0b3184cadb2c68ea3276a7f1dd3c,312,312,"Parameterize Attribute DEFAULT_TIMEOUT_MS : long to maxWaitMs : long in method public waitForCondition(testCondition Supplier<Boolean>, maxWaitMs long, conditionDetails String) : void from class org.apache.kafka.common.test.TestUtils",True,True
connect/runtime/src/test/java/org/apache/kafka/connect/runtime/AbstractHerderTest.java,Modify Method Annotation,18,6,2,92352a96e86a13dc126e38c31a18c6365600382f,313,313,"Modify Method Annotation @SuppressWarnings(""unchecked, rawtypes"") to @SuppressWarnings({""unchecked"",""rawtypes""}) in method private mockValidationIsolation(connectorClass String, connector Connector) : void from class org.apache.kafka.connect.runtime.AbstractHerderTest",True,True
tools/src/main/java/org/apache/kafka/tools/consumer/group/GroupInformation.java,Add Parameter,25,8,1,d5ad9228cf4bdec50bd40afc4e9c8be16a25d220,314,314,"Add Parameter groupEpoch : Optional<Integer> in method package GroupInformation(group String, coordinator Node, assignmentStrategy String, groupState GroupState, numMembers int, groupEpoch Optional<Integer>, targetAssignmentEpoch Optional<Integer>) from class org.apache.kafka.tools.consumer.group.GroupInformation",True,True
tools/src/main/java/org/apache/kafka/tools/consumer/group/GroupInformation.java,Add Parameter,25,8,1,d5ad9228cf4bdec50bd40afc4e9c8be16a25d220,315,315,"Add Parameter targetAssignmentEpoch : Optional<Integer> in method package GroupInformation(group String, coordinator Node, assignmentStrategy String, groupState GroupState, numMembers int, groupEpoch Optional<Integer>, targetAssignmentEpoch Optional<Integer>) from class org.apache.kafka.tools.consumer.group.GroupInformation",True,True
tools/src/main/java/org/apache/kafka/tools/consumer/group/MemberAssignmentState.java,Add Parameter,36,10,1,d5ad9228cf4bdec50bd40afc4e9c8be16a25d220,316,316,"Add Parameter targetAssignment : List<TopicPartition> in method package MemberAssignmentState(group String, consumerId String, host String, clientId String, groupInstanceId String, numPartitions int, assignment List<TopicPartition>, targetAssignment List<TopicPartition>, currentEpoch Optional<Integer>, targetEpoch Optional<Integer>, upgraded Optional<Boolean>) from class org.apache.kafka.tools.consumer.group.MemberAssignmentState",True,True
tools/src/main/java/org/apache/kafka/tools/consumer/group/MemberAssignmentState.java,Add Parameter,36,10,1,d5ad9228cf4bdec50bd40afc4e9c8be16a25d220,317,317,"Add Parameter currentEpoch : Optional<Integer> in method package MemberAssignmentState(group String, consumerId String, host String, clientId String, groupInstanceId String, numPartitions int, assignment List<TopicPartition>, targetAssignment List<TopicPartition>, currentEpoch Optional<Integer>, targetEpoch Optional<Integer>, upgraded Optional<Boolean>) from class org.apache.kafka.tools.consumer.group.MemberAssignmentState",True,True
tools/src/main/java/org/apache/kafka/tools/consumer/group/MemberAssignmentState.java,Add Parameter,36,10,1,d5ad9228cf4bdec50bd40afc4e9c8be16a25d220,318,318,"Add Parameter targetEpoch : Optional<Integer> in method package MemberAssignmentState(group String, consumerId String, host String, clientId String, groupInstanceId String, numPartitions int, assignment List<TopicPartition>, targetAssignment List<TopicPartition>, currentEpoch Optional<Integer>, targetEpoch Optional<Integer>, upgraded Optional<Boolean>) from class org.apache.kafka.tools.consumer.group.MemberAssignmentState",True,True
tools/src/main/java/org/apache/kafka/tools/consumer/group/MemberAssignmentState.java,Add Parameter,36,10,1,d5ad9228cf4bdec50bd40afc4e9c8be16a25d220,319,319,"Add Parameter upgraded : Optional<Boolean> in method package MemberAssignmentState(group String, consumerId String, host String, clientId String, groupInstanceId String, numPartitions int, assignment List<TopicPartition>, targetAssignment List<TopicPartition>, currentEpoch Optional<Integer>, targetEpoch Optional<Integer>, upgraded Optional<Boolean>) from class org.apache.kafka.tools.consumer.group.MemberAssignmentState",True,True
tools/src/main/java/org/apache/kafka/tools/consumer/group/PartitionAssignmentState.java,Add Parameter,41,10,1,d5ad9228cf4bdec50bd40afc4e9c8be16a25d220,320,320,"Add Parameter leaderEpoch : Optional<Integer> in method package PartitionAssignmentState(group String, coordinator Optional<Node>, topic Optional<String>, partition Optional<Integer>, offset Optional<Long>, lag Optional<Long>, consumerId Optional<String>, host Optional<String>, clientId Optional<String>, logEndOffset Optional<Long>, leaderEpoch Optional<Integer>) from class org.apache.kafka.tools.consumer.group.PartitionAssignmentState",True,True
tools/src/test/java/org/apache/kafka/tools/consumer/group/ConsumerGroupCommandTestUtils.java,Change Method Access Modifier,48,10,1,d5ad9228cf4bdec50bd40afc4e9c8be16a25d220,321,321,"Change Method Access Modifier private to package in method package buildConsumers(numberOfConsumers int, syncCommit boolean, consumerSupplier Supplier<KafkaConsumer<T,T>>, setPartitions Consumer<KafkaConsumer<T,T>>) : AutoCloseable from class org.apache.kafka.tools.consumer.group.ConsumerGroupCommandTestUtils",True,True
tools/src/main/java/org/apache/kafka/tools/consumer/group/ConsumerGroupCommand.java,Extract Method,204,10,5,d5ad9228cf4bdec50bd40afc4e9c8be16a25d220,322,322,"Extract Method private getAssignmentString(assignment List<TopicPartition>) : String extracted from private printMembers(members Map<String,Entry<Optional<GroupState>,Optional<Collection<MemberAssignmentState>>>>, verbose boolean) : void in class org.apache.kafka.tools.consumer.group.ConsumerGroupCommand.ConsumerGroupService",True,True
tools/src/main/java/org/apache/kafka/tools/consumer/group/ConsumerGroupCommand.java,Extract Method,392,10,5,d5ad9228cf4bdec50bd40afc4e9c8be16a25d220,323,323,"Extract Method private printMembersHelper(memberAssignments Collection<MemberAssignmentState>, verbose boolean, includeGroupInstanceId boolean, hasMigrationMember boolean, formatWithGroupInstanceId String, formatWithoutGroupInstanceId String, formatWithUpgrade String, formatWithoutUpgrade String) : void extracted from private printMembers(members Map<String,Entry<Optional<GroupState>,Optional<Collection<MemberAssignmentState>>>>, verbose boolean) : void in class org.apache.kafka.tools.consumer.group.ConsumerGroupCommand.ConsumerGroupService",True,True
tools/src/main/java/org/apache/kafka/tools/consumer/group/ConsumerGroupCommand.java,Replace Conditional With Ternary,111,10,2,d5ad9228cf4bdec50bd40afc4e9c8be16a25d220,324,324,"Replace Conditional With Ternary if(memberAssignment.assignment.isEmpty()) to String currentAssignment=memberAssignment.assignment.isEmpty() ? MISSING_COLUMN_VALUE : getAssignmentString(memberAssignment.assignment); in method private printMembersHelper(memberAssignments Collection<MemberAssignmentState>, verbose boolean, includeGroupInstanceId boolean, hasMigrationMember boolean, formatWithGroupInstanceId String, formatWithoutGroupInstanceId String, formatWithUpgrade String, formatWithoutUpgrade String) : void from class org.apache.kafka.tools.consumer.group.ConsumerGroupCommand.ConsumerGroupService",True,True
tools/src/main/java/org/apache/kafka/tools/consumer/group/ConsumerGroupCommand.java,Parameterize Variable,8,2,2,d5ad9228cf4bdec50bd40afc4e9c8be16a25d220,325,325,"Parameterize Variable format0 : String to formatWithGroupInstanceId : String in method private printMembersHelper(memberAssignments Collection<MemberAssignmentState>, verbose boolean, includeGroupInstanceId boolean, hasMigrationMember boolean, formatWithGroupInstanceId String, formatWithoutGroupInstanceId String, formatWithUpgrade String, formatWithoutUpgrade String) : void from class org.apache.kafka.tools.consumer.group.ConsumerGroupCommand.ConsumerGroupService",True,True
tools/src/main/java/org/apache/kafka/tools/consumer/group/ConsumerGroupCommand.java,Move Code,135,10,4,d5ad9228cf4bdec50bd40afc4e9c8be16a25d220,326,326,"Move Code from private printMembers(members Map<String,Entry<Optional<GroupState>,Optional<Collection<MemberAssignmentState>>>>, verbose boolean) : void to private printMembers(members Map<String,Entry<Optional<GroupState>,Optional<Collection<MemberAssignmentState>>>>, verbose boolean) : void in class org.apache.kafka.tools.consumer.group.ConsumerGroupCommand.ConsumerGroupService",True,True
tools/src/main/java/org/apache/kafka/tools/consumer/group/ConsumerGroupCommand.java,Rename Variable,6,2,3,d5ad9228cf4bdec50bd40afc4e9c8be16a25d220,327,327,"Rename Variable format0 : String to formatWithGroupInstanceId : String in method private printMembers(members Map<String,Entry<Optional<GroupState>,Optional<Collection<MemberAssignmentState>>>>, verbose boolean) : void from class org.apache.kafka.tools.consumer.group.ConsumerGroupCommand.ConsumerGroupService",True,True
tools/src/main/java/org/apache/kafka/tools/consumer/group/ConsumerGroupCommand.java,Rename Variable,6,2,3,d5ad9228cf4bdec50bd40afc4e9c8be16a25d220,328,328,"Rename Variable format1 : String to formatWithoutGroupInstanceId : String in method private printMembers(members Map<String,Entry<Optional<GroupState>,Optional<Collection<MemberAssignmentState>>>>, verbose boolean) : void from class org.apache.kafka.tools.consumer.group.ConsumerGroupCommand.ConsumerGroupService",True,True
tools/src/main/java/org/apache/kafka/tools/consumer/group/ConsumerGroupCommand.java,Add Parameter,71,10,1,d5ad9228cf4bdec50bd40afc4e9c8be16a25d220,329,329,"Add Parameter verbose : boolean in method private printOffsets(offsets Map<String,Entry<Optional<GroupState>,Optional<Collection<PartitionAssignmentState>>>>, verbose boolean) : void from class org.apache.kafka.tools.consumer.group.ConsumerGroupCommand.ConsumerGroupService",True,True
tools/src/main/java/org/apache/kafka/tools/consumer/group/ConsumerGroupCommand.java,Add Parameter,40,10,1,d5ad9228cf4bdec50bd40afc4e9c8be16a25d220,330,330,"Add Parameter verbose : boolean in method private printOffsetFormat(assignments Optional<Collection<PartitionAssignmentState>>, verbose boolean) : String from class org.apache.kafka.tools.consumer.group.ConsumerGroupCommand.ConsumerGroupService",True,True
tools/src/main/java/org/apache/kafka/tools/consumer/group/ConsumerGroupCommand.java,Extract Variable,3,1,1,d5ad9228cf4bdec50bd40afc4e9c8be16a25d220,331,331,"Extract Variable assignmentStrategy : String in method private printStates(states Map<String,GroupInformation>, verbose boolean) : void from class org.apache.kafka.tools.consumer.group.ConsumerGroupCommand.ConsumerGroupService",True,True
tools/src/main/java/org/apache/kafka/tools/consumer/group/ConsumerGroupCommand.java,Add Parameter,39,10,1,d5ad9228cf4bdec50bd40afc4e9c8be16a25d220,332,332,"Add Parameter verbose : boolean in method private printStates(states Map<String,GroupInformation>, verbose boolean) : void from class org.apache.kafka.tools.consumer.group.ConsumerGroupCommand.ConsumerGroupService",True,True
tools/src/main/java/org/apache/kafka/tools/consumer/group/ConsumerGroupCommand.java,Change Parameter Type,4,1,2,d5ad9228cf4bdec50bd40afc4e9c8be16a25d220,333,333,"Change Parameter Type getPartitionOffset : Function<TopicPartition,Optional<Long>> to committedOffsets : Map<TopicPartition,OffsetAndMetadata> in method private collectConsumerAssignment(group String, coordinator Optional<Node>, topicPartitions Collection<TopicPartition>, committedOffsets Map<TopicPartition,OffsetAndMetadata>, consumerIdOpt Optional<String>, hostOpt Optional<String>, clientIdOpt Optional<String>) : Collection<PartitionAssignmentState> from class org.apache.kafka.tools.consumer.group.ConsumerGroupCommand.ConsumerGroupService",True,True
tools/src/main/java/org/apache/kafka/tools/consumer/group/ConsumerGroupCommand.java,Rename Parameter,4,1,2,d5ad9228cf4bdec50bd40afc4e9c8be16a25d220,334,334,"Rename Parameter getPartitionOffset : Function<TopicPartition,Optional<Long>> to committedOffsets : Map<TopicPartition,OffsetAndMetadata> in method private collectConsumerAssignment(group String, coordinator Optional<Node>, topicPartitions Collection<TopicPartition>, committedOffsets Map<TopicPartition,OffsetAndMetadata>, consumerIdOpt Optional<String>, hostOpt Optional<String>, clientIdOpt Optional<String>) : Collection<PartitionAssignmentState> from class org.apache.kafka.tools.consumer.group.ConsumerGroupCommand.ConsumerGroupService",True,True
tools/src/main/java/org/apache/kafka/tools/consumer/group/ConsumerGroupCommand.java,Rename Parameter,2,1,1,d5ad9228cf4bdec50bd40afc4e9c8be16a25d220,335,335,"Rename Parameter getPartitionOffset : Function<TopicPartition,Optional<Long>> to committedOffsets : Map<TopicPartition,OffsetAndMetadata> in method private describePartitions(group String, coordinator Optional<Node>, topicPartitions List<TopicPartition>, committedOffsets Map<TopicPartition,OffsetAndMetadata>, consumerIdOpt Optional<String>, hostOpt Optional<String>, clientIdOpt Optional<String>) : Collection<PartitionAssignmentState> from class org.apache.kafka.tools.consumer.group.ConsumerGroupCommand.ConsumerGroupService",True,True
tools/src/main/java/org/apache/kafka/tools/consumer/group/ConsumerGroupCommand.java,Change Parameter Type,2,1,1,d5ad9228cf4bdec50bd40afc4e9c8be16a25d220,336,336,"Change Parameter Type getPartitionOffset : Function<TopicPartition,Optional<Long>> to committedOffsets : Map<TopicPartition,OffsetAndMetadata> in method private describePartitions(group String, coordinator Optional<Node>, topicPartitions List<TopicPartition>, committedOffsets Map<TopicPartition,OffsetAndMetadata>, consumerIdOpt Optional<String>, hostOpt Optional<String>, clientIdOpt Optional<String>) : Collection<PartitionAssignmentState> from class org.apache.kafka.tools.consumer.group.ConsumerGroupCommand.ConsumerGroupService",True,True
tools/src/main/java/org/apache/kafka/tools/consumer/group/ConsumerGroupCommand.java,Remove Parameter,7,2,1,d5ad9228cf4bdec50bd40afc4e9c8be16a25d220,337,337,"Remove Parameter verbose : boolean in method package collectGroupMembers(groupId String, verbose boolean) : Entry<Optional<GroupState>,Optional<Collection<MemberAssignmentState>>> from class org.apache.kafka.tools.consumer.group.ConsumerGroupCommand.ConsumerGroupService",True,True
tools/src/main/java/org/apache/kafka/tools/consumer/group/ConsumerGroupCommand.java,Remove Parameter,45,10,1,d5ad9228cf4bdec50bd40afc4e9c8be16a25d220,338,338,"Remove Parameter verbose : boolean in method package collectGroupsMembers(groupIds Collection<String>, verbose boolean) : TreeMap<String,Entry<Optional<GroupState>,Optional<Collection<MemberAssignmentState>>>> from class org.apache.kafka.tools.consumer.group.ConsumerGroupCommand.ConsumerGroupService",True,True
tools/src/test/java/org/apache/kafka/tools/consumer/group/DescribeConsumerGroupTest.java,Rename Method,61,10,1,d5ad9228cf4bdec50bd40afc4e9c8be16a25d220,339,339,Rename Method public testDescribeExistingGroup(clusterInstance ClusterInstance) : void renamed to public testDescribeGroupOffsets(clusterInstance ClusterInstance) : void in class org.apache.kafka.tools.consumer.group.DescribeConsumerGroupTest,True,True
tools/src/test/java/org/apache/kafka/tools/consumer/group/DescribeConsumerGroupTest.java,Rename Method,38,10,1,d5ad9228cf4bdec50bd40afc4e9c8be16a25d220,340,340,"Rename Method private checkArgsOutput(args List<String>, output String) : boolean renamed to private checkArgsHeaderOutput(args List<String>, output String) : boolean in class org.apache.kafka.tools.consumer.group.DescribeConsumerGroupTest",True,True
tools/src/test/java/org/apache/kafka/tools/consumer/group/DescribeConsumerGroupTest.java,Rename Method,18,6,1,d5ad9228cf4bdec50bd40afc4e9c8be16a25d220,341,341,"Rename Method private checkMembersArgsOutput(output String, verbose boolean) : boolean renamed to private checkMembersArgsHeaderOutput(output String, verbose boolean) : boolean in class org.apache.kafka.tools.consumer.group.DescribeConsumerGroupTest",True,True
tools/src/test/java/org/apache/kafka/tools/consumer/group/DescribeConsumerGroupTest.java,Extract Method,60,10,5,d5ad9228cf4bdec50bd40afc4e9c8be16a25d220,342,342,"Extract Method private consumerGroupClosable(protocol GroupProtocol, groupId String, topicNames Set<String>, customConfigs Map<String,Object>, numConsumers int) : AutoCloseable extracted from private consumerGroupClosable(protocol GroupProtocol, groupId String, topicName String, customConfigs Map<String,Object>, numConsumers int) : AutoCloseable in class org.apache.kafka.tools.consumer.group.DescribeConsumerGroupTest",True,True
tools/src/test/java/org/apache/kafka/tools/consumer/group/DescribeConsumerGroupTest.java,Rename Variable,39,10,4,d5ad9228cf4bdec50bd40afc4e9c8be16a25d220,343,343,Rename Variable protocolGroup : String to group : String in method public testDescribeGroupOffsets(clusterInstance ClusterInstance) : void from class org.apache.kafka.tools.consumer.group.DescribeConsumerGroupTest,True,True
clients/src/test/java/org/apache/kafka/clients/consumer/internals/NetworkClientDelegateTest.java,Extract Method,64,10,5,770d64d2ccbc02ba8579c6f50b2901a3f2245928,344,344,"Extract Method public newNetworkClientDelegate(notifyMetadataErrorsViaErrorQueue boolean, asyncConsumerMetrics AsyncConsumerMetrics) : NetworkClientDelegate extracted from public newNetworkClientDelegate(notifyMetadataErrorsViaErrorQueue boolean) : NetworkClientDelegate in class org.apache.kafka.clients.consumer.internals.NetworkClientDelegateTest",True,True
clients/src/test/java/org/apache/kafka/clients/consumer/internals/NetworkClientDelegateTest.java,Change Variable Type,10,3,5,770d64d2ccbc02ba8579c6f50b2901a3f2245928,345,345,Change Variable Type backgroundEventQueue : LinkedList<BackgroundEvent> to backgroundEventQueue : BlockingQueue<BackgroundEvent> in method public testPropagateMetadataErrorWithErrorEvent() : void from class org.apache.kafka.clients.consumer.internals.NetworkClientDelegateTest,True,True
clients/src/main/java/org/apache/kafka/clients/consumer/internals/events/ApplicationEventHandler.java,Add Parameter,41,10,1,770d64d2ccbc02ba8579c6f50b2901a3f2245928,346,346,"Add Parameter asyncConsumerMetrics : AsyncConsumerMetrics in method public ApplicationEventHandler(logContext LogContext, time Time, applicationEventQueue BlockingQueue<ApplicationEvent>, applicationEventReaper CompletableEventReaper, applicationEventProcessorSupplier Supplier<ApplicationEventProcessor>, networkClientDelegateSupplier Supplier<NetworkClientDelegate>, requestManagersSupplier Supplier<RequestManagers>, asyncConsumerMetrics AsyncConsumerMetrics) from class org.apache.kafka.clients.consumer.internals.events.ApplicationEventHandler",True,True
clients/src/main/java/org/apache/kafka/clients/consumer/internals/events/BackgroundEventHandler.java,Change Attribute Type,2,1,1,770d64d2ccbc02ba8579c6f50b2901a3f2245928,347,347,Change Attribute Type backgroundEventQueue : Queue<BackgroundEvent> to backgroundEventQueue : BlockingQueue<BackgroundEvent> in class org.apache.kafka.clients.consumer.internals.events.BackgroundEventHandler,True,True
clients/src/main/java/org/apache/kafka/clients/consumer/internals/events/BackgroundEventHandler.java,Change Parameter Type,4,1,2,770d64d2ccbc02ba8579c6f50b2901a3f2245928,348,348,"Change Parameter Type backgroundEventQueue : Queue<BackgroundEvent> to backgroundEventQueue : BlockingQueue<BackgroundEvent> in method public BackgroundEventHandler(backgroundEventQueue BlockingQueue<BackgroundEvent>, time Time, asyncConsumerMetrics AsyncConsumerMetrics) from class org.apache.kafka.clients.consumer.internals.events.BackgroundEventHandler",True,True
clients/src/main/java/org/apache/kafka/clients/consumer/internals/events/BackgroundEventHandler.java,Add Parameter,11,3,1,770d64d2ccbc02ba8579c6f50b2901a3f2245928,349,349,"Add Parameter time : Time in method public BackgroundEventHandler(backgroundEventQueue BlockingQueue<BackgroundEvent>, time Time, asyncConsumerMetrics AsyncConsumerMetrics) from class org.apache.kafka.clients.consumer.internals.events.BackgroundEventHandler",True,True
