file_path,refactoring_type,lines_changed,cyclomatic_complexity,nesting_depth,commit_sha,commit_idx,refactoring_idx,description,has_left_locations,has_right_locations
spring-context/src/test/java/org/springframework/format/datetime/standard/DurationFormatterUtilsTests.java,Modify Method Annotation,16,5,2,d421f61a4ac2a323fbaa3e5b9b619a99069e09c0,0,0,Modify Method Annotation @EnumSource(DurationFormat.Style.class) to @EnumSource in method package parseEmptyStringFailsWithDedicatedException(style DurationFormat.Style) : void from class org.springframework.format.datetime.standard.DurationFormatterUtilsTests,True,True
spring-context/src/test/java/org/springframework/format/datetime/standard/DurationFormatterUtilsTests.java,Modify Method Annotation,16,5,2,d421f61a4ac2a323fbaa3e5b9b619a99069e09c0,1,1,Modify Method Annotation @EnumSource(DurationFormat.Style.class) to @EnumSource in method package parseNullStringFailsWithDedicatedException(style DurationFormat.Style) : void from class org.springframework.format.datetime.standard.DurationFormatterUtilsTests,True,True
spring-jdbc/src/test/java/org/springframework/jdbc/support/incrementer/H2SequenceMaxValueIncrementerTests.java,Modify Method Annotation,32,10,2,f5c3f3522e1a790999f0d9078e7ff288644f324b,2,2,Modify Method Annotation @EnumSource(ModeEnum.class) to @EnumSource in method package incrementsSequenceWithExplicitH2CompatibilityMode(mode ModeEnum) : void from class org.springframework.jdbc.support.incrementer.H2SequenceMaxValueIncrementerTests,True,True
spring-web/src/test/java/org/springframework/web/util/UriComponentsBuilderTests.java,Modify Method Annotation,44,10,2,f5c3f3522e1a790999f0d9078e7ff288644f324b,3,3,Modify Method Annotation @EnumSource(value = ParserType.class) to @EnumSource in method package examplesInReferenceManual(parserType ParserType) : void from class org.springframework.web.util.UriComponentsBuilderTests,True,True
spring-web/src/test/java/org/springframework/web/util/UriComponentsBuilderTests.java,Modify Method Annotation,22,7,2,f5c3f3522e1a790999f0d9078e7ff288644f324b,4,4,Modify Method Annotation @EnumSource(value = ParserType.class) to @EnumSource in method package fromUriEncodedQuery(parserType ParserType) : void from class org.springframework.web.util.UriComponentsBuilderTests,True,True
spring-web/src/test/java/org/springframework/web/util/UriComponentsBuilderTests.java,Modify Method Annotation,114,10,2,f5c3f3522e1a790999f0d9078e7ff288644f324b,5,5,Modify Method Annotation @EnumSource(value = ParserType.class) to @EnumSource in method package fromUriString(parserType ParserType) : void from class org.springframework.web.util.UriComponentsBuilderTests,True,True
spring-web/src/test/java/org/springframework/web/util/UriComponentsBuilderTests.java,Modify Method Annotation,20,6,2,f5c3f3522e1a790999f0d9078e7ff288644f324b,6,6,Modify Method Annotation @EnumSource(value = ParserType.class) to @EnumSource in method package fromUriStringQueryParamWithReservedCharInValue(parserType ParserType) : void from class org.springframework.web.util.UriComponentsBuilderTests,True,True
spring-web/src/test/java/org/springframework/web/util/UriComponentsBuilderTests.java,Modify Method Annotation,18,6,2,f5c3f3522e1a790999f0d9078e7ff288644f324b,7,7,Modify Method Annotation @EnumSource(value = ParserType.class) to @EnumSource in method package fromUriStringQueryParamEncodedAndContainingPlus(parserType ParserType) : void from class org.springframework.web.util.UriComponentsBuilderTests,True,True
spring-web/src/test/java/org/springframework/web/util/UriComponentsBuilderTests.java,Modify Method Annotation,16,5,2,f5c3f3522e1a790999f0d9078e7ff288644f324b,8,8,Modify Method Annotation @EnumSource(value = ParserType.class) to @EnumSource in method package fromUriStringIPv6Host(parserType ParserType) : void from class org.springframework.web.util.UriComponentsBuilderTests,True,True
spring-web/src/test/java/org/springframework/web/util/UriComponentsBuilderTests.java,Modify Method Annotation,14,4,2,f5c3f3522e1a790999f0d9078e7ff288644f324b,9,9,Modify Method Annotation @EnumSource(value = ParserType.class) to @EnumSource in method package fromUriStringInvalidIPv6Host(parserType ParserType) : void from class org.springframework.web.util.UriComponentsBuilderTests,True,True
spring-web/src/test/java/org/springframework/web/util/UriComponentsBuilderTests.java,Modify Method Annotation,20,6,2,f5c3f3522e1a790999f0d9078e7ff288644f324b,10,10,Modify Method Annotation @EnumSource(value = ParserType.class) to @EnumSource in method package fromUriStringNoPathWithReservedCharInQuery(parserType ParserType) : void from class org.springframework.web.util.UriComponentsBuilderTests,True,True
spring-web/src/test/java/org/springframework/web/util/UriComponentsBuilderTests.java,Modify Method Annotation,18,6,2,f5c3f3522e1a790999f0d9078e7ff288644f324b,11,11,Modify Method Annotation @EnumSource(value = ParserType.class) to @EnumSource in method package fromHttpUrlQueryParamEncodedAndContainingPlus(parserType ParserType) : void from class org.springframework.web.util.UriComponentsBuilderTests,True,True
spring-web/src/test/java/org/springframework/web/util/UriComponentsBuilderTests.java,Modify Method Annotation,18,6,2,f5c3f3522e1a790999f0d9078e7ff288644f324b,12,12,Modify Method Annotation @EnumSource(value = ParserType.class) to @EnumSource in method package fromHttpUrlCaseInsensitiveScheme(parserType ParserType) : void from class org.springframework.web.util.UriComponentsBuilderTests,True,True
spring-web/src/test/java/org/springframework/web/util/UriComponentsBuilderTests.java,Modify Method Annotation,14,4,2,f5c3f3522e1a790999f0d9078e7ff288644f324b,13,13,Modify Method Annotation @EnumSource(value = ParserType.class) to @EnumSource in method package fromHttpUrlInvalidIPv6Host(parserType ParserType) : void from class org.springframework.web.util.UriComponentsBuilderTests,True,True
spring-web/src/test/java/org/springframework/web/util/UriComponentsBuilderTests.java,Modify Method Annotation,80,10,2,f5c3f3522e1a790999f0d9078e7ff288644f324b,14,14,Modify Method Annotation @EnumSource(value = ParserType.class) to @EnumSource in method package fromHttpUrlWithoutFragment(parserType ParserType) : void from class org.springframework.web.util.UriComponentsBuilderTests,True,True
spring-web/src/test/java/org/springframework/web/util/UriComponentsBuilderTests.java,Modify Method Annotation,80,10,2,f5c3f3522e1a790999f0d9078e7ff288644f324b,15,15,Modify Method Annotation @EnumSource(value = ParserType.class) to @EnumSource in method package fromHttpUrlWithFragment(parserType ParserType) : void from class org.springframework.web.util.UriComponentsBuilderTests,True,True
spring-web/src/test/java/org/springframework/web/util/UriComponentsBuilderTests.java,Modify Method Annotation,32,10,2,f5c3f3522e1a790999f0d9078e7ff288644f324b,16,16,Modify Method Annotation @EnumSource(value = ParserType.class) to @EnumSource in method package replacePath(parserType ParserType) : void from class org.springframework.web.util.UriComponentsBuilderTests,True,True
spring-web/src/test/java/org/springframework/web/util/UriComponentsBuilderTests.java,Modify Method Annotation,32,10,2,f5c3f3522e1a790999f0d9078e7ff288644f324b,17,17,Modify Method Annotation @EnumSource(value = ParserType.class) to @EnumSource in method package replaceQuery(parserType ParserType) : void from class org.springframework.web.util.UriComponentsBuilderTests,True,True
spring-web/src/test/java/org/springframework/web/util/UriComponentsBuilderTests.java,Modify Method Annotation,24,8,2,f5c3f3522e1a790999f0d9078e7ff288644f324b,18,18,Modify Method Annotation @EnumSource(value = ParserType.class) to @EnumSource in method package parseBuildAndExpandHierarchical(parserType ParserType) : void from class org.springframework.web.util.UriComponentsBuilderTests,True,True
spring-web/src/test/java/org/springframework/web/util/UriComponentsBuilderTests.java,Modify Method Annotation,28,9,2,f5c3f3522e1a790999f0d9078e7ff288644f324b,19,19,Modify Method Annotation @EnumSource(value = ParserType.class) to @EnumSource in method package buildAndExpandOpaque(parserType ParserType) : void from class org.springframework.web.util.UriComponentsBuilderTests,True,True
spring-web/src/test/java/org/springframework/web/util/UriComponentsBuilderTests.java,Modify Method Annotation,32,10,2,f5c3f3522e1a790999f0d9078e7ff288644f324b,20,20,Modify Method Annotation @EnumSource(value = ParserType.class) to @EnumSource in method package schemeVariableMixedCase(parserType ParserType) : void from class org.springframework.web.util.UriComponentsBuilderTests,True,True
spring-web/src/test/java/org/springframework/web/util/UriComponentsBuilderTests.java,Modify Method Annotation,16,5,2,f5c3f3522e1a790999f0d9078e7ff288644f324b,21,21,Modify Method Annotation @EnumSource(value = ParserType.class) to @EnumSource in method package queryParamWithValueWithEquals(parserType ParserType) : void from class org.springframework.web.util.UriComponentsBuilderTests,True,True
spring-web/src/test/java/org/springframework/web/util/UriComponentsBuilderTests.java,Modify Method Annotation,16,5,2,f5c3f3522e1a790999f0d9078e7ff288644f324b,22,22,Modify Method Annotation @EnumSource(value = ParserType.class) to @EnumSource in method package queryParamWithoutValueWithEquals(parserType ParserType) : void from class org.springframework.web.util.UriComponentsBuilderTests,True,True
spring-web/src/test/java/org/springframework/web/util/UriComponentsBuilderTests.java,Modify Method Annotation,20,6,2,f5c3f3522e1a790999f0d9078e7ff288644f324b,23,23,Modify Method Annotation @EnumSource(value = ParserType.class) to @EnumSource in method package queryParamWithoutValueWithoutEquals(parserType ParserType) : void from class org.springframework.web.util.UriComponentsBuilderTests,True,True
spring-web/src/test/java/org/springframework/web/util/UriComponentsBuilderTests.java,Modify Method Annotation,36,10,2,f5c3f3522e1a790999f0d9078e7ff288644f324b,24,24,Modify Method Annotation @EnumSource(value = ParserType.class) to @EnumSource in method package relativeUrls(parserType ParserType) : void from class org.springframework.web.util.UriComponentsBuilderTests,True,True
spring-web/src/test/java/org/springframework/web/util/UriComponentsBuilderTests.java,Modify Method Annotation,28,9,2,f5c3f3522e1a790999f0d9078e7ff288644f324b,25,25,Modify Method Annotation @EnumSource(value = ParserType.class) to @EnumSource in method package emptySegments(parserType ParserType) : void from class org.springframework.web.util.UriComponentsBuilderTests,True,True
spring-web/src/test/java/org/springframework/web/util/UriComponentsBuilderTests.java,Modify Method Annotation,16,5,2,f5c3f3522e1a790999f0d9078e7ff288644f324b,26,26,Modify Method Annotation @EnumSource(value = ParserType.class) to @EnumSource in method package parsesEmptyFragment(parserType ParserType) : void from class org.springframework.web.util.UriComponentsBuilderTests,True,True
spring-web/src/test/java/org/springframework/web/util/UriComponentsBuilderTests.java,Modify Method Annotation,14,4,2,f5c3f3522e1a790999f0d9078e7ff288644f324b,27,27,Modify Method Annotation @EnumSource(value = ParserType.class) to @EnumSource in method package parsesEmptyUri(parserType ParserType) : void from class org.springframework.web.util.UriComponentsBuilderTests,True,True
spring-web/src/test/java/org/springframework/web/util/UriComponentsBuilderTests.java,Modify Method Annotation,60,10,2,f5c3f3522e1a790999f0d9078e7ff288644f324b,28,28,Modify Method Annotation @EnumSource(value = ParserType.class) to @EnumSource in method package encodeTemplateWithInvalidPlaceholderSyntax(parserType ParserType) : void from class org.springframework.web.util.UriComponentsBuilderTests,True,True
spring-web/src/test/java/org/springframework/web/util/UriComponentsBuilderTests.java,Modify Method Annotation,22,7,2,f5c3f3522e1a790999f0d9078e7ff288644f324b,29,29,Modify Method Annotation @EnumSource(value = ParserType.class) to @EnumSource in method package uriComponentsNotEqualAfterNormalization(parserType ParserType) : void from class org.springframework.web.util.UriComponentsBuilderTests,True,True
spring-web/src/test/java/org/springframework/web/util/UriComponentsBuilderTests.java,Modify Method Annotation,20,6,2,f5c3f3522e1a790999f0d9078e7ff288644f324b,30,30,Modify Method Annotation @EnumSource(value = ParserType.class) to @EnumSource in method package uriComponentsWithMergedQueryParams(parserType ParserType) : void from class org.springframework.web.util.UriComponentsBuilderTests,True,True
spring-web/src/test/java/org/springframework/web/util/UriComponentsBuilderTests.java,Modify Method Annotation,14,4,2,f5c3f3522e1a790999f0d9078e7ff288644f324b,31,31,Modify Method Annotation @EnumSource(value = ParserType.class) to @EnumSource in method package toUriStringWithCurlyBraces(parserType ParserType) : void from class org.springframework.web.util.UriComponentsBuilderTests,True,True
spring-web/src/test/java/org/springframework/web/util/UriComponentsBuilderTests.java,Modify Method Annotation,32,10,2,f5c3f3522e1a790999f0d9078e7ff288644f324b,32,32,Modify Method Annotation @EnumSource(value = ParserType.class) to @EnumSource in method package validPort(parserType ParserType) : void from class org.springframework.web.util.UriComponentsBuilderTests,True,True
spring-web/src/test/java/org/springframework/web/util/UriComponentsBuilderTests.java,Modify Method Annotation,20,6,2,f5c3f3522e1a790999f0d9078e7ff288644f324b,33,33,Modify Method Annotation @EnumSource(value = ParserType.class) to @EnumSource in method package verifyInvalidPort(parserType ParserType) : void from class org.springframework.web.util.UriComponentsBuilderTests,True,True
spring-web/src/test/java/org/springframework/web/util/UriComponentsBuilderTests.java,Modify Method Annotation,20,6,2,f5c3f3522e1a790999f0d9078e7ff288644f324b,34,34,Modify Method Annotation @EnumSource(value = ParserType.class) to @EnumSource in method package expandPortAndPathWithoutSeparator(parserType ParserType) : void from class org.springframework.web.util.UriComponentsBuilderTests,True,True
spring-web/src/test/java/org/springframework/web/util/UriComponentsTests.java,Modify Method Annotation,14,4,2,f5c3f3522e1a790999f0d9078e7ff288644f324b,35,35,Modify Method Annotation @EnumSource(value = ParserType.class) to @EnumSource in method package toUriEncoded(parserType ParserType) : void from class org.springframework.web.util.UriComponentsTests,True,True
spring-web/src/test/java/org/springframework/web/util/UriComponentsTests.java,Modify Method Annotation,14,4,2,f5c3f3522e1a790999f0d9078e7ff288644f324b,36,36,Modify Method Annotation @EnumSource(value = ParserType.class) to @EnumSource in method package toUriNotEncoded(parserType ParserType) : void from class org.springframework.web.util.UriComponentsTests,True,True
spring-web/src/test/java/org/springframework/web/util/UriComponentsTests.java,Modify Method Annotation,14,4,2,f5c3f3522e1a790999f0d9078e7ff288644f324b,37,37,Modify Method Annotation @EnumSource(value = ParserType.class) to @EnumSource in method package toUriAlreadyEncoded(parserType ParserType) : void from class org.springframework.web.util.UriComponentsTests,True,True
spring-web/src/test/java/org/springframework/web/util/UriComponentsTests.java,Modify Method Annotation,20,6,2,f5c3f3522e1a790999f0d9078e7ff288644f324b,38,38,Modify Method Annotation @EnumSource(value = ParserType.class) to @EnumSource in method package toUriWithIpv6HostAlreadyEncoded(parserType ParserType) : void from class org.springframework.web.util.UriComponentsTests,True,True
spring-web/src/test/java/org/springframework/web/util/UriComponentsTests.java,Modify Method Annotation,14,4,2,f5c3f3522e1a790999f0d9078e7ff288644f324b,39,39,Modify Method Annotation @EnumSource(value = ParserType.class) to @EnumSource in method package toUriStringWithPortVariable(parserType ParserType) : void from class org.springframework.web.util.UriComponentsTests,True,True
spring-web/src/test/java/org/springframework/web/util/UriComponentsTests.java,Modify Method Annotation,20,6,2,f5c3f3522e1a790999f0d9078e7ff288644f324b,40,40,Modify Method Annotation @EnumSource(value = ParserType.class) to @EnumSource in method package expand(parserType ParserType) : void from class org.springframework.web.util.UriComponentsTests,True,True
spring-web/src/test/java/org/springframework/web/util/UriComponentsTests.java,Modify Method Annotation,20,6,2,f5c3f3522e1a790999f0d9078e7ff288644f324b,41,41,Modify Method Annotation @EnumSource(value = ParserType.class) to @EnumSource in method package expandWithRegexVar(parserType ParserType) : void from class org.springframework.web.util.UriComponentsTests,True,True
spring-web/src/test/java/org/springframework/web/util/UriComponentsTests.java,Modify Method Annotation,14,4,2,f5c3f3522e1a790999f0d9078e7ff288644f324b,42,42,Modify Method Annotation @EnumSource(value = ParserType.class) to @EnumSource in method package uirTemplateExpandWithMismatchedCurlyBraces(parserType ParserType) : void from class org.springframework.web.util.UriComponentsTests,True,True
spring-web/src/test/java/org/springframework/web/util/UriComponentsTests.java,Modify Method Annotation,20,6,2,f5c3f3522e1a790999f0d9078e7ff288644f324b,43,43,Modify Method Annotation @EnumSource(value = ParserType.class) to @EnumSource in method package expandWithFragmentOrder(parserType ParserType) : void from class org.springframework.web.util.UriComponentsTests,True,True
spring-web/src/test/java/org/springframework/web/util/UriComponentsTests.java,Modify Method Annotation,36,10,2,f5c3f3522e1a790999f0d9078e7ff288644f324b,44,44,Modify Method Annotation @EnumSource(value = ParserType.class) to @EnumSource in method package port(parserType ParserType) : void from class org.springframework.web.util.UriComponentsTests,True,True
spring-web/src/test/java/org/springframework/web/util/UriComponentsTests.java,Modify Method Annotation,16,5,2,f5c3f3522e1a790999f0d9078e7ff288644f324b,45,45,Modify Method Annotation @EnumSource(value = ParserType.class) to @EnumSource in method package invalidPort(parserType ParserType) : void from class org.springframework.web.util.UriComponentsTests,True,True
spring-web/src/test/java/org/springframework/web/util/UriComponentsTests.java,Modify Method Annotation,14,4,2,f5c3f3522e1a790999f0d9078e7ff288644f324b,46,46,Modify Method Annotation @EnumSource(value = ParserType.class) to @EnumSource in method package normalize(parserType ParserType) : void from class org.springframework.web.util.UriComponentsTests,True,True
spring-web/src/test/java/org/springframework/web/util/UriComponentsTests.java,Modify Method Annotation,30,10,2,f5c3f3522e1a790999f0d9078e7ff288644f324b,47,47,Modify Method Annotation @EnumSource(value = ParserType.class) to @EnumSource in method package serializable(parserType ParserType) : void from class org.springframework.web.util.UriComponentsTests,True,True
spring-web/src/test/java/org/springframework/web/util/UriComponentsTests.java,Modify Method Annotation,28,9,2,f5c3f3522e1a790999f0d9078e7ff288644f324b,48,48,Modify Method Annotation @EnumSource(value = ParserType.class) to @EnumSource in method package equalsHierarchicalUriComponents(parserType ParserType) : void from class org.springframework.web.util.UriComponentsTests,True,True
spring-web/src/test/java/org/springframework/web/util/UriComponentsTests.java,Modify Method Annotation,26,8,2,f5c3f3522e1a790999f0d9078e7ff288644f324b,49,49,Modify Method Annotation @EnumSource(value = ParserType.class) to @EnumSource in method package equalsOpaqueUriComponents(parserType ParserType) : void from class org.springframework.web.util.UriComponentsTests,True,True
spring-webflux/src/test/java/org/springframework/web/reactive/function/client/WebClientIntegrationTests.java,Change Variable Type,3,1,1,d597d2e1597bbbd75967325a906669f9bc455081,50,50,"Change Variable Type attributes : Attribute<Map<String,Object>> to attributes : io.netty5.util.Attribute<Map<String,Object>> in method package applyAttributesToNativeRequest(connector ClientHttpConnector) : void from class org.springframework.web.reactive.function.client.WebClientIntegrationTests",True,True
spring-webflux/src/test/java/org/springframework/web/reactive/function/client/WebClientIntegrationTests.java,Add Variable Annotation,84,10,2,d597d2e1597bbbd75967325a906669f9bc455081,51,51,"Add Variable Annotation @SuppressWarnings(""unchecked"") in variable attributes : Attribute<Map<String,Object>> in method package applyAttributesToNativeRequest(connector ClientHttpConnector) : void from class org.springframework.web.reactive.function.client.WebClientIntegrationTests",True,True
spring-webflux/src/test/java/org/springframework/web/reactive/function/client/WebClientIntegrationTests.java,Add Variable Annotation,84,10,2,d597d2e1597bbbd75967325a906669f9bc455081,52,52,"Add Variable Annotation @SuppressWarnings(""unchecked"") in variable attributes : Attribute<Map<String,Object>> in method package applyAttributesToNativeRequest(connector ClientHttpConnector) : void from class org.springframework.web.reactive.function.client.WebClientIntegrationTests",True,True
spring-webflux/src/test/java/org/springframework/web/reactive/function/client/WebClientIntegrationTests.java,Change Variable Type,3,1,1,d597d2e1597bbbd75967325a906669f9bc455081,53,53,"Change Variable Type attributes : io.netty5.util.Attribute<Map<String,Object>> to attributes : Attribute<Map<String,Object>> in method package applyAttributesToNativeRequest(connector ClientHttpConnector) : void from class org.springframework.web.reactive.function.client.WebClientIntegrationTests",True,True
spring-test/src/test/java/org/springframework/test/util/XmlExpectationsHelperTests.java,Rename Method,17,5,1,a3c132c4426c72e1791e2a450eff1fbff505d1af,54,54,Rename Method package assertXmlEqualExceptionForLessEntries() : void renamed to package assertXmlEqualExceptionForFewerEntries() : void in class org.springframework.test.util.XmlExpectationsHelperTests,True,True
spring-test/src/test/java/org/springframework/test/util/XmlExpectationsHelperTests.java,Replace Variable With Attribute,4,1,2,a3c132c4426c72e1791e2a450eff1fbff505d1af,55,55,Replace Variable With Attribute xmlHelper : XmlExpectationsHelper to xmlHelper : XmlExpectationsHelper in method package assertXmlEqualForEqual() : void from class org.springframework.test.util.XmlExpectationsHelperTests,True,True
spring-test/src/test/java/org/springframework/test/util/XmlExpectationsHelperTests.java,Replace Variable With Attribute,4,1,2,a3c132c4426c72e1791e2a450eff1fbff505d1af,56,56,Replace Variable With Attribute xmlHelper : XmlExpectationsHelper to xmlHelper : XmlExpectationsHelper in method package assertXmlEqualExceptionForIncorrectValue() : void from class org.springframework.test.util.XmlExpectationsHelperTests,True,True
spring-test/src/test/java/org/springframework/test/util/XmlExpectationsHelperTests.java,Replace Variable With Attribute,4,1,2,a3c132c4426c72e1791e2a450eff1fbff505d1af,57,57,Replace Variable With Attribute xmlHelper : XmlExpectationsHelper to xmlHelper : XmlExpectationsHelper in method package assertXmlEqualForOutOfOrder() : void from class org.springframework.test.util.XmlExpectationsHelperTests,True,True
spring-test/src/test/java/org/springframework/test/util/XmlExpectationsHelperTests.java,Replace Variable With Attribute,4,1,2,a3c132c4426c72e1791e2a450eff1fbff505d1af,58,58,Replace Variable With Attribute xmlHelper : XmlExpectationsHelper to xmlHelper : XmlExpectationsHelper in method package assertXmlEqualExceptionForMoreEntries() : void from class org.springframework.test.util.XmlExpectationsHelperTests,True,True
spring-test/src/test/java/org/springframework/test/util/XmlExpectationsHelperTests.java,Replace Variable With Attribute,4,1,2,a3c132c4426c72e1791e2a450eff1fbff505d1af,59,59,Replace Variable With Attribute xmlHelper : XmlExpectationsHelper to xmlHelper : XmlExpectationsHelper in method package assertXmlEqualExceptionWithFullDescription() : void from class org.springframework.test.util.XmlExpectationsHelperTests,True,True
spring-test/src/test/java/org/springframework/test/util/XmlExpectationsHelperTests.java,Replace Variable With Attribute,4,1,2,a3c132c4426c72e1791e2a450eff1fbff505d1af,60,60,Replace Variable With Attribute xmlHelper : XmlExpectationsHelper to xmlHelper : XmlExpectationsHelper in method package assertXmlEqualExceptionForFewerEntries() : void from class org.springframework.test.util.XmlExpectationsHelperTests,True,True
spring-test/src/test/java/org/springframework/test/util/XmlExpectationsHelperTests.java,Replace Variable With Attribute,4,1,2,a3c132c4426c72e1791e2a450eff1fbff505d1af,61,61,Replace Variable With Attribute control : String to CONTROL : String in method package assertXmlEqualForEqual() : void from class org.springframework.test.util.XmlExpectationsHelperTests,True,True
spring-test/src/test/java/org/springframework/test/util/XmlExpectationsHelperTests.java,Replace Variable With Attribute,4,1,2,a3c132c4426c72e1791e2a450eff1fbff505d1af,62,62,Replace Variable With Attribute control : String to CONTROL : String in method package assertXmlEqualForOutOfOrder() : void from class org.springframework.test.util.XmlExpectationsHelperTests,True,True
spring-webmvc/src/main/java/org/springframework/web/servlet/mvc/method/annotation/ServletRequestMethodArgumentResolver.java,Add Method Annotation,34,10,1,c28cbfd58294fe9e4fe347c289fc2109b71d2c13,63,63,"Add Method Annotation @SuppressWarnings(""deprecation"") in method public supportsParameter(parameter MethodParameter) : boolean from class org.springframework.web.servlet.mvc.method.annotation.ServletRequestMethodArgumentResolver",True,True
spring-webmvc/src/main/java/org/springframework/web/servlet/mvc/method/annotation/ServletRequestMethodArgumentResolver.java,Add Method Annotation,122,10,1,c28cbfd58294fe9e4fe347c289fc2109b71d2c13,64,64,"Add Method Annotation @SuppressWarnings(""deprecation"") in method private resolveArgument(paramType Class<?>, request HttpServletRequest) : Object from class org.springframework.web.servlet.mvc.method.annotation.ServletRequestMethodArgumentResolver",True,True
spring-web/src/main/java/org/springframework/http/server/reactive/TomcatHeadersAdapter.java,Remove Method Annotation,12,4,1,4b3e192ca16484bc3c5d1f81e11f1418025826aa,65,65,"Remove Method Annotation @SuppressWarnings(""deprecation"") in method public clear() : void from class org.springframework.http.server.reactive.TomcatHeadersAdapter",True,True
spring-web/src/main/java/org/springframework/http/server/reactive/ServletServerHttpRequest.java,Replace Attribute With Variable,4,1,2,3b65506c13f18535e2fb055fd790bf45efb13de5,66,66,Replace Attribute With Variable buffer : byte[] to byteBuffer : ByteBuffer in method package readFromInputStream() : DataBuffer from class org.springframework.http.server.reactive.ServletServerHttpRequest,True,True
spring-web/src/main/java/org/springframework/http/server/reactive/ServletServerHttpResponse.java,Rename Variable,8,2,4,3b65506c13f18535e2fb055fd790bf45efb13de5,67,67,Rename Variable bytesWritten : int to len : int in method protected writeToOutputStream(dataBuffer DataBuffer) : int from class org.springframework.http.server.reactive.ServletServerHttpResponse,True,True
spring-web/src/testFixtures/java/org/springframework/web/testfixture/http/server/reactive/bootstrap/JettyHttpServer.java,Inline Method,44,10,3,3b65506c13f18535e2fb055fd790bf45efb13de5,68,68,Inline Method private createServletAdapter() : ServletHttpHandlerAdapter inlined to protected initServer() : void in class org.springframework.web.testfixture.http.server.reactive.bootstrap.JettyHttpServer,True,True
spring-web/src/main/java/org/springframework/http/server/reactive/TomcatHttpHandlerAdapter.java,Pull Up Attribute,2,1,1,3b65506c13f18535e2fb055fd790bf45efb13de5,69,69,Pull Up Attribute private bufferSize : int from class org.springframework.http.server.reactive.TomcatHttpHandlerAdapter.TomcatServerHttpRequest to private bufferSize : int from class org.springframework.http.server.reactive.ServletServerHttpRequest,True,True
spring-test/src/main/java/org/springframework/mock/web/MockHttpSession.java,Remove Class Annotation,496,10,1,5e08a88219dd5aaa2f3a3bf4ff36c7b2bcd6ed37,70,70,"Remove Class Annotation @SuppressWarnings(""deprecation"") in class org.springframework.mock.web.MockHttpSession",True,True
spring-web/src/testFixtures/java/org/springframework/web/testfixture/servlet/MockHttpServletResponse.java,Add Method Annotation,16,5,1,5e08a88219dd5aaa2f3a3bf4ff36c7b2bcd6ed37,71,71,"Add Method Annotation @Override in method public sendRedirect(url String, sc int, clearBuffer boolean) : void from class org.springframework.web.testfixture.servlet.MockHttpServletResponse",True,True
spring-web/src/testFixtures/java/org/springframework/web/testfixture/servlet/MockHttpSession.java,Remove Class Annotation,493,10,1,5e08a88219dd5aaa2f3a3bf4ff36c7b2bcd6ed37,72,72,"Remove Class Annotation @SuppressWarnings(""deprecation"") in class org.springframework.web.testfixture.servlet.MockHttpSession",True,True
spring-context/src/main/java/org/springframework/validation/beanvalidation/BeanValidationBeanRegistrationAotProcessor.java,Change Parameter Type,16,5,5,5e7b3a3bedb846f01ab01e056e58c1df4d2ab3d7,73,73,"Change Parameter Type validatedClasses : Collection<Class<?>> to validatedClasses : Set<Class<?>> in method private processAheadOfTime(clazz Class<?>, visitedClasses Set<Class<?>>, validatedClasses Set<Class<?>>, constraintValidatorClasses Set<Class<? extends ConstraintValidator<?,?>>>) : void from class org.springframework.validation.beanvalidation.BeanValidationBeanRegistrationAotProcessor.BeanValidationDelegate",True,True
spring-context/src/main/java/org/springframework/validation/beanvalidation/BeanValidationBeanRegistrationAotProcessor.java,Change Parameter Type,20,6,5,5e7b3a3bedb846f01ab01e056e58c1df4d2ab3d7,74,74,"Change Parameter Type constraintValidatorClasses : Collection<Class<? extends ConstraintValidator<?,?>>> to constraintValidatorClasses : Set<Class<? extends ConstraintValidator<?,?>>> in method private processAheadOfTime(clazz Class<?>, visitedClasses Set<Class<?>>, validatedClasses Set<Class<?>>, constraintValidatorClasses Set<Class<? extends ConstraintValidator<?,?>>>) : void from class org.springframework.validation.beanvalidation.BeanValidationBeanRegistrationAotProcessor.BeanValidationDelegate",True,True
spring-context/src/main/java/org/springframework/validation/beanvalidation/BeanValidationBeanRegistrationAotProcessor.java,Add Parameter,118,10,1,5e7b3a3bedb846f01ab01e056e58c1df4d2ab3d7,75,75,"Add Parameter visitedClasses : Set<Class<?>> in method private processAheadOfTime(clazz Class<?>, visitedClasses Set<Class<?>>, validatedClasses Set<Class<?>>, constraintValidatorClasses Set<Class<? extends ConstraintValidator<?,?>>>) : void from class org.springframework.validation.beanvalidation.BeanValidationBeanRegistrationAotProcessor.BeanValidationDelegate",True,True
spring-context/src/test/java/org/springframework/validation/beanvalidation/BeanValidationBeanRegistrationAotProcessorTests.java,Modify Method Annotation,18,6,2,051f1dac241825159618c0397fd7966c78ece549,76,76,"Modify Method Annotation @ValueSource(classes = {BeanWithIterable.class,BeanWithMap.class,BeanWithOptional.class}) to @ValueSource(classes = {BeanWithRecursiveIterable.class,BeanWithRecursiveMap.class,BeanWithRecursiveOptional.class}) in method package shouldProcessRecursiveGenericsWithoutInfiniteRecursion(beanClass Class<?>) : void from class org.springframework.validation.beanvalidation.BeanValidationBeanRegistrationAotProcessorTests",True,True
spring-context/src/main/java/org/springframework/validation/beanvalidation/BeanValidationBeanRegistrationAotProcessor.java,Inline Variable,3,1,1,051f1dac241825159618c0397fd7966c78ece549,77,77,Inline Variable visitedClasses : Set<Class<?>> in method public processAheadOfTime(registeredBean RegisteredBean) : BeanRegistrationAotContribution from class org.springframework.validation.beanvalidation.BeanValidationBeanRegistrationAotProcessor.BeanValidationDelegate,True,True
spring-test/src/main/java/org/springframework/test/context/bean/override/mockito/MockitoBeans.java,Replace Pipeline With Loop,23,7,2,0088b9c7f8abad2ec558b583087a2f6d96689c0b,78,78,Replace Pipeline With Loop this.beans.forEach(Mockito::reset); with for(bean: this.beans) in method package resetAll(reset MockReset) : void from class org.springframework.test.context.bean.override.mockito.MockitoBeans,True,True
spring-test/src/main/java/org/springframework/test/context/bean/override/mockito/MockitoBeans.java,Add Parameter,17,5,1,0088b9c7f8abad2ec558b583087a2f6d96689c0b,79,79,Add Parameter reset : MockReset in method package resetAll(reset MockReset) : void from class org.springframework.test.context.bean.override.mockito.MockitoBeans,True,True
spring-web/src/test/java/org/springframework/web/util/ContentCachingRequestWrapperTests.java,Remove Thrown Exception Type,11,3,1,1164ac3079b0d76b212257a5c9e015697626c123,80,80,Remove Thrown Exception Type Exception in method package cachedContentToByteArrayWithNoRead() : void from class org.springframework.web.util.ContentCachingRequestWrapperTests,True,True
spring-web/src/test/java/org/springframework/web/util/ContentCachingRequestWrapperTests.java,Remove Thrown Exception Type,11,3,1,1164ac3079b0d76b212257a5c9e015697626c123,81,81,Remove Thrown Exception Type Exception in method package cachedContentToStringWithNoRead() : void from class org.springframework.web.util.ContentCachingRequestWrapperTests,True,True
spring-web/src/test/java/org/springframework/web/util/ContentCachingRequestWrapperTests.java,Inline Attribute,3,1,1,1164ac3079b0d76b212257a5c9e015697626c123,82,82,Inline Attribute protected CONTENT_CACHE_LIMIT : int in class org.springframework.web.util.ContentCachingRequestWrapperTests,True,True
spring-web/src/test/java/org/springframework/web/util/ContentCachingRequestWrapperTests.java,Remove Thrown Exception Type,11,3,1,1164ac3079b0d76b212257a5c9e015697626c123,83,83,Remove Thrown Exception Type Exception in method package shouldNotAllocateMoreThanCacheLimit() : void from class org.springframework.web.util.ContentCachingRequestWrapperTests,True,True
spring-web/src/test/java/org/springframework/web/util/ContentCachingRequestWrapperTests.java,Remove Thrown Exception Type,28,9,1,1164ac3079b0d76b212257a5c9e015697626c123,84,84,Remove Thrown Exception Type Exception in method package cachedContentWithOverflow() : void from class org.springframework.web.util.ContentCachingRequestWrapperTests,True,True
spring-web/src/test/java/org/springframework/web/util/ContentCachingRequestWrapperTests.java,Inline Attribute,3,1,1,1164ac3079b0d76b212257a5c9e015697626c123,85,85,Inline Attribute protected GET : String in class org.springframework.web.util.ContentCachingRequestWrapperTests,True,True
spring-web/src/test/java/org/springframework/web/util/ContentCachingRequestWrapperTests.java,Remove Thrown Exception Type,15,5,1,1164ac3079b0d76b212257a5c9e015697626c123,86,86,Remove Thrown Exception Type UnsupportedEncodingException in method private createGetRequest(content String) : MockHttpServletRequest from class org.springframework.web.util.ContentCachingRequestWrapperTests,True,True
spring-web/src/test/java/org/springframework/web/util/ContentCachingRequestWrapperTests.java,Inline Attribute,3,1,1,1164ac3079b0d76b212257a5c9e015697626c123,87,87,Inline Attribute protected POST : String in class org.springframework.web.util.ContentCachingRequestWrapperTests,True,True
spring-web/src/test/java/org/springframework/web/util/ContentCachingRequestWrapperTests.java,Inline Attribute,3,1,1,1164ac3079b0d76b212257a5c9e015697626c123,88,88,Inline Attribute protected CHARSET : String in class org.springframework.web.util.ContentCachingRequestWrapperTests,True,True
spring-web/src/main/java/org/springframework/web/util/ContentCachingRequestWrapper.java,Add Method Annotation,25,8,1,1164ac3079b0d76b212257a5c9e015697626c123,89,89,"Add Method Annotation @Deprecated(since = ""6.2.1"", forRemoval = true) in method public ContentCachingRequestWrapper(request HttpServletRequest) from class org.springframework.web.util.ContentCachingRequestWrapper",True,True
spring-webflux/src/main/java/org/springframework/web/reactive/result/view/DefaultFragmentsRenderingBuilder.java,Remove Parameter,9,3,1,81ea35c72690434c06a0d196180e64373663063d,90,90,Remove Parameter fragments : Collection<Fragment> in method package DefaultFragmentsRenderingBuilder(fragments Collection<Fragment>) from class org.springframework.web.reactive.result.view.DefaultFragmentsRenderingBuilder,True,True
spring-webflux/src/main/java/org/springframework/web/reactive/result/view/FragmentsRendering.java,Rename Method,17,5,1,81ea35c72690434c06a0d196180e64373663063d,91,91,Rename Method private adaptProducer(producer Object) : Publisher<Fragment> renamed to public fragmentsProducer(fragmentsProducer Object) : Builder in class org.springframework.web.reactive.result.view.FragmentsRendering,True,True
spring-webflux/src/main/java/org/springframework/web/reactive/result/view/FragmentsRendering.java,Extract Method,33,10,3,81ea35c72690434c06a0d196180e64373663063d,92,92,Extract Method public fragments(fragments Collection<Fragment>) : Builder extracted from public withCollection(fragments Collection<Fragment>) : Builder in class org.springframework.web.reactive.result.view.FragmentsRendering,True,True
spring-webflux/src/main/java/org/springframework/web/reactive/result/view/FragmentsRendering.java,Extract Method,33,10,3,81ea35c72690434c06a0d196180e64373663063d,93,93,Extract Method public fragmentsPublisher(fragmentsPublisher P) : Builder extracted from public withPublisher(fragmentsPublisher P) : Builder in class org.springframework.web.reactive.result.view.FragmentsRendering,True,True
spring-webflux/src/main/java/org/springframework/web/reactive/result/view/FragmentsRendering.java,Add Method Annotation,23,7,1,81ea35c72690434c06a0d196180e64373663063d,94,94,"Add Method Annotation @Deprecated(since = ""6.2.1"", forRemoval = true) in method public with(viewName String, model Map<String,Object>) : Builder from class org.springframework.web.reactive.result.view.FragmentsRendering",True,True
spring-webflux/src/main/java/org/springframework/web/reactive/result/view/FragmentsRendering.java,Add Method Annotation,21,7,1,81ea35c72690434c06a0d196180e64373663063d,95,95,"Add Method Annotation @Deprecated(since = ""6.2.1"", forRemoval = true) in method public with(viewName String) : Builder from class org.springframework.web.reactive.result.view.FragmentsRendering",True,True
spring-webflux/src/main/java/org/springframework/web/reactive/result/view/FragmentsRendering.java,Add Method Annotation,21,7,1,81ea35c72690434c06a0d196180e64373663063d,96,96,"Add Method Annotation @Deprecated(since = ""6.2.1"", forRemoval = true) in method public withCollection(fragments Collection<Fragment>) : Builder from class org.springframework.web.reactive.result.view.FragmentsRendering",True,True
spring-webflux/src/main/java/org/springframework/web/reactive/result/view/FragmentsRendering.java,Add Method Annotation,21,7,1,81ea35c72690434c06a0d196180e64373663063d,97,97,"Add Method Annotation @Deprecated(since = ""6.2.1"", forRemoval = true) in method public withPublisher(fragmentsPublisher P) : Builder from class org.springframework.web.reactive.result.view.FragmentsRendering",True,True
spring-webflux/src/main/java/org/springframework/web/reactive/result/view/FragmentsRendering.java,Add Method Annotation,19,6,1,81ea35c72690434c06a0d196180e64373663063d,98,98,"Add Method Annotation @Deprecated(since = ""6.2.1"", forRemoval = true) in method public withProducer(fragmentsProducer Object) : Builder from class org.springframework.web.reactive.result.view.FragmentsRendering",True,True
spring-webflux/src/main/java/org/springframework/web/reactive/result/view/FragmentsRendering.java,Rename Parameter,8,2,4,81ea35c72690434c06a0d196180e64373663063d,99,99,Rename Parameter producer : Object to fragmentsProducer : Object in method public fragmentsProducer(fragmentsProducer Object) : Builder from class org.springframework.web.reactive.result.view.FragmentsRendering,True,True
spring-webflux/src/main/java/org/springframework/web/reactive/result/view/FragmentsRendering.java,Change Return Type,19,6,2,81ea35c72690434c06a0d196180e64373663063d,100,100,Change Return Type Publisher<Fragment> to Builder in method public fragmentsProducer(fragmentsProducer Object) : Builder from class org.springframework.web.reactive.result.view.FragmentsRendering,True,True
spring-webflux/src/main/java/org/springframework/web/reactive/result/view/FragmentsRendering.java,Change Method Access Modifier,17,5,1,81ea35c72690434c06a0d196180e64373663063d,101,101,Change Method Access Modifier private to public in method public fragmentsProducer(fragmentsProducer Object) : Builder from class org.springframework.web.reactive.result.view.FragmentsRendering,True,True
spring-webmvc/src/main/java/org/springframework/web/servlet/view/FragmentsRendering.java,Extract Method,36,10,3,81ea35c72690434c06a0d196180e64373663063d,102,102,"Extract Method public fragment(viewName String, model Map<String,Object>) : Builder extracted from public with(viewName String, model Map<String,Object>) : Builder in class org.springframework.web.servlet.view.FragmentsRendering",True,True
spring-webmvc/src/main/java/org/springframework/web/servlet/view/FragmentsRendering.java,Extract Method,33,10,3,81ea35c72690434c06a0d196180e64373663063d,103,103,Extract Method public fragment(viewName String) : Builder extracted from public with(viewName String) : Builder in class org.springframework.web.servlet.view.FragmentsRendering,True,True
spring-webmvc/src/main/java/org/springframework/web/servlet/view/FragmentsRendering.java,Extract Method,33,10,3,81ea35c72690434c06a0d196180e64373663063d,104,104,Extract Method public fragments(fragments Collection<ModelAndView>) : Builder extracted from public with(fragments Collection<ModelAndView>) : Builder in class org.springframework.web.servlet.view.FragmentsRendering,True,True
spring-webmvc/src/main/java/org/springframework/web/servlet/view/FragmentsRendering.java,Add Method Annotation,23,7,1,81ea35c72690434c06a0d196180e64373663063d,105,105,"Add Method Annotation @Deprecated(since = ""6.2.1"", forRemoval = true) in method public with(viewName String, model Map<String,Object>) : Builder from class org.springframework.web.servlet.view.FragmentsRendering",True,True
spring-webmvc/src/main/java/org/springframework/web/servlet/view/FragmentsRendering.java,Add Method Annotation,21,7,1,81ea35c72690434c06a0d196180e64373663063d,106,106,"Add Method Annotation @Deprecated(since = ""6.2.1"", forRemoval = true) in method public with(viewName String) : Builder from class org.springframework.web.servlet.view.FragmentsRendering",True,True
spring-webmvc/src/main/java/org/springframework/web/servlet/view/FragmentsRendering.java,Add Method Annotation,21,7,1,81ea35c72690434c06a0d196180e64373663063d,107,107,"Add Method Annotation @Deprecated(since = ""6.2.1"", forRemoval = true) in method public with(fragments Collection<ModelAndView>) : Builder from class org.springframework.web.servlet.view.FragmentsRendering",True,True
spring-context/src/main/java/org/springframework/validation/beanvalidation/BeanValidationBeanRegistrationAotProcessor.java,Extract Variable,11,3,3,9b0253e117049c264f9ca0737eca45319f23b805,108,108,"Extract Variable className : String in method private processAheadOfTime(clazz Class<?>, visitedClasses Set<Class<?>>, validatedClasses Set<Class<?>>, constraintValidatorClasses Set<Class<? extends ConstraintValidator<?,?>>>) : void from class org.springframework.validation.beanvalidation.BeanValidationBeanRegistrationAotProcessor.BeanValidationDelegate",True,True
spring-context/src/main/java/org/springframework/validation/beanvalidation/BeanValidationBeanRegistrationAotProcessor.java,Change Variable Type,46,10,5,9b0253e117049c264f9ca0737eca45319f23b805,109,109,"Change Variable Type ex : RuntimeException to ex : RuntimeException|LinkageError in method private processAheadOfTime(clazz Class<?>, visitedClasses Set<Class<?>>, validatedClasses Set<Class<?>>, constraintValidatorClasses Set<Class<? extends ConstraintValidator<?,?>>>) : void from class org.springframework.validation.beanvalidation.BeanValidationBeanRegistrationAotProcessor.BeanValidationDelegate",True,True
spring-context/src/test/java/org/springframework/validation/beanvalidation/BeanValidationBeanRegistrationAotProcessorTests.java,Rename Class,38,10,1,ea3bd7ae0c6e07e6f5fe7303d757efd203c0eca9,110,110,Rename Class org.springframework.validation.beanvalidation.BeanValidationBeanRegistrationAotProcessorTests.FilteringClassLoader renamed to org.springframework.validation.beanvalidation.BeanValidationBeanRegistrationAotProcessorTests.MissingDependencyClassLoader,True,True
spring-context/src/test/java/org/springframework/validation/beanvalidation/BeanValidationBeanRegistrationAotProcessorTests.java,Change Variable Type,4,1,2,ea3bd7ae0c6e07e6f5fe7303d757efd203c0eca9,111,111,Change Variable Type classLoader : FilteringClassLoader to classLoader : MissingDependencyClassLoader in method package shouldSkipConstraintWithMissingDependency() : void from class org.springframework.validation.beanvalidation.BeanValidationBeanRegistrationAotProcessorTests,True,True
spring-web/src/main/java/org/springframework/web/method/support/InvocableHandlerMethod.java,Extract Method,86,10,3,1aede291bb13a07f8f47e946a778ea216eda9cc8,112,112,"Extract Method private unbox(result Object) : Object extracted from public invokeFunction(method Method, target Object, args Object[]) : Object in class org.springframework.web.method.support.InvocableHandlerMethod.KotlinDelegate",True,True
spring-web/src/main/java/org/springframework/web/method/support/InvocableHandlerMethod.java,Modify Method Annotation,82,10,2,1aede291bb13a07f8f47e946a778ea216eda9cc8,113,113,"Modify Method Annotation @SuppressWarnings({""deprecation"",""DataFlowIssue""}) to @SuppressWarnings(""DataFlowIssue"") in method public invokeFunction(method Method, target Object, args Object[]) : Object from class org.springframework.web.method.support.InvocableHandlerMethod.KotlinDelegate",True,True
spring-core/src/main/java/org/springframework/core/CoroutinesUtils.java,Inline Method,239,10,5,1aede291bb13a07f8f47e946a778ea216eda9cc8,114,114,"Inline Method private handleResult(result Object, sink SynchronousSink<Object>) : void inlined to public invokeSuspendingFunction(context CoroutineContext, method Method, target Object, args Object...) : Publisher<?> in class org.springframework.core.CoroutinesUtils",True,True
spring-core/src/main/java/org/springframework/core/CoroutinesUtils.java,Invert Condition,99,10,2,1aede291bb13a07f8f47e946a778ea216eda9cc8,115,115,"Invert Condition if(result == Unit.INSTANCE) to result != Unit.INSTANCE in method public invokeSuspendingFunction(context CoroutineContext, method Method, target Object, args Object...) : Publisher<?> from class org.springframework.core.CoroutinesUtils",True,True
spring-core/src/main/java/org/springframework/core/CoroutinesUtils.java,Modify Method Annotation,130,10,2,1aede291bb13a07f8f47e946a778ea216eda9cc8,116,116,"Modify Method Annotation @SuppressWarnings({""deprecation"",""DataFlowIssue"",""NullAway""}) to @SuppressWarnings({""DataFlowIssue"",""NullAway""}) in method public invokeSuspendingFunction(context CoroutineContext, method Method, target Object, args Object...) : Publisher<?> from class org.springframework.core.CoroutinesUtils",True,True
spring-webflux/src/main/java/org/springframework/web/reactive/result/method/InvocableHandlerMethod.java,Extract Method,109,10,3,1aede291bb13a07f8f47e946a778ea216eda9cc8,117,117,"Extract Method private unbox(result Object) : Object extracted from public invokeFunction(method Method, target Object, args Object[], isSuspendingFunction boolean, exchange ServerWebExchange) : Object in class org.springframework.web.reactive.result.method.InvocableHandlerMethod.KotlinDelegate",True,True
spring-webflux/src/main/java/org/springframework/web/reactive/result/method/InvocableHandlerMethod.java,Replace Conditional With Ternary,111,10,2,1aede291bb13a07f8f47e946a778ea216eda9cc8,118,118,"Replace Conditional With Ternary if(coroutineContext == null) to Object result=(coroutineContext == null ? CoroutinesUtils.invokeSuspendingFunction(method,target,args) : CoroutinesUtils.invokeSuspendingFunction((CoroutineContext)coroutineContext,method,target,args)); in method public invokeFunction(method Method, target Object, args Object[], isSuspendingFunction boolean, exchange ServerWebExchange) : Object from class org.springframework.web.reactive.result.method.InvocableHandlerMethod.KotlinDelegate",True,True
spring-webflux/src/main/java/org/springframework/web/reactive/result/method/InvocableHandlerMethod.java,Extract Variable,5,1,1,1aede291bb13a07f8f47e946a778ea216eda9cc8,119,119,"Extract Variable result : Object in method public invokeFunction(method Method, target Object, args Object[], isSuspendingFunction boolean, exchange ServerWebExchange) : Object from class org.springframework.web.reactive.result.method.InvocableHandlerMethod.KotlinDelegate",True,True
spring-webflux/src/main/java/org/springframework/web/reactive/result/method/InvocableHandlerMethod.java,Modify Method Annotation,105,10,2,1aede291bb13a07f8f47e946a778ea216eda9cc8,120,120,"Modify Method Annotation @SuppressWarnings({""deprecation"",""DataFlowIssue""}) to @SuppressWarnings(""DataFlowIssue"") in method public invokeFunction(method Method, target Object, args Object[], isSuspendingFunction boolean, exchange ServerWebExchange) : Object from class org.springframework.web.reactive.result.method.InvocableHandlerMethod.KotlinDelegate",True,True
spring-core/src/main/java/org/springframework/util/ObjectUtils.java,Add Method Annotation,92,10,1,ddec8d26534bc443653fdb2bad43efb94d41ecf5,121,121,"Add Method Annotation @Contract(""null -> true"") in method public isEmpty(obj Object) : boolean from class org.springframework.util.ObjectUtils",True,True
spring-webmvc/src/test/java/org/springframework/web/servlet/mvc/method/annotation/ServletRequestMethodArgumentResolverTests.java,Add Method Annotation,24,8,1,c213724a470924532067642f9b2fc152e57dbfba,122,122,"Add Method Annotation @SuppressWarnings(""deprecation"") in method package setup() : void from class org.springframework.web.servlet.mvc.method.annotation.ServletRequestMethodArgumentResolverTests",True,True
spring-webmvc/src/test/java/org/springframework/web/servlet/mvc/method/annotation/ServletRequestMethodArgumentResolverTests.java,Add Method Annotation,36,10,1,c213724a470924532067642f9b2fc152e57dbfba,123,123,"Add Method Annotation @SuppressWarnings(""deprecation"") in method package pushBuilder() : void from class org.springframework.web.servlet.mvc.method.annotation.ServletRequestMethodArgumentResolverTests",True,True
spring-webmvc/src/test/java/org/springframework/web/servlet/mvc/method/annotation/ServletRequestMethodArgumentResolverTests.java,Modify Method Annotation,28,9,2,c213724a470924532067642f9b2fc152e57dbfba,124,124,"Modify Method Annotation @SuppressWarnings(""unused"") to @SuppressWarnings({""unused"",""deprecation""}) in method public supportedParams(p0 ServletRequest, p1 MultipartRequest, p2 HttpSession, p3 Principal, p4 Locale, p5 InputStream, p6 Reader, p7 WebRequest, p8 TimeZone, p9 ZoneId, p10 HttpMethod, p11 PushBuilder) : void from class org.springframework.web.servlet.mvc.method.annotation.ServletRequestMethodArgumentResolverTests",True,True
spring-web/src/test/java/org/springframework/web/client/DefaultResponseErrorHandlerTests.java,Extract Variable,9,3,2,a0cc6419f490bde1b786ed7e2cb1f27040b69107,125,125,Extract Variable url : String in method package handleErrorWithUrlAndNoBody() : void from class org.springframework.web.client.DefaultResponseErrorHandlerTests,True,True
spring-web/src/test/java/org/springframework/web/client/ExtractingResponseErrorHandlerTests.java,Add Class Annotation,277,10,1,a0cc6419f490bde1b786ed7e2cb1f27040b69107,126,126,"Add Class Annotation @SuppressWarnings(""ALL"") in class org.springframework.web.client.ExtractingResponseErrorHandlerTests",True,True
spring-web/src/main/java/org/springframework/web/client/DefaultResponseErrorHandler.java,Inline Variable,3,1,1,a0cc6419f490bde1b786ed7e2cb1f27040b69107,127,127,Inline Variable statusCode : HttpStatusCode in method public handleError(response ClientHttpResponse) : void from class org.springframework.web.client.DefaultResponseErrorHandler,True,True
spring-web/src/main/java/org/springframework/web/client/DefaultResponseErrorHandler.java,Inline Variable,3,1,1,a0cc6419f490bde1b786ed7e2cb1f27040b69107,128,128,"Inline Variable statusCode : HttpStatusCode in method public handleError(url URI, method HttpMethod, response ClientHttpResponse) : void from class org.springframework.web.client.DefaultResponseErrorHandler",True,True
spring-web/src/main/java/org/springframework/web/client/DefaultResponseErrorHandler.java,Inline Variable,3,1,1,a0cc6419f490bde1b786ed7e2cb1f27040b69107,129,129,Inline Variable headers : HttpHeaders in method protected getCharset(response ClientHttpResponse) : Charset from class org.springframework.web.client.DefaultResponseErrorHandler,True,True
spring-web/src/main/java/org/springframework/web/client/ResponseErrorHandler.java,Add Method Annotation,21,7,1,89b2a6500e9fcd5f996e3784111a975c89f1d2cf,130,130,"Add Method Annotation @Deprecated(since = ""6.2.1"", forRemoval = true) in method public handleError(response ClientHttpResponse) : void from class org.springframework.web.client.ResponseErrorHandler",True,True
spring-web/src/main/java/org/springframework/web/client/DefaultResponseErrorHandler.java,Add Method Annotation,30,10,1,89b2a6500e9fcd5f996e3784111a975c89f1d2cf,131,131,"Add Method Annotation @SuppressWarnings(""removal"") in method public handleError(response ClientHttpResponse) : void from class org.springframework.web.client.DefaultResponseErrorHandler",True,True
spring-web/src/test/java/org/springframework/web/client/RestClientObservationTests.java,Remove Thrown Exception Type,9,3,1,89b2a6500e9fcd5f996e3784111a975c89f1d2cf,132,132,Remove Thrown Exception Type IOException in method public hasError(response ClientHttpResponse) : boolean from class org.springframework.web.client.RestClientObservationTests.ObservationErrorHandler,True,True
spring-web/src/test/java/org/springframework/web/client/RestClientObservationTests.java,Add Parameter,9,3,1,89b2a6500e9fcd5f996e3784111a975c89f1d2cf,133,133,"Add Parameter uri : URI in method public handleError(uri URI, httpMethod HttpMethod, response ClientHttpResponse) : void from class org.springframework.web.client.RestClientObservationTests.ObservationErrorHandler",True,True
spring-web/src/test/java/org/springframework/web/client/RestClientObservationTests.java,Add Parameter,9,3,1,89b2a6500e9fcd5f996e3784111a975c89f1d2cf,134,134,"Add Parameter httpMethod : HttpMethod in method public handleError(uri URI, httpMethod HttpMethod, response ClientHttpResponse) : void from class org.springframework.web.client.RestClientObservationTests.ObservationErrorHandler",True,True
spring-web/src/test/java/org/springframework/web/client/RestClientObservationTests.java,Remove Thrown Exception Type,9,3,1,89b2a6500e9fcd5f996e3784111a975c89f1d2cf,135,135,Remove Thrown Exception Type IOException in method public handleError(response ClientHttpResponse) : void from class org.springframework.web.client.RestClientObservationTests.ObservationErrorHandler,True,True
spring-web/src/test/java/org/springframework/web/client/RestTemplateObservationTests.java,Remove Thrown Exception Type,9,3,1,89b2a6500e9fcd5f996e3784111a975c89f1d2cf,136,136,Remove Thrown Exception Type IOException in method public hasError(response ClientHttpResponse) : boolean from class org.springframework.web.client.RestTemplateObservationTests.ObservationErrorHandler,True,True
spring-web/src/test/java/org/springframework/web/client/RestTemplateObservationTests.java,Add Parameter,9,3,1,89b2a6500e9fcd5f996e3784111a975c89f1d2cf,137,137,"Add Parameter uri : URI in method public handleError(uri URI, httpMethod HttpMethod, response ClientHttpResponse) : void from class org.springframework.web.client.RestTemplateObservationTests.ObservationErrorHandler",True,True
spring-web/src/test/java/org/springframework/web/client/RestTemplateObservationTests.java,Add Parameter,9,3,1,89b2a6500e9fcd5f996e3784111a975c89f1d2cf,138,138,"Add Parameter httpMethod : HttpMethod in method public handleError(uri URI, httpMethod HttpMethod, response ClientHttpResponse) : void from class org.springframework.web.client.RestTemplateObservationTests.ObservationErrorHandler",True,True
spring-web/src/test/java/org/springframework/web/client/RestTemplateObservationTests.java,Remove Thrown Exception Type,9,3,1,89b2a6500e9fcd5f996e3784111a975c89f1d2cf,139,139,Remove Thrown Exception Type IOException in method public handleError(response ClientHttpResponse) : void from class org.springframework.web.client.RestTemplateObservationTests.ObservationErrorHandler,True,True
spring-web/src/main/java/org/springframework/web/client/DefaultResponseErrorHandler.java,Extract Variable,3,1,1,fa01e9c566b4f212ce995ad3a67cc69830c83604,140,140,"Extract Variable decorator : HandleErrorResponseDecorator in method public handleError(url URI, method HttpMethod, response ClientHttpResponse) : void from class org.springframework.web.client.DefaultResponseErrorHandler",True,True
spring-core/src/main/java/org/springframework/aot/nativex/ProxyHintsWriter.java,Rename Class,156,10,1,fec2ed5540d075fc9364302fc82c9d7de3745ee6,141,141,Rename Class org.springframework.aot.nativex.ProxyHintsWriter renamed to org.springframework.aot.nativex.ReflectionHintsAttributes,True,True
spring-core/src/main/java/org/springframework/aot/nativex/ResourceHintsWriter.java,Rename Class,159,10,1,fec2ed5540d075fc9364302fc82c9d7de3745ee6,142,142,Rename Class org.springframework.aot.nativex.ResourceHintsWriter renamed to org.springframework.aot.nativex.ResourceHintsAttributes,True,True
spring-core/src/main/java/org/springframework/aot/nativex/SerializationHintsWriter.java,Rename Class,76,10,1,fec2ed5540d075fc9364302fc82c9d7de3745ee6,143,143,Rename Class org.springframework.aot.nativex.SerializationHintsWriter renamed to org.springframework.aot.nativex.SerializationHintsAttributes,True,True
spring-core/src/test/java/org/springframework/aot/nativex/ProxyHintsWriterTests.java,Move And Rename Class,6,2,1,fec2ed5540d075fc9364302fc82c9d7de3745ee6,144,144,Move And Rename Class org.springframework.aot.nativex.ProxyHintsWriterTests.Inner moved and renamed to org.springframework.aot.nativex.RuntimeHintsWriterTests.InnerInterface,True,True
spring-core/src/test/java/org/springframework/aot/nativex/ProxyHintsWriterTests.java,Move And Rename Class,178,10,1,fec2ed5540d075fc9364302fc82c9d7de3745ee6,145,145,Move And Rename Class org.springframework.aot.nativex.ProxyHintsWriterTests moved and renamed to org.springframework.aot.nativex.RuntimeHintsWriterTests.ProxyHintsTests,True,True
spring-core/src/test/java/org/springframework/aot/nativex/ReflectionHintsWriterTests.java,Move And Rename Class,463,10,1,fec2ed5540d075fc9364302fc82c9d7de3745ee6,146,146,Move And Rename Class org.springframework.aot.nativex.ReflectionHintsWriterTests moved and renamed to org.springframework.aot.nativex.RuntimeHintsWriterTests.ReflectionHintsTests,True,True
spring-core/src/test/java/org/springframework/aot/nativex/ResourceHintsWriterTests.java,Move And Rename Class,293,10,1,fec2ed5540d075fc9364302fc82c9d7de3745ee6,147,147,Move And Rename Class org.springframework.aot.nativex.ResourceHintsWriterTests moved and renamed to org.springframework.aot.nativex.RuntimeHintsWriterTests.ResourceHintsTests,True,True
spring-core/src/test/java/org/springframework/aot/nativex/SerializationHintsWriterTests.java,Move And Rename Class,105,10,1,fec2ed5540d075fc9364302fc82c9d7de3745ee6,148,148,Move And Rename Class org.springframework.aot.nativex.SerializationHintsWriterTests moved and renamed to org.springframework.aot.nativex.RuntimeHintsWriterTests.SerializationHintsTests,True,True
spring-core/src/main/java/org/springframework/aot/nativex/NativeConfigurationWriter.java,Inline Method,42,10,3,fec2ed5540d075fc9364302fc82c9d7de3745ee6,149,149,Inline Method private writeSerializationHints(hints SerializationHints) : void inlined to public write(hints RuntimeHints) : void in class org.springframework.aot.nativex.NativeConfigurationWriter,True,True
spring-core/src/main/java/org/springframework/aot/nativex/NativeConfigurationWriter.java,Inline Method,41,10,3,fec2ed5540d075fc9364302fc82c9d7de3745ee6,150,150,Inline Method private writeReflectionHints(hints ReflectionHints) : void inlined to public write(hints RuntimeHints) : void in class org.springframework.aot.nativex.NativeConfigurationWriter,True,True
spring-core/src/main/java/org/springframework/aot/nativex/NativeConfigurationWriter.java,Inline Method,41,10,3,fec2ed5540d075fc9364302fc82c9d7de3745ee6,151,151,Inline Method private writeJniHints(hints ReflectionHints) : void inlined to public write(hints RuntimeHints) : void in class org.springframework.aot.nativex.NativeConfigurationWriter,True,True
spring-core/src/main/java/org/springframework/aot/nativex/NativeConfigurationWriter.java,Extract Method,61,10,5,fec2ed5540d075fc9364302fc82c9d7de3745ee6,152,152,Extract Method private hasAnyHint(hints RuntimeHints) : boolean extracted from public write(hints RuntimeHints) : void in class org.springframework.aot.nativex.NativeConfigurationWriter,True,True
spring-core/src/test/java/org/springframework/aot/nativex/FileNativeConfigurationWriterTests.java,Remove Parameter,11,3,1,fec2ed5540d075fc9364302fc82c9d7de3745ee6,153,153,"Remove Parameter filename : String in method private assertEquals(expectedString String, filename String) : void from class org.springframework.aot.nativex.FileNativeConfigurationWriterTests",True,True
spring-core/src/main/java/org/springframework/aot/nativex/ProxyHintsWriter.java,Change Parameter Type,12,4,3,fec2ed5540d075fc9364302fc82c9d7de3745ee6,154,154,"Change Parameter Type hint : JdkProxyHint to hint : ConditionalHint in method private handleCondition(attributes Map<String,Object>, hint ConditionalHint) : void from class org.springframework.aot.nativex.ReflectionHintsAttributes",True,True
spring-core/src/main/java/org/springframework/aot/nativex/ResourceHintsWriter.java,Rename Method,10,3,1,fec2ed5540d075fc9364302fc82c9d7de3745ee6,155,155,"Rename Method private handleResourceBundles(attributes Map<String,Object>, resourceBundles Stream<ResourceBundleHint>) : void renamed to public resourceBundles(hint ResourceHints) : List<Map<String,Object>> in class org.springframework.aot.nativex.ResourceHintsAttributes",True,True
spring-core/src/main/java/org/springframework/aot/nativex/ResourceHintsWriter.java,Change Parameter Type,2,1,1,fec2ed5540d075fc9364302fc82c9d7de3745ee6,156,156,"Change Parameter Type hint : ResourceHints to hint : ResourceBundleHint in method private toAttributes(hint ResourceBundleHint) : Map<String,Object> from class org.springframework.aot.nativex.ResourceHintsAttributes",True,True
spring-core/src/main/java/org/springframework/aot/nativex/ResourceHintsWriter.java,Change Return Type,12,4,2,fec2ed5540d075fc9364302fc82c9d7de3745ee6,157,157,"Change Return Type void to List<Map<String,Object>> in method public resourceBundles(hint ResourceHints) : List<Map<String,Object>> from class org.springframework.aot.nativex.ResourceHintsAttributes",True,True
spring-core/src/main/java/org/springframework/aot/nativex/ResourceHintsWriter.java,Add Parameter,11,3,1,fec2ed5540d075fc9364302fc82c9d7de3745ee6,158,158,"Add Parameter hint : ResourceHints in method public resourceBundles(hint ResourceHints) : List<Map<String,Object>> from class org.springframework.aot.nativex.ResourceHintsAttributes",True,True
spring-core/src/main/java/org/springframework/aot/nativex/ResourceHintsWriter.java,Remove Parameter,11,3,1,fec2ed5540d075fc9364302fc82c9d7de3745ee6,159,159,"Remove Parameter attributes : Map<String,Object> in method private handleResourceBundles(attributes Map<String,Object>, resourceBundles Stream<ResourceBundleHint>) : void from class org.springframework.aot.nativex.ResourceHintsWriter",True,True
spring-core/src/main/java/org/springframework/aot/nativex/ResourceHintsWriter.java,Remove Parameter,11,3,1,fec2ed5540d075fc9364302fc82c9d7de3745ee6,160,160,"Remove Parameter resourceBundles : Stream<ResourceBundleHint> in method private handleResourceBundles(attributes Map<String,Object>, resourceBundles Stream<ResourceBundleHint>) : void from class org.springframework.aot.nativex.ResourceHintsWriter",True,True
spring-core/src/main/java/org/springframework/aot/nativex/ResourceHintsWriter.java,Change Method Access Modifier,10,3,1,fec2ed5540d075fc9364302fc82c9d7de3745ee6,161,161,"Change Method Access Modifier private to public in method public resourceBundles(hint ResourceHints) : List<Map<String,Object>> from class org.springframework.aot.nativex.ResourceHintsAttributes",True,True
spring-core/src/test/java/org/springframework/aot/nativex/ProxyHintsWriterTests.java,Add Class Annotation,179,10,1,fec2ed5540d075fc9364302fc82c9d7de3745ee6,162,162,Add Class Annotation @Nested in class org.springframework.aot.nativex.RuntimeHintsWriterTests.ProxyHintsTests,True,True
spring-core/src/test/java/org/springframework/aot/nativex/ProxyHintsWriterTests.java,Change Variable Type,4,1,2,fec2ed5540d075fc9364302fc82c9d7de3745ee6,163,163,Change Variable Type hints : ProxyHints to hints : RuntimeHints in method package empty() : void from class org.springframework.aot.nativex.RuntimeHintsWriterTests.ProxyHintsTests,True,True
spring-core/src/test/java/org/springframework/aot/nativex/ProxyHintsWriterTests.java,Change Variable Type,19,6,3,fec2ed5540d075fc9364302fc82c9d7de3745ee6,164,164,Change Variable Type hints : ProxyHints to hints : RuntimeHints in method package shouldWriteOneEntry() : void from class org.springframework.aot.nativex.RuntimeHintsWriterTests.ProxyHintsTests,True,True
spring-core/src/test/java/org/springframework/aot/nativex/ProxyHintsWriterTests.java,Change Variable Type,22,7,3,fec2ed5540d075fc9364302fc82c9d7de3745ee6,165,165,Change Variable Type hints : ProxyHints to hints : RuntimeHints in method package shouldWriteMultipleEntries() : void from class org.springframework.aot.nativex.RuntimeHintsWriterTests.ProxyHintsTests,True,True
spring-core/src/test/java/org/springframework/aot/nativex/ProxyHintsWriterTests.java,Change Variable Type,22,7,3,fec2ed5540d075fc9364302fc82c9d7de3745ee6,166,166,Change Variable Type hints : ProxyHints to hints : RuntimeHints in method package shouldWriteEntriesInNaturalOrder() : void from class org.springframework.aot.nativex.RuntimeHintsWriterTests.ProxyHintsTests,True,True
spring-core/src/test/java/org/springframework/aot/nativex/ProxyHintsWriterTests.java,Change Variable Type,15,5,2,fec2ed5540d075fc9364302fc82c9d7de3745ee6,167,167,Change Variable Type hints : ProxyHints to hints : RuntimeHints in method package shouldWriteInnerClass() : void from class org.springframework.aot.nativex.RuntimeHintsWriterTests.ProxyHintsTests,True,True
spring-core/src/test/java/org/springframework/aot/nativex/ProxyHintsWriterTests.java,Change Variable Type,20,6,3,fec2ed5540d075fc9364302fc82c9d7de3745ee6,168,168,Change Variable Type hints : ProxyHints to hints : RuntimeHints in method package shouldWriteCondition() : void from class org.springframework.aot.nativex.RuntimeHintsWriterTests.ProxyHintsTests,True,True
spring-core/src/test/java/org/springframework/aot/nativex/ReflectionHintsWriterTests.java,Add Class Annotation,464,10,1,fec2ed5540d075fc9364302fc82c9d7de3745ee6,169,169,Add Class Annotation @Nested in class org.springframework.aot.nativex.RuntimeHintsWriterTests.ReflectionHintsTests,True,True
spring-core/src/test/java/org/springframework/aot/nativex/ReflectionHintsWriterTests.java,Inline Method,145,10,3,fec2ed5540d075fc9364302fc82c9d7de3745ee6,170,170,"Inline Method private assertEquals(expectedString String, hints ReflectionHints) : void inlined to package one() : void in class org.springframework.aot.nativex.RuntimeHintsWriterTests.ReflectionHintsTests",True,True
spring-core/src/test/java/org/springframework/aot/nativex/ReflectionHintsWriterTests.java,Inline Method,48,10,3,fec2ed5540d075fc9364302fc82c9d7de3745ee6,171,171,"Inline Method private assertEquals(expectedString String, hints ReflectionHints) : void inlined to package two() : void in class org.springframework.aot.nativex.RuntimeHintsWriterTests.ReflectionHintsTests",True,True
spring-core/src/test/java/org/springframework/aot/nativex/ReflectionHintsWriterTests.java,Inline Method,20,6,3,fec2ed5540d075fc9364302fc82c9d7de3745ee6,172,172,"Inline Method private assertEquals(expectedString String, hints ReflectionHints) : void inlined to package ignoreLambda() : void in class org.springframework.aot.nativex.RuntimeHintsWriterTests.ReflectionHintsTests",True,True
spring-core/src/test/java/org/springframework/aot/nativex/ReflectionHintsWriterTests.java,Change Variable Type,4,1,2,fec2ed5540d075fc9364302fc82c9d7de3745ee6,173,173,Change Variable Type hints : ReflectionHints to hints : RuntimeHints in method package empty() : void from class org.springframework.aot.nativex.RuntimeHintsWriterTests.ReflectionHintsTests,True,True
spring-core/src/test/java/org/springframework/aot/nativex/ReflectionHintsWriterTests.java,Change Variable Type,2,1,1,fec2ed5540d075fc9364302fc82c9d7de3745ee6,174,174,Change Variable Type hints : ReflectionHints to hints : RuntimeHints in method package one() : void from class org.springframework.aot.nativex.RuntimeHintsWriterTests.ReflectionHintsTests,True,True
spring-core/src/test/java/org/springframework/aot/nativex/ReflectionHintsWriterTests.java,Change Variable Type,10,3,3,fec2ed5540d075fc9364302fc82c9d7de3745ee6,175,175,Change Variable Type hints : ReflectionHints to hints : RuntimeHints in method package two() : void from class org.springframework.aot.nativex.RuntimeHintsWriterTests.ReflectionHintsTests,True,True
spring-core/src/test/java/org/springframework/aot/nativex/ReflectionHintsWriterTests.java,Change Variable Type,34,10,3,fec2ed5540d075fc9364302fc82c9d7de3745ee6,176,176,Change Variable Type hints : ReflectionHints to hints : RuntimeHints in method package methods() : void from class org.springframework.aot.nativex.RuntimeHintsWriterTests.ReflectionHintsTests,True,True
spring-core/src/test/java/org/springframework/aot/nativex/ReflectionHintsWriterTests.java,Change Variable Type,34,10,3,fec2ed5540d075fc9364302fc82c9d7de3745ee6,177,177,Change Variable Type hints : ReflectionHints to hints : RuntimeHints in method package methodWithInnerClassParameter() : void from class org.springframework.aot.nativex.RuntimeHintsWriterTests.ReflectionHintsTests,True,True
spring-core/src/test/java/org/springframework/aot/nativex/ReflectionHintsWriterTests.java,Change Variable Type,40,10,3,fec2ed5540d075fc9364302fc82c9d7de3745ee6,178,178,Change Variable Type hints : ReflectionHints to hints : RuntimeHints in method package methodAndQueriedMethods() : void from class org.springframework.aot.nativex.RuntimeHintsWriterTests.ReflectionHintsTests,True,True
spring-core/src/test/java/org/springframework/aot/nativex/ReflectionHintsWriterTests.java,Change Variable Type,4,1,2,fec2ed5540d075fc9364302fc82c9d7de3745ee6,179,179,Change Variable Type hints : ReflectionHints to hints : RuntimeHints in method package ignoreLambda() : void from class org.springframework.aot.nativex.RuntimeHintsWriterTests.ReflectionHintsTests,True,True
spring-core/src/test/java/org/springframework/aot/nativex/ReflectionHintsWriterTests.java,Change Variable Type,8,2,4,fec2ed5540d075fc9364302fc82c9d7de3745ee6,180,180,Change Variable Type hints : ReflectionHints to hints : RuntimeHints in method package sortTypeHints() : void from class org.springframework.aot.nativex.RuntimeHintsWriterTests.ReflectionHintsTests,True,True
spring-core/src/test/java/org/springframework/aot/nativex/ReflectionHintsWriterTests.java,Change Variable Type,8,2,4,fec2ed5540d075fc9364302fc82c9d7de3745ee6,181,181,Change Variable Type hints2 : ReflectionHints to hints2 : RuntimeHints in method package sortTypeHints() : void from class org.springframework.aot.nativex.RuntimeHintsWriterTests.ReflectionHintsTests,True,True
spring-core/src/test/java/org/springframework/aot/nativex/ReflectionHintsWriterTests.java,Change Variable Type,12,4,3,fec2ed5540d075fc9364302fc82c9d7de3745ee6,182,182,Change Variable Type hints : ReflectionHints to hints : RuntimeHints in method package sortFieldHints() : void from class org.springframework.aot.nativex.RuntimeHintsWriterTests.ReflectionHintsTests,True,True
spring-core/src/test/java/org/springframework/aot/nativex/ReflectionHintsWriterTests.java,Change Variable Type,12,4,3,fec2ed5540d075fc9364302fc82c9d7de3745ee6,183,183,Change Variable Type hints2 : ReflectionHints to hints2 : RuntimeHints in method package sortFieldHints() : void from class org.springframework.aot.nativex.RuntimeHintsWriterTests.ReflectionHintsTests,True,True
spring-core/src/test/java/org/springframework/aot/nativex/ReflectionHintsWriterTests.java,Change Variable Type,14,4,3,fec2ed5540d075fc9364302fc82c9d7de3745ee6,184,184,Change Variable Type hints : ReflectionHints to hints : RuntimeHints in method package sortConstructorHints() : void from class org.springframework.aot.nativex.RuntimeHintsWriterTests.ReflectionHintsTests,True,True
spring-core/src/test/java/org/springframework/aot/nativex/ReflectionHintsWriterTests.java,Change Variable Type,14,4,3,fec2ed5540d075fc9364302fc82c9d7de3745ee6,185,185,Change Variable Type hints2 : ReflectionHints to hints2 : RuntimeHints in method package sortConstructorHints() : void from class org.springframework.aot.nativex.RuntimeHintsWriterTests.ReflectionHintsTests,True,True
spring-core/src/test/java/org/springframework/aot/nativex/ReflectionHintsWriterTests.java,Change Variable Type,12,4,3,fec2ed5540d075fc9364302fc82c9d7de3745ee6,186,186,Change Variable Type hints : ReflectionHints to hints : RuntimeHints in method package sortMethodHints() : void from class org.springframework.aot.nativex.RuntimeHintsWriterTests.ReflectionHintsTests,True,True
spring-core/src/test/java/org/springframework/aot/nativex/ReflectionHintsWriterTests.java,Change Variable Type,12,4,3,fec2ed5540d075fc9364302fc82c9d7de3745ee6,187,187,Change Variable Type hints2 : ReflectionHints to hints2 : RuntimeHints in method package sortMethodHints() : void from class org.springframework.aot.nativex.RuntimeHintsWriterTests.ReflectionHintsTests,True,True
spring-core/src/test/java/org/springframework/aot/nativex/ResourceHintsWriterTests.java,Add Class Annotation,294,10,1,fec2ed5540d075fc9364302fc82c9d7de3745ee6,188,188,Add Class Annotation @Nested in class org.springframework.aot.nativex.RuntimeHintsWriterTests.ResourceHintsTests,True,True
spring-core/src/test/java/org/springframework/aot/nativex/ResourceHintsWriterTests.java,Change Variable Type,4,1,2,fec2ed5540d075fc9364302fc82c9d7de3745ee6,189,189,Change Variable Type hints : ResourceHints to hints : RuntimeHints in method package empty() : void from class org.springframework.aot.nativex.RuntimeHintsWriterTests.ResourceHintsTests,True,True
spring-core/src/test/java/org/springframework/aot/nativex/ResourceHintsWriterTests.java,Change Variable Type,28,9,4,fec2ed5540d075fc9364302fc82c9d7de3745ee6,190,190,Change Variable Type hints : ResourceHints to hints : RuntimeHints in method package registerExactMatch() : void from class org.springframework.aot.nativex.RuntimeHintsWriterTests.ResourceHintsTests,True,True
spring-core/src/test/java/org/springframework/aot/nativex/ResourceHintsWriterTests.java,Change Variable Type,20,6,3,fec2ed5540d075fc9364302fc82c9d7de3745ee6,191,191,Change Variable Type hints : ResourceHints to hints : RuntimeHints in method package registerWildcardAtTheBeginningPattern() : void from class org.springframework.aot.nativex.RuntimeHintsWriterTests.ResourceHintsTests,True,True
spring-core/src/test/java/org/springframework/aot/nativex/ResourceHintsWriterTests.java,Change Variable Type,24,8,3,fec2ed5540d075fc9364302fc82c9d7de3745ee6,192,192,Change Variable Type hints : ResourceHints to hints : RuntimeHints in method package registerWildcardInTheMiddlePattern() : void from class org.springframework.aot.nativex.RuntimeHintsWriterTests.ResourceHintsTests,True,True
spring-core/src/test/java/org/springframework/aot/nativex/ResourceHintsWriterTests.java,Change Variable Type,22,7,3,fec2ed5540d075fc9364302fc82c9d7de3745ee6,193,193,Change Variable Type hints : ResourceHints to hints : RuntimeHints in method package registerWildcardAtTheEndPattern() : void from class org.springframework.aot.nativex.RuntimeHintsWriterTests.ResourceHintsTests,True,True
spring-core/src/test/java/org/springframework/aot/nativex/ResourceHintsWriterTests.java,Change Variable Type,36,10,4,fec2ed5540d075fc9364302fc82c9d7de3745ee6,194,194,Change Variable Type hints : ResourceHints to hints : RuntimeHints in method package registerPatternWithIncludesAndExcludes() : void from class org.springframework.aot.nativex.RuntimeHintsWriterTests.ResourceHintsTests,True,True
spring-core/src/test/java/org/springframework/aot/nativex/ResourceHintsWriterTests.java,Change Variable Type,24,8,3,fec2ed5540d075fc9364302fc82c9d7de3745ee6,195,195,Change Variable Type hints : ResourceHints to hints : RuntimeHints in method package registerWithReachableTypeCondition() : void from class org.springframework.aot.nativex.RuntimeHintsWriterTests.ResourceHintsTests,True,True
spring-core/src/test/java/org/springframework/aot/nativex/ResourceHintsWriterTests.java,Change Variable Type,24,8,3,fec2ed5540d075fc9364302fc82c9d7de3745ee6,196,196,Change Variable Type hints : ResourceHints to hints : RuntimeHints in method package registerType() : void from class org.springframework.aot.nativex.RuntimeHintsWriterTests.ResourceHintsTests,True,True
spring-core/src/test/java/org/springframework/aot/nativex/ResourceHintsWriterTests.java,Change Variable Type,20,6,4,fec2ed5540d075fc9364302fc82c9d7de3745ee6,197,197,Change Variable Type hints : ResourceHints to hints : RuntimeHints in method package registerResourceBundle() : void from class org.springframework.aot.nativex.RuntimeHintsWriterTests.ResourceHintsTests,True,True
spring-core/src/test/java/org/springframework/aot/nativex/SerializationHintsWriterTests.java,Add Class Annotation,106,10,1,fec2ed5540d075fc9364302fc82c9d7de3745ee6,198,198,Add Class Annotation @Nested in class org.springframework.aot.nativex.RuntimeHintsWriterTests.SerializationHintsTests,True,True
spring-core/src/test/java/org/springframework/aot/nativex/SerializationHintsWriterTests.java,Change Variable Type,4,1,2,fec2ed5540d075fc9364302fc82c9d7de3745ee6,199,199,Change Variable Type hints : SerializationHints to hints : RuntimeHints in method package shouldWriteEmptyHint() : void from class org.springframework.aot.nativex.RuntimeHintsWriterTests.SerializationHintsTests,True,True
spring-core/src/test/java/org/springframework/aot/nativex/SerializationHintsWriterTests.java,Change Variable Type,13,4,2,fec2ed5540d075fc9364302fc82c9d7de3745ee6,200,200,Change Variable Type hints : SerializationHints to hints : RuntimeHints in method package shouldWriteSingleHint() : void from class org.springframework.aot.nativex.RuntimeHintsWriterTests.SerializationHintsTests,True,True
spring-core/src/test/java/org/springframework/aot/nativex/SerializationHintsWriterTests.java,Change Variable Type,17,5,2,fec2ed5540d075fc9364302fc82c9d7de3745ee6,201,201,Change Variable Type hints : SerializationHints to hints : RuntimeHints in method package shouldWriteMultipleHints() : void from class org.springframework.aot.nativex.RuntimeHintsWriterTests.SerializationHintsTests,True,True
spring-core/src/test/java/org/springframework/aot/nativex/SerializationHintsWriterTests.java,Change Variable Type,14,4,2,fec2ed5540d075fc9364302fc82c9d7de3745ee6,202,202,Change Variable Type hints : SerializationHints to hints : RuntimeHints in method package shouldWriteSingleHintWithCondition() : void from class org.springframework.aot.nativex.RuntimeHintsWriterTests.SerializationHintsTests,True,True
spring-core/src/test/java/org/springframework/aot/nativex/ProxyHintsWriterTests.java,Extract Class,735,10,2,fec2ed5540d075fc9364302fc82c9d7de3745ee6,203,203,Extract Class org.springframework.aot.nativex.RuntimeHintsWriterTests from class org.springframework.aot.nativex.ProxyHintsWriterTests,True,True
spring-core/src/main/java/org/springframework/aot/nativex/ProxyHintsWriter.java,Change Parameter Type,7,2,2,fec2ed5540d075fc9364302fc82c9d7de3745ee6,204,204,"Change Parameter Type hints : ProxyHints to hints : SerializationHints in method public toAttributes(hints SerializationHints) : List<Map<String,Object>> from class org.springframework.aot.nativex.SerializationHintsAttributes",True,True
spring-core/src/main/java/org/springframework/aot/nativex/ProxyHintsWriter.java,Change Return Type,11,3,2,fec2ed5540d075fc9364302fc82c9d7de3745ee6,205,205,"Change Return Type void to List<Map<String,Object>> in method public toAttributes(hints SerializationHints) : List<Map<String,Object>> from class org.springframework.aot.nativex.SerializationHintsAttributes",True,True
spring-core/src/main/java/org/springframework/aot/nativex/SerializationHintsWriter.java,Change Return Type,12,4,2,fec2ed5540d075fc9364302fc82c9d7de3745ee6,206,206,"Change Return Type void to List<Map<String,Object>> in method public toAttributes(hints SerializationHints) : List<Map<String,Object>> from class org.springframework.aot.nativex.SerializationHintsAttributes",True,True
spring-core/src/main/java/org/springframework/aot/nativex/ProxyHintsWriter.java,Remove Parameter,10,3,1,fec2ed5540d075fc9364302fc82c9d7de3745ee6,207,207,"Remove Parameter writer : BasicJsonWriter in method public write(writer BasicJsonWriter, hints ProxyHints) : void from class org.springframework.aot.nativex.ProxyHintsWriter",True,True
spring-core/src/main/java/org/springframework/aot/nativex/ProxyHintsWriter.java,Move And Rename Method,9,3,1,fec2ed5540d075fc9364302fc82c9d7de3745ee6,208,208,"Move And Rename Method public write(writer BasicJsonWriter, hints ProxyHints) : void from class org.springframework.aot.nativex.ProxyHintsWriter to public toAttributes(hints SerializationHints) : List<Map<String,Object>> from class org.springframework.aot.nativex.SerializationHintsAttributes",True,True
spring-core/src/main/java/org/springframework/aot/nativex/SerializationHintsWriter.java,Remove Parameter,11,3,1,fec2ed5540d075fc9364302fc82c9d7de3745ee6,209,209,"Remove Parameter writer : BasicJsonWriter in method public write(writer BasicJsonWriter, hints SerializationHints) : void from class org.springframework.aot.nativex.SerializationHintsWriter",True,True
spring-core/src/main/java/org/springframework/aot/nativex/SerializationHintsWriter.java,Move And Rename Method,10,3,1,fec2ed5540d075fc9364302fc82c9d7de3745ee6,210,210,"Move And Rename Method public write(writer BasicJsonWriter, hints SerializationHints) : void from class org.springframework.aot.nativex.SerializationHintsWriter to public toAttributes(hints SerializationHints) : List<Map<String,Object>> from class org.springframework.aot.nativex.SerializationHintsAttributes",True,True
spring-core/src/main/java/org/springframework/aot/nativex/ReflectionHintsWriter.java,Change Parameter Type,8,2,2,fec2ed5540d075fc9364302fc82c9d7de3745ee6,211,211,"Change Parameter Type hints : ReflectionHints to hints : RuntimeHints in method public reflection(hints RuntimeHints) : List<Map<String,Object>> from class org.springframework.aot.nativex.ReflectionHintsAttributes",True,True
spring-core/src/main/java/org/springframework/aot/nativex/ReflectionHintsWriter.java,Change Return Type,17,5,2,fec2ed5540d075fc9364302fc82c9d7de3745ee6,212,212,"Change Return Type void to List<Map<String,Object>> in method public reflection(hints RuntimeHints) : List<Map<String,Object>> from class org.springframework.aot.nativex.ReflectionHintsAttributes",True,True
spring-core/src/main/java/org/springframework/aot/nativex/ReflectionHintsWriter.java,Remove Parameter,16,5,1,fec2ed5540d075fc9364302fc82c9d7de3745ee6,213,213,"Remove Parameter writer : BasicJsonWriter in method public write(writer BasicJsonWriter, hints ReflectionHints) : void from class org.springframework.aot.nativex.ReflectionHintsWriter",True,True
spring-core/src/main/java/org/springframework/aot/nativex/ReflectionHintsWriter.java,Move And Rename Method,15,5,1,fec2ed5540d075fc9364302fc82c9d7de3745ee6,214,214,"Move And Rename Method public write(writer BasicJsonWriter, hints ReflectionHints) : void from class org.springframework.aot.nativex.ReflectionHintsWriter to public reflection(hints RuntimeHints) : List<Map<String,Object>> from class org.springframework.aot.nativex.ReflectionHintsAttributes",True,True
spring-core/src/main/java/org/springframework/aot/nativex/ReflectionHintsWriter.java,Move Method,11,3,1,fec2ed5540d075fc9364302fc82c9d7de3745ee6,215,215,"Move Method private handleFields(attributes Map<String,Object>, fields Stream<FieldHint>) : void from class org.springframework.aot.nativex.ReflectionHintsWriter to private handleFields(attributes Map<String,Object>, fields Stream<FieldHint>) : void from class org.springframework.aot.nativex.ReflectionHintsAttributes",True,True
spring-core/src/main/java/org/springframework/aot/nativex/ReflectionHintsWriter.java,Move Method,13,4,1,fec2ed5540d075fc9364302fc82c9d7de3745ee6,216,216,"Move Method private handleExecutables(attributes Map<String,Object>, hints List<ExecutableHint>) : void from class org.springframework.aot.nativex.ReflectionHintsWriter to private handleExecutables(attributes Map<String,Object>, hints List<ExecutableHint>) : void from class org.springframework.aot.nativex.ReflectionHintsAttributes",True,True
spring-core/src/main/java/org/springframework/aot/nativex/ReflectionHintsWriter.java,Add Method Annotation,44,10,1,fec2ed5540d075fc9364302fc82c9d7de3745ee6,217,217,"Add Method Annotation @SuppressWarnings(""removal"") in method private handleCategories(attributes Map<String,Object>, categories Set<MemberCategory>) : void from class org.springframework.aot.nativex.ReflectionHintsAttributes",True,True
spring-core/src/main/java/org/springframework/aot/nativex/ReflectionHintsWriter.java,Move Method,43,10,1,fec2ed5540d075fc9364302fc82c9d7de3745ee6,218,218,"Move Method private handleCategories(attributes Map<String,Object>, categories Set<MemberCategory>) : void from class org.springframework.aot.nativex.ReflectionHintsWriter to private handleCategories(attributes Map<String,Object>, categories Set<MemberCategory>) : void from class org.springframework.aot.nativex.ReflectionHintsAttributes",True,True
spring-core/src/main/java/org/springframework/aot/nativex/ReflectionHintsWriter.java,Move Method,10,3,1,fec2ed5540d075fc9364302fc82c9d7de3745ee6,219,219,"Move Method private addIfNotEmpty(attributes Map<String,Object>, name String, value Object) : void from class org.springframework.aot.nativex.ReflectionHintsWriter to private addIfNotEmpty(attributes Map<String,Object>, name String, value Object) : void from class org.springframework.aot.nativex.ReflectionHintsAttributes",True,True
spring-core/src/test/java/org/springframework/aot/nativex/ProxyHintsWriterTests.java,Change Parameter Type,2,1,1,fec2ed5540d075fc9364302fc82c9d7de3745ee6,220,220,"Change Parameter Type hints : ProxyHints to hints : RuntimeHints in method private assertEquals(expectedString String, hints RuntimeHints) : void from class org.springframework.aot.nativex.RuntimeHintsWriterTests",True,True
spring-core/src/test/java/org/springframework/aot/nativex/ProxyHintsWriterTests.java,Move Method,13,4,1,fec2ed5540d075fc9364302fc82c9d7de3745ee6,221,221,"Move Method private assertEquals(expectedString String, hints ProxyHints) : void from class org.springframework.aot.nativex.ProxyHintsWriterTests to private assertEquals(expectedString String, hints RuntimeHints) : void from class org.springframework.aot.nativex.RuntimeHintsWriterTests",True,True
spring-core/src/test/java/org/springframework/aot/nativex/ResourceHintsWriterTests.java,Change Parameter Type,2,1,1,fec2ed5540d075fc9364302fc82c9d7de3745ee6,222,222,"Change Parameter Type hints : ResourceHints to hints : RuntimeHints in method private assertEquals(expectedString String, hints RuntimeHints) : void from class org.springframework.aot.nativex.RuntimeHintsWriterTests",True,True
spring-core/src/test/java/org/springframework/aot/nativex/ResourceHintsWriterTests.java,Move Method,13,4,1,fec2ed5540d075fc9364302fc82c9d7de3745ee6,223,223,"Move Method private assertEquals(expectedString String, hints ResourceHints) : void from class org.springframework.aot.nativex.ResourceHintsWriterTests to private assertEquals(expectedString String, hints RuntimeHints) : void from class org.springframework.aot.nativex.RuntimeHintsWriterTests",True,True
spring-core/src/test/java/org/springframework/aot/nativex/SerializationHintsWriterTests.java,Change Parameter Type,2,1,1,fec2ed5540d075fc9364302fc82c9d7de3745ee6,224,224,"Change Parameter Type hints : SerializationHints to hints : RuntimeHints in method private assertEquals(expectedString String, hints RuntimeHints) : void from class org.springframework.aot.nativex.RuntimeHintsWriterTests",True,True
spring-core/src/test/java/org/springframework/aot/nativex/SerializationHintsWriterTests.java,Move Method,13,4,1,fec2ed5540d075fc9364302fc82c9d7de3745ee6,225,225,"Move Method private assertEquals(expectedString String, hints SerializationHints) : void from class org.springframework.aot.nativex.SerializationHintsWriterTests to private assertEquals(expectedString String, hints RuntimeHints) : void from class org.springframework.aot.nativex.RuntimeHintsWriterTests",True,True
spring-core/src/test/java/org/springframework/aot/nativex/ReflectionHintsWriterTests.java,Change Parameter Type,4,1,2,fec2ed5540d075fc9364302fc82c9d7de3745ee6,226,226,Change Parameter Type hints : ReflectionHints to hints : RuntimeHints in method private writeJson(hints RuntimeHints) : String from class org.springframework.aot.nativex.RuntimeHintsWriterTests,True,True
spring-core/src/test/java/org/springframework/aot/nativex/ReflectionHintsWriterTests.java,Move Method,12,4,1,fec2ed5540d075fc9364302fc82c9d7de3745ee6,227,227,Move Method private writeJson(hints ReflectionHints) : String from class org.springframework.aot.nativex.ReflectionHintsWriterTests to private writeJson(hints RuntimeHints) : String from class org.springframework.aot.nativex.RuntimeHintsWriterTests,True,True
spring-core/src/test/java/org/springframework/aot/hint/ExecutableModeTests.java,Add Class Annotation,78,10,1,71362c953c48de7dd428d84ddf660ee03d906a42,228,228,"Add Class Annotation @SuppressWarnings(""removal"") in class org.springframework.aot.hint.ExecutableModeTests",True,True
spring-core/src/main/java/org/springframework/aot/hint/MemberCategory.java,Add Attribute Annotation,15,5,1,71362c953c48de7dd428d84ddf660ee03d906a42,229,229,"Add Attribute Annotation @Deprecated(since = ""7.0"", forRemoval = true) in enum constant PUBLIC_FIELDS from class org.springframework.aot.hint.MemberCategory",True,True
spring-core/src/main/java/org/springframework/aot/hint/MemberCategory.java,Add Attribute Annotation,17,5,1,71362c953c48de7dd428d84ddf660ee03d906a42,230,230,"Add Attribute Annotation @Deprecated(since = ""7.0"", forRemoval = true) in enum constant DECLARED_FIELDS from class org.springframework.aot.hint.MemberCategory",True,True
spring-core/src/main/java/org/springframework/aot/hint/MemberCategory.java,Add Attribute Annotation,18,6,1,71362c953c48de7dd428d84ddf660ee03d906a42,231,231,"Add Attribute Annotation @Deprecated(since = ""7.0"", forRemoval = true) in enum constant INTROSPECT_PUBLIC_CONSTRUCTORS from class org.springframework.aot.hint.MemberCategory",True,True
spring-core/src/main/java/org/springframework/aot/hint/MemberCategory.java,Add Attribute Annotation,18,6,1,71362c953c48de7dd428d84ddf660ee03d906a42,232,232,"Add Attribute Annotation @Deprecated(since = ""7.0"", forRemoval = true) in enum constant INTROSPECT_DECLARED_CONSTRUCTORS from class org.springframework.aot.hint.MemberCategory",True,True
spring-core/src/main/java/org/springframework/aot/hint/MemberCategory.java,Add Attribute Annotation,18,6,1,71362c953c48de7dd428d84ddf660ee03d906a42,233,233,"Add Attribute Annotation @Deprecated(since = ""7.0"", forRemoval = true) in enum constant INTROSPECT_PUBLIC_METHODS from class org.springframework.aot.hint.MemberCategory",True,True
spring-core/src/main/java/org/springframework/aot/hint/MemberCategory.java,Add Attribute Annotation,18,6,1,71362c953c48de7dd428d84ddf660ee03d906a42,234,234,"Add Attribute Annotation @Deprecated(since = ""7.0"", forRemoval = true) in enum constant INTROSPECT_DECLARED_METHODS from class org.springframework.aot.hint.MemberCategory",True,True
spring-core/src/main/java/org/springframework/aot/hint/MemberCategory.java,Add Attribute Annotation,20,6,1,71362c953c48de7dd428d84ddf660ee03d906a42,235,235,"Add Attribute Annotation @Deprecated(since = ""7.0"", forRemoval = true) in enum constant PUBLIC_CLASSES from class org.springframework.aot.hint.MemberCategory",True,True
spring-core/src/main/java/org/springframework/aot/hint/MemberCategory.java,Add Attribute Annotation,20,6,1,71362c953c48de7dd428d84ddf660ee03d906a42,236,236,"Add Attribute Annotation @Deprecated(since = ""7.0"", forRemoval = true) in enum constant DECLARED_CLASSES from class org.springframework.aot.hint.MemberCategory",True,True
spring-core/src/main/java/org/springframework/aot/hint/predicate/ReflectionHintsPredicates.java,Add Class Annotation,86,10,1,71362c953c48de7dd428d84ddf660ee03d906a42,237,237,"Add Class Annotation @SuppressWarnings(""removal"") in class org.springframework.aot.hint.predicate.ReflectionHintsPredicates.ExecutableHintPredicate",True,True
spring-core/src/main/java/org/springframework/aot/hint/predicate/ReflectionHintsPredicates.java,Add Class Annotation,75,10,1,71362c953c48de7dd428d84ddf660ee03d906a42,238,238,"Add Class Annotation @SuppressWarnings(""removal"") in class org.springframework.aot.hint.predicate.ReflectionHintsPredicates.ConstructorHintPredicate",True,True
spring-core/src/main/java/org/springframework/aot/hint/predicate/ReflectionHintsPredicates.java,Add Class Annotation,79,10,1,71362c953c48de7dd428d84ddf660ee03d906a42,239,239,"Add Class Annotation @SuppressWarnings(""removal"") in class org.springframework.aot.hint.predicate.ReflectionHintsPredicates.MethodHintPredicate",True,True
spring-core/src/main/java/org/springframework/aot/hint/predicate/ReflectionHintsPredicates.java,Inline Method,63,10,5,71362c953c48de7dd428d84ddf660ee03d906a42,240,240,Inline Method private memberCategoryMatch(typeHint TypeHint) : boolean inlined to public test(runtimeHints RuntimeHints) : boolean in class org.springframework.aot.hint.predicate.ReflectionHintsPredicates.FieldHintPredicate,True,True
spring-core/src/main/java/org/springframework/aot/hint/predicate/ReflectionHintsPredicates.java,Invert Condition,42,10,2,71362c953c48de7dd428d84ddf660ee03d906a42,241,241,Invert Condition if(typeHint == null) to if(typeHint != null) in method public test(runtimeHints RuntimeHints) : boolean from class org.springframework.aot.hint.predicate.ReflectionHintsPredicates.FieldHintPredicate,True,True
spring-core/src/test/java/org/springframework/aot/hint/ExecutableHintTests.java,Add Class Annotation,36,10,1,71362c953c48de7dd428d84ddf660ee03d906a42,242,242,"Add Class Annotation @SuppressWarnings(""removal"") in class org.springframework.aot.hint.ExecutableHintTests",True,True
spring-core/src/main/java/org/springframework/aot/hint/ExecutableMode.java,Add Attribute Annotation,12,4,1,71362c953c48de7dd428d84ddf660ee03d906a42,243,243,"Add Attribute Annotation @Deprecated(since = ""7.0"", forRemoval = true) in enum constant INTROSPECT from class org.springframework.aot.hint.ExecutableMode",True,True
spring-core/src/test/java/org/springframework/aot/hint/ReflectionHintsTests.java,Add Class Annotation,498,10,1,71362c953c48de7dd428d84ddf660ee03d906a42,244,244,"Add Class Annotation @SuppressWarnings(""removal"") in class org.springframework.aot.hint.ReflectionHintsTests",True,True
spring-core/src/test/java/org/springframework/aot/hint/TypeHintTests.java,Add Class Annotation,299,10,1,71362c953c48de7dd428d84ddf660ee03d906a42,245,245,"Add Class Annotation @SuppressWarnings(""removal"") in class org.springframework.aot.hint.TypeHintTests",True,True
spring-core/src/test/java/org/springframework/aot/hint/predicate/ReflectionHintsPredicatesTests.java,Add Class Annotation,1014,10,1,71362c953c48de7dd428d84ddf660ee03d906a42,246,246,"Add Class Annotation @SuppressWarnings(""removal"") in class org.springframework.aot.hint.predicate.ReflectionHintsPredicatesTests",True,True
spring-core/src/test/java/org/springframework/aot/hint/predicate/ReflectionHintsPredicatesTests.java,Rename Method,10,3,1,71362c953c48de7dd428d84ddf660ee03d906a42,247,247,Rename Method package privateConstructorIntrospectionDoesNotMatchIntrospectPublicConstructors() : void renamed to package privateConstructorIntrospectionMatchesTypeHint() : void in class org.springframework.aot.hint.predicate.ReflectionHintsPredicatesTests.ReflectionOnConstructor,True,True
spring-core/src/test/java/org/springframework/aot/hint/predicate/ReflectionHintsPredicatesTests.java,Rename Method,10,3,1,71362c953c48de7dd428d84ddf660ee03d906a42,248,248,Rename Method package methodIntrospectionDoesNotMatchInvokeDeclaredMethods() : void renamed to package methodIntrospectionMatchesTypeHint() : void in class org.springframework.aot.hint.predicate.ReflectionHintsPredicatesTests.ReflectionOnMethod,True,True
spring-core/src/test/java/org/springframework/aot/hint/predicate/ReflectionHintsPredicatesTests.java,Rename Method,10,3,1,71362c953c48de7dd428d84ddf660ee03d906a42,249,249,Rename Method package privateMethodIntrospectionDoesNotMatchInvokePublicMethods() : void renamed to package privateMethodIntrospectionMatchesTypeHint() : void in class org.springframework.aot.hint.predicate.ReflectionHintsPredicatesTests.ReflectionOnMethod,True,True
spring-core/src/test/java/org/springframework/aot/hint/predicate/ReflectionHintsPredicatesTests.java,Rename Method,10,3,1,71362c953c48de7dd428d84ddf660ee03d906a42,250,250,Rename Method package fieldReflectionDoesNotMatchNonRegisteredFielddHint() : void renamed to package privateFieldReflectionMatchesTypeHint() : void in class org.springframework.aot.hint.predicate.ReflectionHintsPredicatesTests.ReflectionOnField,True,True
spring-core/src/test/java/org/springframework/aot/hint/predicate/ReflectionHintsPredicatesTests.java,Rename Method,10,3,1,71362c953c48de7dd428d84ddf660ee03d906a42,251,251,Rename Method package fieldReflectionDoesNotMatchDeclaredFieldsHint() : void renamed to package fieldReflectionMatchesTypeHint() : void in class org.springframework.aot.hint.predicate.ReflectionHintsPredicatesTests.ReflectionOnField,True,True
spring-core/src/test/java/org/springframework/aot/hint/predicate/ReflectionHintsPredicatesTests.java,Rename Method,10,3,1,71362c953c48de7dd428d84ddf660ee03d906a42,252,252,Rename Method package privateFieldReflectionDoesNotMatchPublicFieldsHint() : void renamed to package privateFieldInvocationDoesNotMatchTypeHint() : void in class org.springframework.aot.hint.predicate.ReflectionHintsPredicatesTests.ReflectionOnField,True,True
spring-core/src/test/java/org/springframework/aot/hint/predicate/ReflectionHintsPredicatesTests.java,Move And Rename Method,10,3,1,71362c953c48de7dd428d84ddf660ee03d906a42,253,253,Move And Rename Method package methodIntrospectionDoesNotMatchIntrospectDeclaredMethods() : void from class org.springframework.aot.hint.predicate.ReflectionHintsPredicatesTests.ReflectionOnMethod to package fieldInvocationDoesNotMatchTypeHint() : void from class org.springframework.aot.hint.predicate.ReflectionHintsPredicatesTests.ReflectionOnField,True,True
spring-core/src/test/java/org/springframework/aot/hint/predicate/ReflectionHintsPredicatesTests.java,Move And Rename Method,10,3,1,71362c953c48de7dd428d84ddf660ee03d906a42,254,254,Move And Rename Method package privateMethodIntrospectionDoesNotMatchIntrospectPublicMethods() : void from class org.springframework.aot.hint.predicate.ReflectionHintsPredicatesTests.ReflectionOnMethod to package fieldInvocationDoesNotMatchTypeHint() : void from class org.springframework.aot.hint.predicate.ReflectionHintsPredicatesTests.ReflectionOnField,True,True
spring-core/src/test/java/org/springframework/aot/hint/predicate/ReflectionHintsPredicatesTests.java,Move And Rename Method,10,3,1,71362c953c48de7dd428d84ddf660ee03d906a42,255,255,Move And Rename Method package privateConstructorIntrospectionDoesNotMatchInvokePublicConstructors() : void from class org.springframework.aot.hint.predicate.ReflectionHintsPredicatesTests.ReflectionOnConstructor to package fieldInvocationDoesNotMatchTypeHint() : void from class org.springframework.aot.hint.predicate.ReflectionHintsPredicatesTests.ReflectionOnField,True,True
spring-core-test/src/main/java/org/springframework/aot/test/agent/RuntimeHintsRecorder.java,Add Class Annotation,101,10,1,0759129c14788f733fa7f5b20a0028fb638d2f49,256,256,Add Class Annotation @Deprecated(forRemoval = true) in class org.springframework.aot.test.agent.RuntimeHintsRecorder,True,True
spring-core-test/src/main/java/org/springframework/aot/test/agent/RuntimeHintsRecorder.java,Add Class Annotation,101,10,1,0759129c14788f733fa7f5b20a0028fb638d2f49,257,257,"Add Class Annotation @SuppressWarnings(""removal"") in class org.springframework.aot.test.agent.RuntimeHintsRecorder",True,True
spring-core-test/src/main/java/org/springframework/aot/agent/RuntimeHintsAgent.java,Add Class Annotation,170,10,1,0759129c14788f733fa7f5b20a0028fb638d2f49,258,258,Add Class Annotation @Deprecated(forRemoval = true) in class org.springframework.aot.agent.RuntimeHintsAgent,True,True
spring-core-test/src/test/java/org/springframework/aot/agent/InstrumentedMethodTests.java,Rename Method,10,3,1,0759129c14788f733fa7f5b20a0028fb638d2f49,259,259,Rename Method package classGetConstructorShouldMatchIntrospectPublicConstructorsHint() : void renamed to package classGetConstructorShouldMatchTypeHint() : void in class org.springframework.aot.agent.InstrumentedMethodTests.ConstructorReflectionInstrumentationTests,True,True
spring-core-test/src/test/java/org/springframework/aot/agent/InstrumentedMethodTests.java,Rename Method,10,3,1,0759129c14788f733fa7f5b20a0028fb638d2f49,260,260,Rename Method package classGetConstructorsShouldNotMatchTypeReflectionHint() : void renamed to package classGetConstructorsShouldMatchTypeHint() : void in class org.springframework.aot.agent.InstrumentedMethodTests.ConstructorReflectionInstrumentationTests,True,True
spring-core-test/src/test/java/org/springframework/aot/agent/InstrumentedMethodTests.java,Rename Method,9,3,1,0759129c14788f733fa7f5b20a0028fb638d2f49,261,261,Rename Method package classGetConstructorsShouldNotMatchConstructorReflectionHint() : void renamed to package classGetConstructorsShouldNotMatchWhemMissingTypeHint() : void in class org.springframework.aot.agent.InstrumentedMethodTests.ConstructorReflectionInstrumentationTests,True,True
spring-core-test/src/test/java/org/springframework/aot/agent/InstrumentedMethodTests.java,Rename Method,10,3,1,0759129c14788f733fa7f5b20a0028fb638d2f49,262,262,Rename Method package classGetDeclaredConstructorShouldMatchIntrospectDeclaredConstructorsHint() : void renamed to package classGetDeclaredConstructorShouldMatchTypeHint() : void in class org.springframework.aot.agent.InstrumentedMethodTests.ConstructorReflectionInstrumentationTests,True,True
spring-core-test/src/test/java/org/springframework/aot/agent/InstrumentedMethodTests.java,Rename Method,9,3,1,0759129c14788f733fa7f5b20a0028fb638d2f49,263,263,Rename Method package classGetDeclaredConstructorShouldNotMatchIntrospectPublicConstructorsHint() : void renamed to package classGetDeclaredConstructorShouldNotMatchWhenMissingTypeHint() : void in class org.springframework.aot.agent.InstrumentedMethodTests.ConstructorReflectionInstrumentationTests,True,True
spring-core-test/src/test/java/org/springframework/aot/agent/InstrumentedMethodTests.java,Rename Method,10,3,1,0759129c14788f733fa7f5b20a0028fb638d2f49,264,264,Rename Method package classGetDeclaredConstructorsShouldNotMatchTypeReflectionHint() : void renamed to package classGetDeclaredConstructorsShouldMatchTypeReflectionHint() : void in class org.springframework.aot.agent.InstrumentedMethodTests.ConstructorReflectionInstrumentationTests,True,True
spring-core-test/src/test/java/org/springframework/aot/agent/InstrumentedMethodTests.java,Rename Method,9,3,1,0759129c14788f733fa7f5b20a0028fb638d2f49,265,265,Rename Method package classGetDeclaredConstructorsShouldNotMatchConstructorReflectionHint() : void renamed to package classGetDeclaredConstructorsShouldNotMatchWhenMissingTypeReflectionHint() : void in class org.springframework.aot.agent.InstrumentedMethodTests.ConstructorReflectionInstrumentationTests,True,True
spring-core-test/src/test/java/org/springframework/aot/agent/InstrumentedMethodTests.java,Remove Thrown Exception Type,10,3,1,0759129c14788f733fa7f5b20a0028fb638d2f49,266,266,Remove Thrown Exception Type Exception in method package classGetConstructorsShouldNotMatchConstructorReflectionHint() : void from class org.springframework.aot.agent.InstrumentedMethodTests.ConstructorReflectionInstrumentationTests,True,True
spring-core-test/src/test/java/org/springframework/aot/agent/InstrumentedMethodTests.java,Remove Thrown Exception Type,10,3,1,0759129c14788f733fa7f5b20a0028fb638d2f49,267,267,Remove Thrown Exception Type Exception in method package classGetDeclaredConstructorsShouldNotMatchConstructorReflectionHint() : void from class org.springframework.aot.agent.InstrumentedMethodTests.ConstructorReflectionInstrumentationTests,True,True
spring-core-test/src/test/java/org/springframework/aot/agent/InstrumentedMethodTests.java,Rename Method,10,3,1,0759129c14788f733fa7f5b20a0028fb638d2f49,268,268,Rename Method package classGetDeclaredMethodShouldMatchIntrospectDeclaredMethodsHint() : void renamed to package classGetDeclaredMethodShouldMatchTypeReflectionHint() : void in class org.springframework.aot.agent.InstrumentedMethodTests.MethodReflectionInstrumentationTests,True,True
spring-core-test/src/test/java/org/springframework/aot/agent/InstrumentedMethodTests.java,Rename Method,10,3,1,0759129c14788f733fa7f5b20a0028fb638d2f49,269,269,Rename Method package classGetMethodsShouldNotMatchTypeReflectionHint() : void renamed to package classGetMethodsShouldMatchTypeReflectionHint() : void in class org.springframework.aot.agent.InstrumentedMethodTests.MethodReflectionInstrumentationTests,True,True
spring-core-test/src/test/java/org/springframework/aot/agent/InstrumentedMethodTests.java,Rename Method,10,3,1,0759129c14788f733fa7f5b20a0028fb638d2f49,270,270,Rename Method package classGetMethodShouldMatchIntrospectPublicMethodsHint() : void renamed to package classGetMethodShouldMatchReflectionTypeHint() : void in class org.springframework.aot.agent.InstrumentedMethodTests.MethodReflectionInstrumentationTests,True,True
spring-core-test/src/test/java/org/springframework/aot/agent/InstrumentedMethodTests.java,Rename Method,15,5,1,0759129c14788f733fa7f5b20a0028fb638d2f49,271,271,Rename Method package methodInvokeShouldNotMatchIntrospectHintOnMethod() : void renamed to package methodInvokeShouldNotMatchReflectionTypeHint() : void in class org.springframework.aot.agent.InstrumentedMethodTests.MethodReflectionInstrumentationTests,True,True
spring-core-test/src/test/java/org/springframework/aot/agent/InstrumentedMethodTests.java,Rename Method,10,3,1,0759129c14788f733fa7f5b20a0028fb638d2f49,272,272,Rename Method package classGetDeclaredFieldShouldMatchDeclaredFieldsHint() : void renamed to package classGetDeclaredFieldShouldMatchTypeReflectionHint() : void in class org.springframework.aot.agent.InstrumentedMethodTests.FieldReflectionInstrumentationTests,True,True
spring-core-test/src/test/java/org/springframework/aot/agent/InstrumentedMethodTests.java,Rename Method,10,3,1,0759129c14788f733fa7f5b20a0028fb638d2f49,273,273,Rename Method package classGetDeclaredFieldsShouldNotMatchTypeHint() : void renamed to package classGetDeclaredFieldsShouldMatchTypeReflectionHint() : void in class org.springframework.aot.agent.InstrumentedMethodTests.FieldReflectionInstrumentationTests,True,True
spring-core-test/src/test/java/org/springframework/aot/agent/InstrumentedMethodTests.java,Rename Method,10,3,1,0759129c14788f733fa7f5b20a0028fb638d2f49,274,274,Rename Method package classGetDeclaredFieldsShouldNotMatchFieldHint() : void renamed to package classGetDeclaredFieldsShouldMatchFieldHint() : void in class org.springframework.aot.agent.InstrumentedMethodTests.FieldReflectionInstrumentationTests,True,True
spring-core-test/src/test/java/org/springframework/aot/agent/InstrumentedMethodTests.java,Rename Method,10,3,1,0759129c14788f733fa7f5b20a0028fb638d2f49,275,275,Rename Method package classGetFieldShouldMatchPublicFieldsHint() : void renamed to package classGetFieldShouldMatchTypeReflectionHint() : void in class org.springframework.aot.agent.InstrumentedMethodTests.FieldReflectionInstrumentationTests,True,True
spring-core-test/src/test/java/org/springframework/aot/agent/InstrumentedMethodTests.java,Rename Method,14,4,1,0759129c14788f733fa7f5b20a0028fb638d2f49,276,276,Rename Method package classGetFieldsShouldMatchPublicFieldsHint() : void renamed to package classGetFieldsShouldMatchReflectionHint() : void in class org.springframework.aot.agent.InstrumentedMethodTests.FieldReflectionInstrumentationTests,True,True
spring-core-test/src/test/java/org/springframework/aot/agent/InstrumentedMethodTests.java,Rename Method,10,3,1,0759129c14788f733fa7f5b20a0028fb638d2f49,277,277,Rename Method package classGetFieldsShouldNotMatchTypeHint() : void renamed to package classGetFieldsShouldMatchTypeHint() : void in class org.springframework.aot.agent.InstrumentedMethodTests.FieldReflectionInstrumentationTests,True,True
spring-core-test/src/test/java/org/springframework/aot/agent/InstrumentedMethodTests.java,Rename Method,14,4,1,0759129c14788f733fa7f5b20a0028fb638d2f49,278,278,Rename Method package classGetResourceShouldNotMatchResourcePatternWhenExcluded() : void renamed to package classGetResourceShouldMatchWhenGlobPattern() : void in class org.springframework.aot.agent.InstrumentedMethodTests.ResourcesInstrumentationTests,True,True
spring-core-test/src/test/java/org/springframework/aot/agent/InstrumentedMethodTests.java,Rename Method,11,3,1,0759129c14788f733fa7f5b20a0028fb638d2f49,279,279,Rename Method package classGetClassesShouldNotMatchReflectionOnType() : void renamed to package classForNameShouldNotMatchWhenMissingReflectionOnType() : void in class org.springframework.aot.agent.InstrumentedMethodTests.ClassReflectionInstrumentationTests,True,True
spring-core-test/src/test/java/org/springframework/aot/agent/InstrumentedMethodTests.java,Rename Method,10,3,1,0759129c14788f733fa7f5b20a0028fb638d2f49,280,280,Rename Method package classGetClassesShouldMatchPublicClasses() : void renamed to package classGetClassesShouldMatchReflectionOnType() : void in class org.springframework.aot.agent.InstrumentedMethodTests.ClassReflectionInstrumentationTests,True,True
spring-core-test/src/test/java/org/springframework/aot/agent/InstrumentedMethodTests.java,Rename Method,10,3,1,0759129c14788f733fa7f5b20a0028fb638d2f49,281,281,Rename Method package classGetDeclaredClassesShouldMatchDeclaredClassesHint() : void renamed to package classGetDeclaredClassesShouldMatchReflectionOnType() : void in class org.springframework.aot.agent.InstrumentedMethodTests.ClassReflectionInstrumentationTests,True,True
spring-core-test/src/test/java/org/springframework/aot/agent/InstrumentedMethodTests.java,Rename Method,9,3,1,0759129c14788f733fa7f5b20a0028fb638d2f49,282,282,Rename Method package classGetDeclaredClassesShouldNotMatchPublicClassesHint() : void renamed to package classGetDeclaredClassesShouldNotMatchWhenMissingReflectionOnType() : void in class org.springframework.aot.agent.InstrumentedMethodTests.ClassReflectionInstrumentationTests,True,True
spring-core-test/src/test/java/org/springframework/aot/agent/InstrumentedMethodTests.java,Replace Attribute With Variable,6,2,2,0759129c14788f733fa7f5b20a0028fb638d2f49,283,283,Replace Attribute With Variable stringGetClasses : RecordedInvocation to invocation : RecordedInvocation in method package classForNameShouldNotMatchWhenMissingReflectionOnType() : void from class org.springframework.aot.agent.InstrumentedMethodTests.ClassReflectionInstrumentationTests,True,True
framework-docs/src/main/java/org/springframework/docs/core/aot/hints/testing/SampleReflectionRuntimeHintsTests.java,Add Class Annotation,42,10,1,ba312f6c7cf5a069323c2c732d0be7aa19910067,284,284,"Add Class Annotation @SuppressWarnings(""removal"") in class org.springframework.docs.core.aot.hints.testing.SampleReflectionRuntimeHintsTests",True,True
integration-tests/src/test/java/org/springframework/aot/test/ReflectionInvocationsTests.java,Add Class Annotation,58,10,1,ba312f6c7cf5a069323c2c732d0be7aa19910067,285,285,"Add Class Annotation @SuppressWarnings(""removal"") in class org.springframework.aot.test.ReflectionInvocationsTests",True,True
spring-context/src/test/java/org/springframework/context/generator/ApplicationContextAotGeneratorRuntimeHintsTests.java,Add Class Annotation,166,10,1,ba312f6c7cf5a069323c2c732d0be7aa19910067,286,286,"Add Class Annotation @SuppressWarnings(""removal"") in class org.springframework.context.generator.ApplicationContextAotGeneratorRuntimeHintsTests",True,True
spring-context/src/test/java/org/springframework/aop/aspectj/autoproxy/AspectJAutoProxyCreatorTests.java,Rename Method,32,10,1,172c8b2c3527f5bb8e2a0cb48d0d35302a42766e,287,287,"Rename Method protected doTestAspectsAndAdvisorAreApplied(ac ApplicationContext, shouldBeWeaved ITestBean) : void renamed to protected assertAspectsAndAdvisorAreApplied(ac ApplicationContext, shouldBeWoven ITestBean) : void in class org.springframework.aop.aspectj.autoproxy.AspectJAutoProxyCreatorTests",True,True
spring-context/src/test/java/org/springframework/aop/aspectj/autoproxy/AspectJAutoProxyCreatorTests.java,Rename Variable,4,1,2,172c8b2c3527f5bb8e2a0cb48d0d35302a42766e,288,288,Rename Variable shouldBeWeaved : ITestBean to shouldBeWoven : ITestBean in method package aspectsAndAdvisorAreApplied() : void from class org.springframework.aop.aspectj.autoproxy.AspectJAutoProxyCreatorTests,True,True
spring-context/src/test/java/org/springframework/aop/aspectj/autoproxy/AspectJAutoProxyCreatorTests.java,Rename Variable,4,1,2,172c8b2c3527f5bb8e2a0cb48d0d35302a42766e,289,289,Rename Variable beanFromChildContextThatShouldBeWeaved : ITestBean to beanFromChildContextThatShouldBeWoven : ITestBean in method package aspectsAndAdvisorAreAppliedEvenIfComingFromParentFactory() : void from class org.springframework.aop.aspectj.autoproxy.AspectJAutoProxyCreatorTests,True,True
spring-context/src/test/java/org/springframework/aop/aspectj/autoproxy/AspectJAutoProxyCreatorTests.java,Inline Variable,3,1,1,172c8b2c3527f5bb8e2a0cb48d0d35302a42766e,290,290,Inline Variable attempts : int in method package retryAspect() : void from class org.springframework.aop.aspectj.autoproxy.AspectJAutoProxyCreatorTests,True,True
spring-context/src/test/java/org/springframework/aop/aspectj/autoproxy/AspectJAutoProxyCreatorTests.java,Rename Parameter,8,2,4,172c8b2c3527f5bb8e2a0cb48d0d35302a42766e,291,291,"Rename Parameter shouldBeWeaved : ITestBean to shouldBeWoven : ITestBean in method protected assertAspectsAndAdvisorAreApplied(ac ApplicationContext, shouldBeWoven ITestBean) : void from class org.springframework.aop.aspectj.autoproxy.AspectJAutoProxyCreatorTests",True,True
spring-tx/src/test/java/org/springframework/transaction/interceptor/BeanFactoryTransactionTests.java,Rename Method,11,3,1,172c8b2c3527f5bb8e2a0cb48d0d35302a42766e,292,292,Rename Method package setUp() : void renamed to package loadBeanDefinitions() : void in class org.springframework.transaction.interceptor.BeanFactoryTransactionTests,True,True
spring-tx/src/test/java/org/springframework/transaction/interceptor/BeanFactoryTransactionTests.java,Rename Method,15,5,1,172c8b2c3527f5bb8e2a0cb48d0d35302a42766e,293,293,Rename Method package testGetsAreNotTransactionalWithProxyFactory1() : void renamed to package getsAreNotTransactionalWithProxyFactory1() : void in class org.springframework.transaction.interceptor.BeanFactoryTransactionTests,True,True
spring-tx/src/test/java/org/springframework/transaction/interceptor/BeanFactoryTransactionTests.java,Rename Method,17,5,1,172c8b2c3527f5bb8e2a0cb48d0d35302a42766e,294,294,Rename Method package testGetsAreNotTransactionalWithProxyFactory2DynamicProxy() : void renamed to package getsAreNotTransactionalWithProxyFactory2DynamicProxy() : void in class org.springframework.transaction.interceptor.BeanFactoryTransactionTests,True,True
spring-tx/src/test/java/org/springframework/transaction/interceptor/BeanFactoryTransactionTests.java,Rename Method,15,5,1,172c8b2c3527f5bb8e2a0cb48d0d35302a42766e,295,295,Rename Method package testGetsAreNotTransactionalWithProxyFactory2Cglib() : void renamed to package getsAreNotTransactionalWithProxyFactory2Cglib() : void in class org.springframework.transaction.interceptor.BeanFactoryTransactionTests,True,True
spring-tx/src/test/java/org/springframework/transaction/interceptor/BeanFactoryTransactionTests.java,Rename Method,14,4,1,172c8b2c3527f5bb8e2a0cb48d0d35302a42766e,296,296,Rename Method package testProxyFactory2Lazy() : void renamed to package proxyFactory2Lazy() : void in class org.springframework.transaction.interceptor.BeanFactoryTransactionTests,True,True
spring-tx/src/test/java/org/springframework/transaction/interceptor/BeanFactoryTransactionTests.java,Rename Method,31,10,1,172c8b2c3527f5bb8e2a0cb48d0d35302a42766e,297,297,Rename Method package testCglibTransactionProxyImplementsNoInterfaces() : void renamed to package cglibTransactionProxyImplementsNoInterfaces() : void in class org.springframework.transaction.interceptor.BeanFactoryTransactionTests,True,True
spring-tx/src/test/java/org/springframework/transaction/interceptor/BeanFactoryTransactionTests.java,Rename Method,48,10,1,172c8b2c3527f5bb8e2a0cb48d0d35302a42766e,298,298,Rename Method package testGetsAreNotTransactionalWithProxyFactory3() : void renamed to package getsAreNotTransactionalWithProxyFactory3() : void in class org.springframework.transaction.interceptor.BeanFactoryTransactionTests,True,True
spring-tx/src/test/java/org/springframework/transaction/interceptor/BeanFactoryTransactionTests.java,Rename Method,84,10,1,172c8b2c3527f5bb8e2a0cb48d0d35302a42766e,299,299,Rename Method private doTestGetsAreNotTransactional(testBean ITestBean) : void renamed to private assertGetsAreNotTransactional(testBean ITestBean) : void in class org.springframework.transaction.interceptor.BeanFactoryTransactionTests,True,True
spring-tx/src/test/java/org/springframework/transaction/interceptor/BeanFactoryTransactionTests.java,Rename Method,10,3,1,172c8b2c3527f5bb8e2a0cb48d0d35302a42766e,300,300,Rename Method package testGetBeansOfTypeWithAbstract() : void renamed to package getBeansOfTypeWithAbstract() : void in class org.springframework.transaction.interceptor.BeanFactoryTransactionTests,True,True
spring-tx/src/test/java/org/springframework/transaction/interceptor/BeanFactoryTransactionTests.java,Rename Method,20,6,1,172c8b2c3527f5bb8e2a0cb48d0d35302a42766e,301,301,Rename Method package testNoTransactionAttributeSource() : void renamed to package noTransactionAttributeSource() : void in class org.springframework.transaction.interceptor.BeanFactoryTransactionTests,True,True
spring-tx/src/test/java/org/springframework/transaction/interceptor/BeanFactoryTransactionTests.java,Rename Method,54,10,1,172c8b2c3527f5bb8e2a0cb48d0d35302a42766e,302,302,Rename Method package testDynamicTargetSource() : void renamed to package dynamicTargetSource() : void in class org.springframework.transaction.interceptor.BeanFactoryTransactionTests,True,True
spring-tx/src/test/java/org/springframework/transaction/interceptor/BeanFactoryTransactionTests.java,Add Attribute Modifier,2,1,1,172c8b2c3527f5bb8e2a0cb48d0d35302a42766e,303,303,Add Attribute Modifier final in attribute private factory : DefaultListableBeanFactory from class org.springframework.transaction.interceptor.BeanFactoryTransactionTests,True,True
spring-tx/src/test/java/org/springframework/transaction/interceptor/BeanFactoryTransactionTests.java,Rename Variable,6,2,3,172c8b2c3527f5bb8e2a0cb48d0d35302a42766e,304,304,Rename Variable txnCounter : InvocationCounterPointcut to txnPointcut : InvocationCounterPointcut in method package getsAreNotTransactionalWithProxyFactory3() : void from class org.springframework.transaction.interceptor.BeanFactoryTransactionTests,True,True
spring-tx/src/test/java/org/springframework/transaction/interceptor/BeanFactoryTransactionTests.java,Rename Variable,8,2,4,172c8b2c3527f5bb8e2a0cb48d0d35302a42766e,305,305,Rename Variable postCounter : InvocationCounterInterceptor to postInterceptor : InvocationCounterInterceptor in method package getsAreNotTransactionalWithProxyFactory3() : void from class org.springframework.transaction.interceptor.BeanFactoryTransactionTests,True,True
spring-tx/src/test/java/org/springframework/transaction/interceptor/BeanFactoryTransactionTests.java,Rename Variable,8,2,4,172c8b2c3527f5bb8e2a0cb48d0d35302a42766e,306,306,Rename Variable preCounter : InvocationCounterInterceptor to preInterceptor : InvocationCounterInterceptor in method package getsAreNotTransactionalWithProxyFactory3() : void from class org.springframework.transaction.interceptor.BeanFactoryTransactionTests,True,True
spring-tx/src/test/java/org/springframework/transaction/interceptor/BeanFactoryTransactionTests.java,Remove Variable Modifier,81,10,2,320831b18ad7e8f0d0f0e9072f287ba699e96a21,307,307,Remove Variable Modifier final in variable ts : TransactionStatus in method private assertGetsAreNotTransactional(testBean ITestBean) : void from class org.springframework.transaction.interceptor.BeanFactoryTransactionTests,True,True
spring-tx/src/test/java/org/springframework/transaction/interceptor/BeanFactoryTransactionTests.java,Remove Parameter Modifier,81,10,2,320831b18ad7e8f0d0f0e9072f287ba699e96a21,308,308,Remove Parameter Modifier final in parameter testBean : ITestBean in method private assertGetsAreNotTransactional(testBean ITestBean) : void from class org.springframework.transaction.interceptor.BeanFactoryTransactionTests,True,True
spring-context/src/test/java/org/springframework/context/annotation/ClassPathScanningCandidateComponentProviderTests.java,Remove Parameter,34,10,1,949432ce8b22c830480fea27ab9d40fe299a5e44,309,309,"Remove Parameter includeScannedJavaxComponents : boolean in method private testDefault(provider ClassPathScanningCandidateComponentProvider, basePackage String, includeScannedJakartaComponents boolean, includeScannedJavaxComponents boolean, includeIndexedComponents boolean) : void from class org.springframework.context.annotation.ClassPathScanningCandidateComponentProviderTests",True,True
spring-messaging/src/main/java/org/springframework/messaging/converter/AbstractJsonMessageConverter.java,Add Thrown Exception Type,3,1,1,949432ce8b22c830480fea27ab9d40fe299a5e44,310,310,"Add Thrown Exception Type IOException in method protected abstract fromJson(reader Reader, resolvedType Type) : Object from class org.springframework.messaging.converter.AbstractJsonMessageConverter",True,True
spring-messaging/src/main/java/org/springframework/messaging/converter/AbstractJsonMessageConverter.java,Add Thrown Exception Type,3,1,1,949432ce8b22c830480fea27ab9d40fe299a5e44,311,311,"Add Thrown Exception Type IOException in method protected abstract toJson(payload Object, resolvedType Type, writer Writer) : void from class org.springframework.messaging.converter.AbstractJsonMessageConverter",True,True
spring-messaging/src/main/java/org/springframework/messaging/converter/GsonMessageConverter.java,Add Thrown Exception Type,20,6,1,949432ce8b22c830480fea27ab9d40fe299a5e44,312,312,"Add Thrown Exception Type IOException in method protected toJson(payload Object, resolvedType Type, writer Writer) : void from class org.springframework.messaging.converter.GsonMessageConverter",True,True
spring-messaging/src/main/java/org/springframework/messaging/converter/KotlinSerializationJsonMessageConverter.java,Add Thrown Exception Type,15,5,1,949432ce8b22c830480fea27ab9d40fe299a5e44,313,313,"Add Thrown Exception Type IOException in method protected toJson(payload Object, resolvedType Type, writer Writer) : void from class org.springframework.messaging.converter.KotlinSerializationJsonMessageConverter",True,True
spring-orm/src/main/java/org/springframework/orm/hibernate5/LocalSessionFactoryBean.java,Change Attribute Type,2,1,1,949432ce8b22c830480fea27ab9d40fe299a5e44,314,314,Change Attribute Type multiTenantConnectionProvider : MultiTenantConnectionProvider to multiTenantConnectionProvider : MultiTenantConnectionProvider<?> in class org.springframework.orm.hibernate5.LocalSessionFactoryBean,True,True
spring-orm/src/main/java/org/springframework/orm/hibernate5/LocalSessionFactoryBean.java,Change Attribute Type,2,1,1,949432ce8b22c830480fea27ab9d40fe299a5e44,315,315,Change Attribute Type currentTenantIdentifierResolver : CurrentTenantIdentifierResolver to currentTenantIdentifierResolver : CurrentTenantIdentifierResolver<Object> in class org.springframework.orm.hibernate5.LocalSessionFactoryBean,True,True
spring-orm/src/main/java/org/springframework/orm/hibernate5/LocalSessionFactoryBean.java,Change Parameter Type,4,1,2,949432ce8b22c830480fea27ab9d40fe299a5e44,316,316,Change Parameter Type multiTenantConnectionProvider : MultiTenantConnectionProvider to multiTenantConnectionProvider : MultiTenantConnectionProvider<?> in method public setMultiTenantConnectionProvider(multiTenantConnectionProvider MultiTenantConnectionProvider<?>) : void from class org.springframework.orm.hibernate5.LocalSessionFactoryBean,True,True
spring-orm/src/main/java/org/springframework/orm/hibernate5/LocalSessionFactoryBean.java,Change Parameter Type,4,1,2,949432ce8b22c830480fea27ab9d40fe299a5e44,317,317,Change Parameter Type currentTenantIdentifierResolver : CurrentTenantIdentifierResolver to currentTenantIdentifierResolver : CurrentTenantIdentifierResolver<Object> in method public setCurrentTenantIdentifierResolver(currentTenantIdentifierResolver CurrentTenantIdentifierResolver<Object>) : void from class org.springframework.orm.hibernate5.LocalSessionFactoryBean,True,True
spring-orm/src/main/java/org/springframework/orm/hibernate5/LocalSessionFactoryBuilder.java,Change Parameter Type,4,1,2,949432ce8b22c830480fea27ab9d40fe299a5e44,318,318,Change Parameter Type multiTenantConnectionProvider : MultiTenantConnectionProvider to multiTenantConnectionProvider : MultiTenantConnectionProvider<?> in method public setMultiTenantConnectionProvider(multiTenantConnectionProvider MultiTenantConnectionProvider<?>) : LocalSessionFactoryBuilder from class org.springframework.orm.hibernate5.LocalSessionFactoryBuilder,True,True
spring-orm/src/main/java/org/springframework/orm/hibernate5/LocalSessionFactoryBuilder.java,Change Parameter Type,6,2,3,949432ce8b22c830480fea27ab9d40fe299a5e44,319,319,Change Parameter Type currentTenantIdentifierResolver : CurrentTenantIdentifierResolver to currentTenantIdentifierResolver : CurrentTenantIdentifierResolver<Object> in method public setCurrentTenantIdentifierResolver(currentTenantIdentifierResolver CurrentTenantIdentifierResolver<Object>) : LocalSessionFactoryBuilder from class org.springframework.orm.hibernate5.LocalSessionFactoryBuilder,True,True
spring-orm/src/main/java/org/springframework/orm/hibernate5/LocalSessionFactoryBuilder.java,Change Return Type,23,7,2,949432ce8b22c830480fea27ab9d40fe299a5e44,320,320,Change Return Type void to LocalSessionFactoryBuilder in method public setCurrentTenantIdentifierResolver(currentTenantIdentifierResolver CurrentTenantIdentifierResolver<Object>) : LocalSessionFactoryBuilder from class org.springframework.orm.hibernate5.LocalSessionFactoryBuilder,True,True
spring-orm/src/main/java/org/springframework/orm/hibernate5/SessionFactoryUtils.java,Change Variable Type,16,5,3,949432ce8b22c830480fea27ab9d40fe299a5e44,321,321,"Change Variable Type props : Map<?,?> to props : Map<String,Object> in method public getDataSource(sessionFactory SessionFactory) : DataSource from class org.springframework.orm.hibernate5.SessionFactoryUtils",True,True
spring-orm/src/main/java/org/springframework/orm/jpa/ExtendedEntityManagerCreator.java,Add Method Annotation,44,10,1,949432ce8b22c830480fea27ab9d40fe299a5e44,322,322,"Add Method Annotation @SuppressWarnings(""removal"") in method private createProxy(rawEntityManager EntityManager, emfInfo EntityManagerFactoryInfo, containerManaged boolean, synchronizedWithTransaction boolean) : EntityManager from class org.springframework.orm.jpa.ExtendedEntityManagerCreator",True,True
spring-orm/src/main/java/org/springframework/orm/jpa/persistenceunit/MutablePersistenceUnitInfo.java,Add Class Annotation,544,10,1,949432ce8b22c830480fea27ab9d40fe299a5e44,323,323,"Add Class Annotation @SuppressWarnings(""removal"") in class org.springframework.orm.jpa.persistenceunit.MutablePersistenceUnitInfo",True,True
spring-orm/src/test/java/org/springframework/orm/jpa/persistenceunit/PersistenceManagedTypesBeanRegistrationAotProcessorTests.java,Remove Method Annotation,16,5,1,949432ce8b22c830480fea27ab9d40fe299a5e44,324,324,Remove Method Annotation @Test in method package contributeHibernateHints() : void from class org.springframework.orm.jpa.persistenceunit.PersistenceManagedTypesBeanRegistrationAotProcessorTests,True,True
spring-orm/src/main/java/org/springframework/orm/jpa/persistenceunit/PersistenceUnitReader.java,Add Method Annotation,134,10,1,949432ce8b22c830480fea27ab9d40fe299a5e44,325,325,"Add Method Annotation @SuppressWarnings(""removal"") in method package parsePersistenceUnitInfo(persistenceUnit Element, version String, rootUrl URL) : SpringPersistenceUnitInfo from class org.springframework.orm.jpa.persistenceunit.PersistenceUnitReader",True,True
spring-orm/src/main/java/org/springframework/orm/jpa/vendor/HibernateJpaVendorAdapter.java,Add Method Annotation,12,4,1,949432ce8b22c830480fea27ab9d40fe299a5e44,326,326,"Add Method Annotation @SuppressWarnings(""removal"") in method public getJpaPropertyMap(pui PersistenceUnitInfo) : Map<String,Object> from class org.springframework.orm.jpa.vendor.HibernateJpaVendorAdapter",True,True
spring-orm/src/main/java/org/springframework/orm/jpa/vendor/HibernateJpaVendorAdapter.java,Remove Method Annotation,63,10,1,949432ce8b22c830480fea27ab9d40fe299a5e44,327,327,"Remove Method Annotation @SuppressWarnings(""deprecation"") in method protected determineDatabaseDialectClass(database Database) : Class<?> from class org.springframework.orm.jpa.vendor.HibernateJpaVendorAdapter",True,True
spring-orm/src/test/java/org/springframework/orm/jpa/LocalContainerEntityManagerFactoryBeanTests.java,Modify Class Annotation,642,10,2,949432ce8b22c830480fea27ab9d40fe299a5e44,328,328,"Modify Class Annotation @SuppressWarnings(""rawtypes"") to @SuppressWarnings({""rawtypes"",""removal""}) in class org.springframework.orm.jpa.LocalContainerEntityManagerFactoryBeanTests",True,True
spring-orm/src/test/java/org/springframework/orm/jpa/persistenceunit/PersistenceXmlParsingTests.java,Add Class Annotation,610,10,1,949432ce8b22c830480fea27ab9d40fe299a5e44,329,329,"Add Class Annotation @SuppressWarnings(""removal"") in class org.springframework.orm.jpa.persistenceunit.PersistenceXmlParsingTests",True,True
spring-context/src/main/java/org/springframework/scheduling/annotation/ScheduledAnnotationReactiveSupport.java,Add Parameter,26,8,1,d990449b0d68bf7a04154dcaa1ab8e6605a5053e,330,330,"Add Parameter displayName : String in method package SubscribingRunnable(publisher Publisher<?>, shouldBlock boolean, qualifier String, subscriptionTrackerRegistry List<Runnable>, displayName String, observationRegistrySupplier Supplier<ObservationRegistry>, contextSupplier Supplier<ScheduledTaskObservationContext>) from class org.springframework.scheduling.annotation.ScheduledAnnotationReactiveSupport.SubscribingRunnable",True,True
spring-context/src/test/java/org/springframework/validation/DataBinderConstructTests.java,Change Class Access Modifier,42,10,1,d41d674c4f192516b43d1d79c93619507f79ce1b,331,331,Change Class Access Modifier private to package in class org.springframework.validation.DataBinderConstructTests.NestedDataClass,True,True
spring-orm/src/test/java/org/springframework/orm/jpa/hibernate/HibernateNativeEntityManagerFactoryIntegrationTests.java,Inline Variable,7,2,3,d41d674c4f192516b43d1d79c93619507f79ce1b,332,332,Inline Variable people : List<Person> in method public testCurrentSession() : void from class org.springframework.orm.jpa.hibernate.HibernateNativeEntityManagerFactoryIntegrationTests,True,True
spring-orm/src/test/java/org/springframework/orm/jpa/hibernate/HibernateNativeEntityManagerFactoryIntegrationTests.java,Change Variable Type,2,1,1,d41d674c4f192516b43d1d79c93619507f79ce1b,333,333,Change Variable Type q : Query to q : Query<Person> in method public testCurrentSession() : void from class org.springframework.orm.jpa.hibernate.HibernateNativeEntityManagerFactoryIntegrationTests,True,True
spring-orm/src/test/java/org/springframework/orm/jpa/hibernate/HibernateNativeEntityManagerFactoryIntegrationTests.java,Remove Method Annotation,23,7,1,d41d674c4f192516b43d1d79c93619507f79ce1b,334,334,"Remove Method Annotation @SuppressWarnings({""unchecked"",""rawtypes""}) in method public testCurrentSession() : void from class org.springframework.orm.jpa.hibernate.HibernateNativeEntityManagerFactoryIntegrationTests",True,True
spring-orm/src/test/java/org/springframework/orm/jpa/hibernate/HibernateNativeEntityManagerFactorySpringBeanContainerIntegrationTests.java,Add Method Annotation,12,4,1,d41d674c4f192516b43d1d79c93619507f79ce1b,335,335,"Add Method Annotation @SuppressWarnings(""deprecation"") in method private getManagedBeanRegistry() : ManagedBeanRegistry from class org.springframework.orm.jpa.hibernate.HibernateNativeEntityManagerFactorySpringBeanContainerIntegrationTests",True,True
spring-web/src/test/java/org/springframework/web/bind/support/WebExchangeDataBinderTests.java,Change Class Access Modifier,42,10,1,d41d674c4f192516b43d1d79c93619507f79ce1b,336,336,Change Class Access Modifier private to package in class org.springframework.web.bind.support.WebExchangeDataBinderTests.MultipartDataClass,True,True
spring-web/src/main/java/org/springframework/http/server/reactive/ServletServerHttpResponse.java,Remove Parameter,11,3,1,342369355d1954bf03171ee8b18950fecb328d2d,337,337,"Remove Parameter bufferSize : int in method public ServletServerHttpResponse(response HttpServletResponse, asyncContext AsyncContext, bufferFactory DataBufferFactory, bufferSize int, request ServletServerHttpRequest) from class org.springframework.http.server.reactive.ServletServerHttpResponse",True,True
spring-web/src/main/java/org/springframework/http/server/reactive/ServletServerHttpResponse.java,Remove Parameter,37,10,1,342369355d1954bf03171ee8b18950fecb328d2d,338,338,"Remove Parameter bufferSize : int in method public ServletServerHttpResponse(headers HttpHeaders, response HttpServletResponse, asyncContext AsyncContext, bufferFactory DataBufferFactory, bufferSize int, request ServletServerHttpRequest) from class org.springframework.http.server.reactive.ServletServerHttpResponse",True,True
spring-web/src/main/java/org/springframework/http/server/reactive/TomcatHttpHandlerAdapter.java,Remove Parameter,11,3,1,342369355d1954bf03171ee8b18950fecb328d2d,339,339,"Remove Parameter bufferSize : int in method package TomcatServerHttpResponse(response HttpServletResponse, context AsyncContext, factory DataBufferFactory, bufferSize int, request ServletServerHttpRequest) from class org.springframework.http.server.reactive.TomcatHttpHandlerAdapter.TomcatServerHttpResponse",True,True
spring-websocket/src/main/java/org/springframework/web/socket/server/standard/StandardWebSocketUpgradeStrategy.java,Rename Method,73,10,1,3f3341bb1d6bc43ba43da5b8f32fed79c3796222,340,340,"Rename Method protected upgradeInternal(request ServerHttpRequest, response ServerHttpResponse, selectedProtocol String, selectedExtensions List<Extension>, endpoint Endpoint) : void renamed to public upgrade(request ServerHttpRequest, response ServerHttpResponse, selectedProtocol String, selectedExtensions List<WebSocketExtension>, user Principal, wsHandler WebSocketHandler, attrs Map<String,Object>) : void in class org.springframework.web.socket.server.standard.StandardWebSocketUpgradeStrategy",True,True
spring-websocket/src/main/java/org/springframework/web/socket/server/standard/StandardWebSocketUpgradeStrategy.java,Inline Method,82,10,3,3f3341bb1d6bc43ba43da5b8f32fed79c3796222,341,341,"Inline Method protected upgradeHttpToWebSocket(request HttpServletRequest, response HttpServletResponse, endpointConfig ServerEndpointConfig, pathParams Map<String,String>) : void inlined to public upgrade(request ServerHttpRequest, response ServerHttpResponse, selectedProtocol String, selectedExtensions List<WebSocketExtension>, user Principal, wsHandler WebSocketHandler, attrs Map<String,Object>) : void in class org.springframework.web.socket.server.standard.StandardWebSocketUpgradeStrategy",True,True
spring-websocket/src/main/java/org/springframework/web/socket/server/standard/StandardWebSocketUpgradeStrategy.java,Localize Parameter,4,1,2,3f3341bb1d6bc43ba43da5b8f32fed79c3796222,342,342,"Localize Parameter endpoint : Endpoint to endpoint : StandardWebSocketHandlerAdapter in method public upgrade(request ServerHttpRequest, response ServerHttpResponse, selectedProtocol String, selectedExtensions List<WebSocketExtension>, user Principal, wsHandler WebSocketHandler, attrs Map<String,Object>) : void from class org.springframework.web.socket.server.standard.StandardWebSocketUpgradeStrategy",True,True
spring-websocket/src/main/java/org/springframework/web/socket/server/standard/StandardWebSocketUpgradeStrategy.java,Change Variable Type,4,1,2,3f3341bb1d6bc43ba43da5b8f32fed79c3796222,343,343,"Change Variable Type endpoint : Endpoint to endpoint : StandardWebSocketHandlerAdapter in method public upgrade(request ServerHttpRequest, response ServerHttpResponse, selectedProtocol String, selectedExtensions List<WebSocketExtension>, user Principal, wsHandler WebSocketHandler, attrs Map<String,Object>) : void from class org.springframework.web.socket.server.standard.StandardWebSocketUpgradeStrategy",True,True
spring-websocket/src/main/java/org/springframework/web/socket/server/standard/StandardWebSocketUpgradeStrategy.java,Change Parameter Type,2,1,1,3f3341bb1d6bc43ba43da5b8f32fed79c3796222,344,344,"Change Parameter Type selectedExtensions : List<Extension> to selectedExtensions : List<WebSocketExtension> in method public upgrade(request ServerHttpRequest, response ServerHttpResponse, selectedProtocol String, selectedExtensions List<WebSocketExtension>, user Principal, wsHandler WebSocketHandler, attrs Map<String,Object>) : void from class org.springframework.web.socket.server.standard.StandardWebSocketUpgradeStrategy",True,True
spring-websocket/src/main/java/org/springframework/web/socket/server/standard/StandardWebSocketUpgradeStrategy.java,Add Parameter,74,10,1,3f3341bb1d6bc43ba43da5b8f32fed79c3796222,345,345,"Add Parameter user : Principal in method public upgrade(request ServerHttpRequest, response ServerHttpResponse, selectedProtocol String, selectedExtensions List<WebSocketExtension>, user Principal, wsHandler WebSocketHandler, attrs Map<String,Object>) : void from class org.springframework.web.socket.server.standard.StandardWebSocketUpgradeStrategy",True,True
spring-websocket/src/main/java/org/springframework/web/socket/server/standard/StandardWebSocketUpgradeStrategy.java,Add Parameter,74,10,1,3f3341bb1d6bc43ba43da5b8f32fed79c3796222,346,346,"Add Parameter wsHandler : WebSocketHandler in method public upgrade(request ServerHttpRequest, response ServerHttpResponse, selectedProtocol String, selectedExtensions List<WebSocketExtension>, user Principal, wsHandler WebSocketHandler, attrs Map<String,Object>) : void from class org.springframework.web.socket.server.standard.StandardWebSocketUpgradeStrategy",True,True
spring-websocket/src/main/java/org/springframework/web/socket/server/standard/StandardWebSocketUpgradeStrategy.java,Add Parameter,74,10,1,3f3341bb1d6bc43ba43da5b8f32fed79c3796222,347,347,"Add Parameter attrs : Map<String,Object> in method public upgrade(request ServerHttpRequest, response ServerHttpResponse, selectedProtocol String, selectedExtensions List<WebSocketExtension>, user Principal, wsHandler WebSocketHandler, attrs Map<String,Object>) : void from class org.springframework.web.socket.server.standard.StandardWebSocketUpgradeStrategy",True,True
spring-websocket/src/main/java/org/springframework/web/socket/server/standard/StandardWebSocketUpgradeStrategy.java,Change Method Access Modifier,73,10,1,3f3341bb1d6bc43ba43da5b8f32fed79c3796222,348,348,"Change Method Access Modifier protected to public in method public upgrade(request ServerHttpRequest, response ServerHttpResponse, selectedProtocol String, selectedExtensions List<WebSocketExtension>, user Principal, wsHandler WebSocketHandler, attrs Map<String,Object>) : void from class org.springframework.web.socket.server.standard.StandardWebSocketUpgradeStrategy",True,True
spring-websocket/src/test/java/org/springframework/web/socket/sockjs/client/AbstractSockJsIntegrationTests.java,Remove Method Modifier,4,1,1,3f3341bb1d6bc43ba43da5b8f32fed79c3796222,349,349,Remove Method Modifier abstract in method protected abstract upgradeStrategyConfigClass() : Class<?> from class org.springframework.web.socket.sockjs.client.AbstractSockJsIntegrationTests,True,True
